datetime,US_BFT_Value
2014-12-31,0.0
2015-01-01,-0.0030000000000000027
2015-01-02,-0.004963919420739704
2015-01-03,-0.004963919420739704
2015-01-04,-0.004963919420739704
2015-01-05,-0.02014302821237357
2015-01-06,-0.02380739973362289
2015-01-07,-0.008011875185354622
2015-01-08,0.006011699395714443
2015-01-09,-0.004781600433795941
2015-01-10,-0.004781600433795941
2015-01-11,-0.004781600433795941
2015-01-12,-0.00585331685287005
2015-01-13,-0.012514536519322106
2015-01-14,-0.026351877656911937
2015-01-15,-0.03195611257581188
2015-01-16,-0.022474790121317145
2015-01-17,-0.022474790121317145
2015-01-18,-0.022474790121317145
2015-01-19,-0.022474790121317145
2015-01-20,-0.025774477071933366
2015-01-21,-0.019457968385626523
2015-01-22,-0.01044944154144345
2015-01-23,-0.01229698824611547
2015-01-24,-0.01229698824611547
2015-01-25,-0.01229698824611547
2015-01-26,-0.0031241249983348096
2015-01-27,-0.0060347500021398215
2015-01-28,-0.017291875123494505
2015-01-29,-0.012209588052975562
2015-01-30,-0.018391556232213446
2015-01-31,-0.018391556232213446
2015-02-01,-0.018391556232213446
2015-02-02,-0.010045154210534979
2015-02-03,0.007107479817570539
2015-02-04,0.019725934685802082
2015-02-05,0.03307374540183727
2015-02-06,0.030558326583164597
2015-02-07,0.030558326583164597
2015-02-08,0.030558326583164597
2015-02-09,0.026439688973345143
2015-02-10,0.04406155052267513
2015-02-11,0.04279593579606633
2015-02-12,0.03358769585591137
2015-02-13,0.03951167688662882
2015-02-14,0.03951167688662882
2015-02-15,0.03951167688662882
2015-02-16,0.03951167688662882
2015-02-17,0.036211907423861156
2015-02-18,0.037453832028075285
2015-02-19,0.03642183946724642
2015-02-20,0.04042554671422871
2015-02-21,0.04042554671422871
2015-02-22,0.04042554671422871
2015-02-23,0.040308580603844346
2015-02-24,0.0422600401351374
2015-02-25,0.03859521006531841
2015-02-26,0.033968780339997506
2015-02-27,0.027023949757030374
2015-02-28,0.027023949757030374
2015-03-01,0.027023949757030374
2015-03-02,0.029178417415126168
2015-03-03,0.027465264024244984
2015-03-04,0.02602516200443472
2015-03-05,0.0423592647339861
2015-03-06,0.02858345081248581
2015-03-07,0.02858345081248581
2015-03-08,0.02858345081248581
2015-03-09,0.039729507501972794
2015-03-10,0.029703852226987904
2015-03-11,0.03258724184828865
2015-03-12,0.050912124506998335
2015-03-13,0.04651230545621221
2015-03-14,0.04651230545621221
2015-03-15,0.04651230545621221
2015-03-16,0.05302705591989754
2015-03-17,0.04640509791781677
2015-03-18,0.05460282137279582
2015-03-19,0.05393556461414328
2015-03-20,0.061009800199653075
2015-03-21,0.061009800199653075
2015-03-22,0.061009800199653075
2015-03-23,0.06391465180545364
2015-03-24,0.06005131743968395
2015-03-25,0.04546222245392828
2015-03-26,0.0425123792010893
2015-03-27,0.04978691800272683
2015-03-28,0.04978691800272683
2015-03-29,0.04978691800272683
2015-03-30,0.06376819366106035
2015-03-31,0.05457212357404462
2015-04-01,0.04714671805652615
2015-04-02,0.06309468834101017
2015-04-03,0.06309468834101017
2015-04-04,0.06309468834101017
2015-04-05,0.06309468834101017
2015-04-06,0.06751096930370659
2015-04-07,0.06738258074113634
2015-04-08,0.060649990414433974
2015-04-09,0.057133498360665946
2015-04-10,0.0633871461390565
2015-04-11,0.0633871461390565
2015-04-12,0.0633871461390565
2015-04-13,0.06065033125036612
2015-04-14,0.06641458736616501
2015-04-15,0.0697012158948489
2015-04-16,0.06610550177567798
2015-04-17,0.05831671834911467
2015-04-18,0.05831671834911467
2015-04-19,0.05831671834911467
2015-04-20,0.0736172686985519
2015-04-21,0.06554689384564383
2015-04-22,0.06722561811673167
2015-04-23,0.0767268171941149
2015-04-24,0.08813968961478835
2015-04-25,0.08813968961478835
2015-04-26,0.08813968961478835
2015-04-27,0.08599259433443018
2015-04-28,0.08571008793264068
2015-04-29,0.08085294536154852
2015-04-30,0.07074424175004879
2015-05-01,0.07483699116246267
2015-05-02,0.07483699116246267
2015-05-03,0.07483699116246267
2015-05-04,0.07726786869849822
2015-05-05,0.0649715977184131
2015-05-06,0.0637587860405957
2015-05-07,0.05892603495416937
2015-05-08,0.06309948205426807
2015-05-09,0.06309948205426807
2015-05-10,0.06309948205426807
2015-05-11,0.06491589648318619
2015-05-12,0.058523789873768495
2015-05-13,0.06564961279496084
2015-05-14,0.07064027079123947
2015-05-15,0.07469609889693385
2015-05-16,0.07469609889693385
2015-05-17,0.07469609889693385
2015-05-18,0.07749811913612015
2015-05-19,0.07025666314665613
2015-05-20,0.0701033455690856
2015-05-21,0.07346325760732442
2015-05-22,0.07021913436942295
2015-05-23,0.07021913436942295
2015-05-24,0.07021913436942295
2015-05-25,0.07021913436942295
2015-05-26,0.06013372391253746
2015-05-27,0.06361788143508429
2015-05-28,0.06674288873685463
2015-05-29,0.05943812494055689
2015-05-30,0.05943812494055689
2015-05-31,0.05943812494055689
2015-06-01,0.05525139838588777
2015-06-02,0.05960416846473904
2015-06-03,0.06639214600806453
2015-06-04,0.054003268059514165
2015-06-05,0.05227123371855025
2015-06-06,0.05227123371855025
2015-06-07,0.05227123371855025
2015-06-08,0.04860358923995345
2015-06-09,0.04804416168769032
2015-06-10,0.05814096810492253
2015-06-11,0.06278811890622826
2015-06-12,0.05442740132227675
2015-06-13,0.05442740132227675
2015-06-14,0.05442740132227675
2015-06-15,0.047361604766885
2015-06-16,0.04881775836953395
2015-06-17,0.04708723876237664
2015-06-18,0.05718512482748617
2015-06-19,0.05659867562441434
2015-06-20,0.05659867562441434
2015-06-21,0.05659867562441434
2015-06-22,0.06440098332236777
2015-06-23,0.07070022074544768
2015-06-24,0.06367730145822548
2015-06-25,0.06428293650039474
2015-06-26,0.06691116630977256
2015-06-27,0.06691116630977256
2015-06-28,0.06691116630977256
2015-06-29,0.043354213096769456
2015-06-30,0.04358161681688899
2015-07-01,0.0564650992861806
2015-07-02,0.05553855709604982
2015-07-03,0.05553855709604982
2015-07-04,0.05553855709604982
2015-07-05,0.05553855709604982
2015-07-06,0.04619891167146539
2015-07-07,0.05240390693932606
2015-07-08,0.033498356984838606
2015-07-09,0.04097364003190629
2015-07-10,0.05299765654816646
2015-07-11,0.05299765654816646
2015-07-12,0.05299765654816646
2015-07-13,0.0671431881975546
2015-07-14,0.07841151853766615
2015-07-15,0.0736128416445927
2015-07-16,0.07943673314871824
2015-07-17,0.05554331693239534
2015-07-18,0.05554331693239534
2015-07-19,0.05554331693239534
2015-07-20,0.05361752140594023
2015-07-21,0.03671029367576839
2015-07-22,0.04248168616354864
2015-07-23,0.03631771572022946
2015-07-24,0.019084170184250127
2015-07-25,0.019084170184250127
2015-07-26,0.019084170184250127
2015-07-27,0.00921147090107799
2015-07-28,0.01869903397527506
2015-07-29,0.0361983458674644
2015-07-30,0.03367826334363544
2015-07-31,0.0400780239434495
2015-08-01,0.0400780239434495
2015-08-02,0.0400780239434495
2015-08-03,0.03680462456289413
2015-08-04,0.03778337684504196
2015-08-05,0.038954032763512725
2015-08-06,0.02966955548810435
2015-08-07,0.02496220426736695
2015-08-08,0.02496220426736695
2015-08-09,0.02496220426736695
2015-08-10,0.04809921062634959
2015-08-11,0.0401735398624683
2015-08-12,0.04037967874051951
2015-08-13,0.040832132050719006
2015-08-14,0.05396936824770271
2015-08-15,0.05396936824770271
2015-08-16,0.05396936824770271
2015-08-17,0.056751063576020444
2015-08-18,0.05100014963124622
2015-08-19,0.04014815165577246
2015-08-20,0.01210635366111501
2015-08-21,-0.02087612751278589
2015-08-22,-0.02087612751278589
2015-08-23,-0.02087612751278589
2015-08-24,-0.06291605239736853
2015-08-25,-0.03241060790956529
2015-08-26,0.007331780986178815
2015-08-27,0.03480249736582697
2015-08-28,0.03468961428818629
2015-08-29,0.03468961428818629
2015-08-30,0.03468961428818629
2015-08-31,0.0375980109627172
2015-09-01,0.005211877094092321
2015-09-02,0.02329752455939893
2015-09-03,0.02733687076301039
2015-09-04,0.015531255167049896
2015-09-05,0.015531255167049896
2015-09-06,0.015531255167049896
2015-09-07,0.015531255167049896
2015-09-08,0.04472015924051331
2015-09-09,0.03961300083694552
2015-09-10,0.04277347808946996
2015-09-11,0.04941818970919987
2015-09-12,0.04941818970919987
2015-09-13,0.04941818970919987
2015-09-14,0.04617255736301806
2015-09-15,0.055505617013764
2015-09-16,0.06977541577930957
2015-09-17,0.06362100068028131
2015-09-18,0.03723601077099148
2015-09-19,0.03723601077099148
2015-09-20,0.03723601077099148
2015-09-21,0.04096725644583987
2015-09-22,0.02080938083096484
2015-09-23,0.016942111065392895
2015-09-24,0.005034053259369342
2015-09-25,0.006887636170011202
2015-09-26,0.006887636170011202
2015-09-27,0.006887636170011202
2015-09-28,-0.027784767674625455
2015-09-29,-0.026250725125184338
2015-09-30,-0.001577873422323517
2015-10-01,0.011505576208882484
2015-10-02,0.025860529707322888
2015-10-03,0.025860529707322888
2015-10-04,0.025860529707322888
2015-10-05,0.049450149969821444
2015-10-06,0.0463587177129654
2015-10-07,0.06010053969733864
2015-10-08,0.0808778652490807
2015-10-09,0.07773981064075874
2015-10-10,0.07773981064075874
2015-10-11,0.07773981064075874
2015-10-12,0.08248200469084344
2015-10-13,0.06224796855314918
2015-10-14,0.05350947025301078
2015-10-15,0.06595088287671946
2015-10-16,0.07451248450426484
2015-10-17,0.07451248450426484
2015-10-18,0.07451248450426484
2015-10-19,0.06499151687055749
2015-10-20,0.059134056300581106
2015-10-21,0.05382317952178317
2015-10-22,0.07010480510699146
2015-10-23,0.0821243870554964
2015-10-24,0.0821243870554964
2015-10-25,0.0821243870554964
2015-10-26,0.06735119608402163
2015-10-27,0.06436543875645273
2015-10-28,0.06999611219181734
2015-10-29,0.06513047751132306
2015-10-30,0.06528075173108583
2015-10-31,0.06528075173108583
2015-11-01,0.06528075173108583
2015-11-02,0.08236104055370608
2015-11-03,0.093430118314068
2015-11-04,0.096257252206011
2015-11-05,0.10327159184340373
2015-11-06,0.09930592368327007
2015-11-07,0.09930592368327007
2015-11-08,0.09930592368327007
2015-11-09,0.08177753252424447
2015-11-10,0.0840572869260432
2015-11-11,0.07929745238461261
2015-11-12,0.052450645867104795
2015-11-13,0.046848148384422306
2015-11-14,0.046848148384422306
2015-11-15,0.046848148384422306
2015-11-16,0.05867547871514334
2015-11-17,0.05223805997427289
2015-11-18,0.06784519489128282
2015-11-19,0.06812784701235342
2015-11-20,0.06510621242671433
2015-11-21,0.06510621242671433
2015-11-22,0.06510621242671433
2015-11-23,0.09885893200534124
2015-11-24,0.10912338475750438
2015-11-25,0.11358145684563214
2015-11-26,0.11358145684563214
2015-11-27,0.11968477164402325
2015-11-28,0.11968477164402325
2015-11-29,0.11968477164402325
2015-11-30,0.10937992956745823
2015-12-01,0.11852914775980672
2015-12-02,0.10812144909658339
2015-12-03,0.09954811427021792
2015-12-04,0.11191384358009593
2015-12-05,0.11191384358009593
2015-12-06,0.11191384358009593
2015-12-07,0.09957032049828651
2015-12-08,0.09285406464703039
2015-12-09,0.08930516034464442
2015-12-10,0.10187136091184468
2015-12-11,0.06995394987347647
2015-12-12,0.06995394987347647
2015-12-13,0.06995394987347647
2015-12-14,0.0642168230129383
2015-12-15,0.08351343278433143
2015-12-16,0.09254683548966058
2015-12-17,0.08979666473347003
2015-12-18,0.08286255575851875
2015-12-19,0.08286255575851875
2015-12-20,0.08286255575851875
2015-12-21,0.09376966483887417
2015-12-22,0.10557523676868663
2015-12-23,0.11977407872041157
2015-12-24,0.12025806530331185
2015-12-25,0.12025806530331185
2015-12-26,0.12025806530331185
2015-12-27,0.12025806530331185
2015-12-28,0.10745023478323201
2015-12-29,0.1145437875978117
2015-12-30,0.1097065005983695
2015-12-31,0.09478574920428828
2016-01-01,0.09478574920428828
2016-01-02,0.09478574920428828
2016-01-03,0.09478574920428828
2016-01-04,0.07524166553751943
2016-01-05,0.08212176176255714
2016-01-06,0.06565592811700816
2016-01-07,0.045918634441912465
2016-01-08,0.03587523571641693
2016-01-09,0.03587523571641693
2016-01-10,0.03587523571641693
2016-01-11,0.030126470084149037
2016-01-12,0.024677038829037823
2016-01-13,0.012355408592013006
2016-01-14,0.012926781705790313
2016-01-15,-0.02184001200631136
2016-01-16,-0.02184001200631136
2016-01-17,-0.02184001200631136
2016-01-18,-0.02184001200631136
2016-01-19,-0.033316988004343684
2016-01-20,-0.038936503193996
2016-01-21,-0.02875845241617736
2016-01-22,-0.005209807441531433
2016-01-23,-0.005209807441531433
2016-01-24,-0.005209807441531433
2016-01-25,-0.024989824103971103
2016-01-26,0.0019436211736352238
2016-01-27,-0.005656272554044106
2016-01-28,0.014293360553534251
2016-01-29,0.04787927667964986
2016-01-30,0.04787927667964986
2016-01-31,0.04787927667964986
2016-02-01,0.038627163339060244
2016-02-02,-0.00990641603313469
2016-02-03,0.010369240814134706
2016-02-04,0.02772156367350953
2016-02-05,0.019718397569198798
2016-02-06,0.019718397569198798
2016-02-07,0.019718397569198798
2016-02-08,-0.0036719543041179303
2016-02-09,-0.012664779675349735
2016-02-10,-0.00715804601861092
2016-02-11,-0.07315892607832519
2016-02-12,-0.03305252672342862
2016-02-13,-0.03305252672342862
2016-02-14,-0.03305252672342862
2016-02-15,-0.03305252672342862
2016-02-16,-0.009911061852330039
2016-02-17,-0.007044027899576033
2016-02-18,0.0009413731443395079
2016-02-19,-0.02194875153061604
2016-02-20,-0.02194875153061604
2016-02-21,-0.02194875153061604
2016-02-22,0.011928873151288988
2016-02-23,-0.0017387927634870959
2016-02-24,0.009703260948922043
2016-02-25,0.02415495856891936
2016-02-26,0.025328233995030924
2016-02-27,0.025328233995030924
2016-02-28,0.025328233995030924
2016-02-29,0.023903279159250168
2016-03-01,0.04431702573671181
2016-03-02,0.06300713214731268
2016-03-03,0.08549723817205512
2016-03-04,0.10430975685421728
2016-03-05,0.10430975685421728
2016-03-06,0.10430975685421728
2016-03-07,0.11209079569445102
2016-03-08,0.08280463575201114
2016-03-09,0.0876030047628995
2016-03-10,0.09496260846610327
2016-03-11,0.1137661593270336
2016-03-12,0.1137661593270336
2016-03-13,0.1137661593270336
2016-03-14,0.10614039623879434
2016-03-15,0.10195962470332853
2016-03-16,0.12314376793534443
2016-03-17,0.1474259894079446
2016-03-18,0.15021917273663843
2016-03-19,0.15021917273663843
2016-03-20,0.15021917273663843
2016-03-21,0.1401196705382266
2016-03-22,0.13679129898004327
2016-03-23,0.11294824233457734
2016-03-24,0.12669114861898567
2016-03-25,0.12669114861898567
2016-03-26,0.12669114861898567
2016-03-27,0.12669114861898567
2016-03-28,0.12269334452525582
2016-03-29,0.1462111203536356
2016-03-30,0.14290364610887818
2016-03-31,0.13922600876690927
2016-04-01,0.14381474797076876
2016-04-02,0.14381474797076876
2016-04-03,0.14381474797076876
2016-04-04,0.12297836010678798
2016-04-05,0.11042854804206348
2016-04-06,0.12341540990672706
2016-04-07,0.1199195261071826
2016-04-08,0.1299799165304587
2016-04-09,0.1299799165304587
2016-04-10,0.1299799165304587
2016-04-11,0.13309313604497253
2016-04-12,0.15042166333172324
2016-04-13,0.1640415375681763
2016-04-14,0.15990655869053727
2016-04-15,0.16823905669025319
2016-04-16,0.16823905669025319
2016-04-17,0.16823905669025319
2016-04-18,0.17481558250972729
2016-04-19,0.19049227518937784
2016-04-20,0.19448931158006033
2016-04-21,0.1852279253916933
2016-04-22,0.20345281675286597
2016-04-23,0.20345281675286597
2016-04-24,0.20345281675286597
2016-04-25,0.18664730550172992
2016-04-26,0.2023315445384739
2016-04-27,0.2108781200880414
2016-04-28,0.21586795970748818
2016-04-29,0.21284119685490333
2016-04-30,0.21284119685490333
2016-05-01,0.21284119685490333
2016-05-02,0.21642429279478215
2016-05-03,0.1927286582920693
2016-05-04,0.18799192094046635
2016-05-05,0.17546006380341206
2016-05-06,0.18199876894311662
2016-05-07,0.18199876894311662
2016-05-08,0.18199876894311662
2016-05-09,0.16387326355168197
2016-05-10,0.18247467415546637
2016-05-11,0.17762809576435656
2016-05-12,0.18202988629100436
2016-05-13,0.1586070591953419
2016-05-14,0.1586070591953419
2016-05-15,0.1586070591953419
2016-05-16,0.17056464730432142
2016-05-17,0.16477983563603726
2016-05-18,0.1568547872205961
2016-05-19,0.1618620406581328
2016-05-20,0.1884444274938848
2016-05-21,0.1884444274938848
2016-05-22,0.1884444274938848
2016-05-23,0.19606839519275043
2016-05-24,0.21962385034822285
2016-05-25,0.23226831831599504
2016-05-26,0.23563378710303517
2016-05-27,0.23563033899173425
2016-05-28,0.23563033899173425
2016-05-29,0.23563033899173425
2016-05-30,0.23563033899173425
2016-05-31,0.23472990482939537
2016-06-01,0.23987793422703985
2016-06-02,0.24656833267960243
2016-06-03,0.2519581487040894
2016-06-04,0.2519581487040894
2016-06-05,0.2519581487040894
2016-06-06,0.25931974033859495
2016-06-07,0.26268060342275423
2016-06-08,0.26543966885567016
2016-06-09,0.2541483235303028
2016-06-10,0.23323058473663405
2016-06-11,0.23323058473663405
2016-06-12,0.23323058473663405
2016-06-13,0.2075362047553484
2016-06-14,0.20069379950096922
2016-06-15,0.21091341871983316
2016-06-16,0.20565599697656256
2016-06-17,0.21445259679693152
2016-06-18,0.21445259679693152
2016-06-19,0.21445259679693152
2016-06-20,0.22637797801083148
2016-06-21,0.2246009680846408
2016-06-22,0.21922524686262657
2016-06-23,0.2447646557895311
2016-06-24,0.1812918411481439
2016-06-25,0.1812918411481439
2016-06-26,0.1812918411481439
2016-06-27,0.14822960963079845
2016-06-28,0.1779128079246357
2016-06-29,0.20495041686556714
2016-06-30,0.22330806647840817
2016-07-01,0.21651926416521228
2016-07-02,0.21651926416521228
2016-07-03,0.21651926416521228
2016-07-04,0.21651926416521228
2016-07-05,0.21192876064936605
2016-07-06,0.21508296506733826
2016-07-07,0.2097069645258216
2016-07-08,0.23940503979658745
2016-07-09,0.23940503979658745
2016-07-10,0.23940503979658745
2016-07-11,0.24017023619232614
2016-07-12,0.2522465047043614
2016-07-13,0.2541704433014713
2016-07-14,0.26395975667040594
2016-07-15,0.2595370019772125
2016-07-16,0.2595370019772125
2016-07-17,0.2595370019772125
2016-07-18,0.2620409701921367
2016-07-19,0.2537052285348784
2016-07-20,0.2610648178291004
2016-07-21,0.2603729232633045
2016-07-22,0.26841241321375264
2016-07-23,0.26841241321375264
2016-07-24,0.26841241321375264
2016-07-25,0.2619839642352637
2016-07-26,0.27808068194360813
2016-07-27,0.27455133580142865
2016-07-28,0.27747601038560243
2016-07-29,0.28096128299025525
2016-07-30,0.28096128299025525
2016-07-31,0.28096128299025525
2016-08-01,0.25063139186393846
2016-08-02,0.23472053073901833
2016-08-03,0.2477058298723871
2016-08-04,0.24432595898086995
2016-08-05,0.25731512109277266
2016-08-06,0.25731512109277266
2016-08-07,0.25731512109277266
2016-08-08,0.2517792071785938
2016-08-09,0.25362118155669955
2016-08-10,0.25573120083210443
2016-08-11,0.2601723327595835
2016-08-12,0.25919697693774646
2016-08-13,0.25919697693774646
2016-08-14,0.25919697693774646
2016-08-15,0.27054384807810394
2016-08-16,0.25421648161376953
2016-08-17,0.24839186346277597
2016-08-18,0.2521052968381472
2016-08-19,0.2475509350795546
2016-08-20,0.2475509350795546
2016-08-21,0.2475509350795546
2016-08-22,0.24395470022541477
2016-08-23,0.24075986071291777
2016-08-24,0.24013080832388622
2016-08-25,0.23656200434353591
2016-08-26,0.22718756078193514
2016-08-27,0.22718756078193514
2016-08-28,0.22718756078193514
2016-08-29,0.2357205042955921
2016-08-30,0.2277699960903654
2016-08-31,0.2252707302594792
2016-09-01,0.215148644759515
2016-09-02,0.2284320347350397
2016-09-03,0.2284320347350397
2016-09-04,0.2284320347350397
2016-09-05,0.2284320347350397
2016-09-06,0.23873127949158301
2016-09-07,0.2310857632978065
2016-09-08,0.22322476289147097
2016-09-09,0.19073136655423517
2016-09-10,0.19073136655423517
2016-09-11,0.19073136655423517
2016-09-12,0.19439476675001233
2016-09-13,0.16524426609478482
2016-09-14,0.15944354090371426
2016-09-15,0.17373226264512676
2016-09-16,0.16922668063096502
2016-09-17,0.16922668063096502
2016-09-18,0.16922668063096502
2016-09-19,0.17152521953054456
2016-09-20,0.17086738536265345
2016-09-21,0.18840890822895906
2016-09-22,0.19746981726772117
2016-09-23,0.1855253612735257
2016-09-24,0.1855253612735257
2016-09-25,0.1855253612735257
2016-09-26,0.17824147887348385
2016-09-27,0.1813041737308796
2016-09-28,0.19146778915228335
2016-09-29,0.178568653619944
2016-09-30,0.17783058393899265
2016-10-01,0.17783058393899265
2016-10-02,0.17783058393899265
2016-10-03,0.1736849497136086
2016-10-04,0.18190596734565956
2016-10-05,0.19270980200121346
2016-10-06,0.19575963709362743
2016-10-07,0.18487170820486543
2016-10-08,0.18487170820486543
2016-10-09,0.18487170820486543
2016-10-10,0.19082759199382737
2016-10-11,0.1713764396375883
2016-10-12,0.17532940919188
2016-10-13,0.16070502081090643
2016-10-14,0.16465605012907458
2016-10-15,0.16465605012907458
2016-10-16,0.16465605012907458
2016-10-17,0.16546792449883685
2016-10-18,0.17554911628121972
2016-10-19,0.1779142699469003
2016-10-20,0.17252322692650823
2016-10-21,0.1888881307120993
2016-10-22,0.1888881307120993
2016-10-23,0.1888881307120993
2016-10-24,0.20038331626742778
2016-10-25,0.19606324900614314
2016-10-26,0.1881672412131432
2016-10-27,0.17448004821566365
2016-10-28,0.16413277205442145
2016-10-29,0.16413277205442145
2016-10-30,0.16413277205442145
2016-10-31,0.17203004478283224
2016-11-01,0.15615912913623586
2016-11-02,0.1509186166988199
2016-11-03,0.14810856718671328
2016-11-04,0.152350384319071
2016-11-05,0.152350384319071
2016-11-06,0.152350384319071
2016-11-07,0.18047499855240057
2016-11-08,0.1790627921186092
2016-11-09,0.18828384011270538
2016-11-10,0.195062679633478
2016-11-11,0.20720572968859696
2016-11-12,0.20720572968859696
2016-11-13,0.20720572968859696
2016-11-14,0.2183832119336515
2016-11-15,0.2285452004047155
2016-11-16,0.2245040030325003
2016-11-17,0.22693247983297327
2016-11-18,0.2220731165550176
2016-11-19,0.2220731165550176
2016-11-20,0.2220731165550176
2016-11-21,0.22951807279751457
2016-11-22,0.25188096545888006
2016-11-23,0.2521518127456228
2016-11-24,0.2521518127456228
2016-11-25,0.2577465251097688
2016-11-26,0.2577465251097688
2016-11-27,0.2577465251097688
2016-11-28,0.24274603018346275
2016-11-29,0.24343434635716488
2016-11-30,0.23782829078987588
2016-12-01,0.2318104371370362
2016-12-02,0.23245953050087254
2016-12-03,0.23245953050087254
2016-12-04,0.23245953050087254
2016-12-05,0.24581878289631387
2016-12-06,0.2662912047682684
2016-12-07,0.285713910397025
2016-12-08,0.3094983990169289
2016-12-09,0.3041601366615454
2016-12-10,0.3041601366615454
2016-12-11,0.3041601366615454
2016-12-12,0.30402462452066326
2016-12-13,0.3034276892761565
2016-12-14,0.2890670646997464
2016-12-15,0.2917718469588455
2016-12-16,0.30066206273043816
2016-12-17,0.30066206273043816
2016-12-18,0.30066206273043816
2016-12-19,0.3052457087080718
2016-12-20,0.31369159104829847
2016-12-21,0.3137836813663446
2016-12-22,0.30513172927230303
2016-12-23,0.3051070080122511
2016-12-24,0.3051070080122511
2016-12-25,0.3051070080122511
2016-12-26,0.3051070080122511
2016-12-27,0.3110459267913679
2016-12-28,0.29928359747313515
2016-12-29,0.3009078789674866
2016-12-30,0.29017244989889956
2016-12-31,0.29017244989889956
2017-01-01,0.29017244989889956
2017-01-02,0.29017244989889956
2017-01-03,0.29523165467887913
2017-01-04,0.2994527868692405
2017-01-05,0.3004661207985131
2017-01-06,0.29142548441121474
2017-01-07,0.29142548441121474
2017-01-08,0.29142548441121474
2017-01-09,0.26344418416587767
2017-01-10,0.27582928277247
2017-01-11,0.29779863467511203
2017-01-12,0.29079308998087927
2017-01-13,0.3063256964497949
2017-01-14,0.3063256964497949
2017-01-15,0.3063256964497949
2017-01-16,0.3063256964497949
2017-01-17,0.295152114675314
2017-01-18,0.28557672856921834
2017-01-19,0.2792939596824753
2017-01-20,0.28405504870333
2017-01-21,0.28405504870333
2017-01-22,0.28405504870333
2017-01-23,0.28210504122655156
2017-01-24,0.30083668730611346
2017-01-25,0.31024215560639834
2017-01-26,0.3109200091588704
2017-01-27,0.300345530507921
2017-01-28,0.300345530507921
2017-01-29,0.300345530507921
2017-01-30,0.294281639556244
2017-01-31,0.302991014273843
2017-02-01,0.30736385608063
2017-02-02,0.305995351945229
2017-02-03,0.32012056137166645
2017-02-04,0.32012056137166645
2017-02-05,0.32012056137166645
2017-02-06,0.3058010520599961
2017-02-07,0.2893499779386821
2017-02-08,0.29088259125668525
2017-02-09,0.29860917118915054
2017-02-10,0.3096427486653661
2017-02-11,0.3096427486653661
2017-02-12,0.3096427486653661
2017-02-13,0.3172570186498749
2017-02-14,0.3240392221435453
2017-02-15,0.3313827804067109
2017-02-16,0.3290584716022933
2017-02-17,0.31375628141985756
2017-02-18,0.31375628141985756
2017-02-19,0.31375628141985756
2017-02-20,0.31375628141985756
2017-02-21,0.3450293914292164
2017-02-22,0.340206205593117
2017-02-23,0.33183142930749043
2017-02-24,0.3246602682364166
2017-02-25,0.3246602682364166
2017-02-26,0.3246602682364166
2017-02-27,0.33249753741722277
2017-02-28,0.32565063634672486
2017-03-01,0.34658954708982814
2017-03-02,0.33134593276240465
2017-03-03,0.3499712309759635
2017-03-04,0.3499712309759635
2017-03-05,0.3499712309759635
2017-03-06,0.3349793502491001
2017-03-07,0.3361429572459165
2017-03-08,0.3380008423673271
2017-03-09,0.337729801689026
2017-03-10,0.3521419432744963
2017-03-11,0.3521419432744963
2017-03-12,0.3521419432744963
2017-03-13,0.36675680387877163
2017-03-14,0.35393955969263935
2017-03-15,0.3804716315550607
2017-03-16,0.39777269917889524
2017-03-17,0.40260823853107963
2017-03-18,0.40260823853107963
2017-03-19,0.40260823853107963
2017-03-20,0.4069421501890693
2017-03-21,0.3889355161086483
2017-03-22,0.3928759942846807
2017-03-23,0.4039142548874297
2017-03-24,0.3830703424187669
2017-03-25,0.3830703424187669
2017-03-26,0.3830703424187669
2017-03-27,0.3813714335312497
2017-03-28,0.3790922450419356
2017-03-29,0.37185288120319204
2017-03-30,0.3806976442001164
2017-03-31,0.37568414288175833
2017-04-01,0.37568414288175833
2017-04-02,0.37568414288175833
2017-04-03,0.3553550005038404
2017-04-04,0.34472575121228677
2017-04-05,0.3346312451109319
2017-04-06,0.33341259647432486
2017-04-07,0.3189288135081625
2017-04-08,0.3189288135081625
2017-04-09,0.3189288135081625
2017-04-10,0.3172768419412031
2017-04-11,0.31930366657146947
2017-04-12,0.30399574876973046
2017-04-13,0.31133262703431486
2017-04-14,0.31133262703431486
2017-04-15,0.31133262703431486
2017-04-16,0.31133262703431486
2017-04-17,0.3213241804881606
2017-04-18,0.32174398610722554
2017-04-19,0.3144571724733616
2017-04-20,0.3302941885298343
2017-04-21,0.3199718144737469
2017-04-22,0.3199718144737469
2017-04-23,0.3199718144737469
2017-04-24,0.34301975559197473
2017-04-25,0.34799623954515546
2017-04-26,0.3429556825855884
2017-04-27,0.34355230639870205
2017-04-28,0.33026538407682016
2017-04-29,0.33026538407682016
2017-04-30,0.33026538407682016
2017-05-01,0.3302710926214698
2017-05-02,0.3391299909708887
2017-05-03,0.3312230220288792
2017-05-04,0.33276990775086657
2017-05-05,0.3391038672747575
2017-05-06,0.3391038672747575
2017-05-07,0.3391038672747575
2017-05-08,0.34709099971229884
2017-05-09,0.34013605724586893
2017-05-10,0.3271493649086761
2017-05-11,0.33156912718176934
2017-05-12,0.3284434815450912
2017-05-13,0.3284434815450912
2017-05-14,0.3284434815450912
2017-05-15,0.3345601463704675
2017-05-16,0.3288018385207716
2017-05-17,0.3084288963548849
2017-05-18,0.29708264650160854
2017-05-19,0.3230228227796508
2017-05-20,0.3230228227796508
2017-05-21,0.3230228227796508
2017-05-22,0.3237757622713373
2017-05-23,0.32538249721236334
2017-05-24,0.3277325148146979
2017-05-25,0.3393398903112972
2017-05-26,0.33384332183212506
2017-05-27,0.33384332183212506
2017-05-28,0.33384332183212506
2017-05-29,0.33384332183212506
2017-05-30,0.3323654132241274
2017-05-31,0.3416449625796265
2017-06-01,0.3597171234873142
2017-06-02,0.356671906392924
2017-06-03,0.356671906392924
2017-06-04,0.356671906392924
2017-06-05,0.3440182363006308
2017-06-06,0.346753638280215
2017-06-07,0.337989131928794
2017-06-08,0.3547375125264498
2017-06-09,0.35530025686119227
2017-06-10,0.35530025686119227
2017-06-11,0.35530025686119227
2017-06-12,0.35306234221731136
2017-06-13,0.3581776641970149
2017-06-14,0.3528974861326286
2017-06-15,0.34092490217777516
2017-06-16,0.3405480317635292
2017-06-17,0.3405480317635292
2017-06-18,0.3405480317635292
2017-06-19,0.34449794647863086
2017-06-20,0.3289375570760682
2017-06-21,0.33038129055778076
2017-06-22,0.33781136031240444
2017-06-23,0.3460174962033915
2017-06-24,0.3460174962033915
2017-06-25,0.3460174962033915
2017-06-26,0.35021147117636175
2017-06-27,0.3317375588602176
2017-06-28,0.3510886817788026
2017-06-29,0.33691611553292433
2017-06-30,0.3396842805232039
2017-07-01,0.3396842805232039
2017-07-02,0.3396842805232039
2017-07-03,0.3598937630488719
2017-07-04,0.3598937630488719
2017-07-05,0.36298089492984587
2017-07-06,0.34618913612019697
2017-07-07,0.36033609001880285
2017-07-08,0.36033609001880285
2017-07-09,0.36033609001880285
2017-07-10,0.3584825779559313
2017-07-11,0.3542503559902861
2017-07-12,0.366652747377723
2017-07-13,0.3809442102408698
2017-07-14,0.3878547884403014
2017-07-15,0.3878547884403014
2017-07-16,0.3878547884403014
2017-07-17,0.38607777864663784
2017-07-18,0.37396771964203657
2017-07-19,0.3803992532671636
2017-07-20,0.39222771890701846
2017-07-21,0.3928931280203305
2017-07-22,0.3928931280203305
2017-07-23,0.3928931280203305
2017-07-24,0.3998440673227852
2017-07-25,0.4123515250781842
2017-07-26,0.40465126049328126
2017-07-27,0.4082924397564076
2017-07-28,0.40369915713716753
2017-07-29,0.40369915713716753
2017-07-30,0.40369915713716753
2017-07-31,0.3990463429948954
2017-08-01,0.4122473590718614
2017-08-02,0.3987809771532542
2017-08-03,0.3926524889997356
2017-08-04,0.3947270483093883
2017-08-05,0.3947270483093883
2017-08-06,0.3947270483093883
2017-08-07,0.40077264578869176
2017-08-08,0.38366924412240433
2017-08-09,0.3785807850504024
2017-08-10,0.38001881409358407
2017-08-11,0.3655187258440622
2017-08-12,0.3655187258440622
2017-08-13,0.3655187258440622
2017-08-14,0.3780937142604026
2017-08-15,0.381910477947653
2017-08-16,0.3865291160251516
2017-08-17,0.36354733226292746
2017-08-18,0.3621114811054973
2017-08-19,0.3621114811054973
2017-08-20,0.3621114811054973
2017-08-21,0.36319412057988054
2017-08-22,0.3768603952611187
2017-08-23,0.37485279170119257
2017-08-24,0.3772992255916141
2017-08-25,0.38851599427182837
2017-08-26,0.38851599427182837
2017-08-27,0.38851599427182837
2017-08-28,0.38515564501208654
2017-08-29,0.3737380596404103
2017-08-30,0.37389090015233784
2017-08-31,0.38050586101557804
2017-09-01,0.393878869257424
2017-09-02,0.393878869257424
2017-09-03,0.393878869257424
2017-09-04,0.393878869257424
2017-09-05,0.36986917821970877
2017-09-06,0.3758315246953876
2017-09-07,0.37994835925817805
2017-09-08,0.3745489813030898
2017-09-09,0.3745489813030898
2017-09-10,0.3745489813030898
2017-09-11,0.3905340195184108
2017-09-12,0.3899488161759692
2017-09-13,0.38758484944767724
2017-09-14,0.38253487622052607
2017-09-15,0.3838958287099046
2017-09-16,0.3838958287099046
2017-09-17,0.3838958287099046
2017-09-18,0.39250023904973275
2017-09-19,0.38879311002020844
2017-09-20,0.38403908062326986
2017-09-21,0.38367672679243814
2017-09-22,0.38670953464851365
2017-09-23,0.38670953464851365
2017-09-24,0.38670953464851365
2017-09-25,0.3792869769365783
2017-09-26,0.374125435039405
2017-09-27,0.3680126450927321
2017-09-28,0.3614067730131667
2017-09-29,0.35607561687641254
2017-09-30,0.35607561687641254
2017-10-01,0.35607561687641254
2017-10-02,0.3601133307993334
2017-10-03,0.3678440115918211
2017-10-04,0.3647176552902833
2017-10-05,0.3626364732950831
2017-10-06,0.35733478968055277
2017-10-07,0.35733478968055277
2017-10-08,0.35733478968055277
2017-10-09,0.3432753442674228
2017-10-10,0.3619123599822216
2017-10-11,0.3658226161231366
2017-10-12,0.36997197234262025
2017-10-13,0.3970341430237807
2017-10-14,0.3970341430237807
2017-10-15,0.3970341430237807
2017-10-16,0.38259173292858395
2017-10-17,0.3820809642566749
2017-10-18,0.38377704258732837
2017-10-19,0.39250095211637115
2017-10-20,0.38742784934668495
2017-10-21,0.38742784934668495
2017-10-22,0.38742784934668495
2017-10-23,0.3903682757918927
2017-10-24,0.396537200523281
2017-10-25,0.38620626311923
2017-10-26,0.37752562731795725
2017-10-27,0.3742261894838328
2017-10-28,0.3742261894838328
2017-10-29,0.3742261894838328
2017-10-30,0.36631608642085056
2017-10-31,0.3715968328213717
2017-11-01,0.38017560111931803
2017-11-02,0.3855051283161439
2017-11-03,0.37906313090564137
2017-11-04,0.37906313090564137
2017-11-05,0.37906313090564137
2017-11-06,0.37995861528214636
2017-11-07,0.37569030724280505
2017-11-08,0.38516321483367744
2017-11-09,0.40005098742929723
2017-11-10,0.38979376202623484
2017-11-11,0.38979376202623484
2017-11-12,0.38979376202623484
2017-11-13,0.37620401489823996
2017-11-14,0.37451401634694803
2017-11-15,0.36801001649801846
2017-11-16,0.38782230787368244
2017-11-17,0.4145633580378143
2017-11-18,0.4145633580378143
2017-11-19,0.4145633580378143
2017-11-20,0.40782747312041967
2017-11-21,0.40231912564042993
2017-11-22,0.41559685522497136
2017-11-23,0.41559685522497136
2017-11-24,0.41432750964548615
2017-11-25,0.41432750964548615
2017-11-26,0.41432750964548615
2017-11-27,0.4141065153061647
2017-11-28,0.4332406355004079
2017-11-29,0.4564476407459712
2017-11-30,0.49115311140326523
2017-12-01,0.48500778098787745
2017-12-02,0.48500778098787745
2017-12-03,0.48500778098787745
2017-12-04,0.5260802774476916
2017-12-05,0.5010831221621266
2017-12-06,0.5076314805271009
2017-12-07,0.5237001802802252
2017-12-08,0.5271097548044648
2017-12-09,0.5271097548044648
2017-12-10,0.5271097548044648
2017-12-11,0.5281694645655779
2017-12-12,0.5238811898187505
2017-12-13,0.5253529351525408
2017-12-14,0.5065589217613418
2017-12-15,0.5234384584516869
2017-12-16,0.5234384584516869
2017-12-17,0.5234384584516869
2017-12-18,0.5373199202905137
2017-12-19,0.534777746730873
2017-12-20,0.5427129857962318
2017-12-21,0.5466259256681263
2017-12-22,0.5574193580228122
2017-12-23,0.5574193580228122
2017-12-24,0.5574193580228122
2017-12-25,0.5574193580228122
2017-12-26,0.5539282055467263
2017-12-27,0.5495900616413156
2017-12-28,0.5568057314652615
2017-12-29,0.5528326359636233
2017-12-30,0.5528326359636233
2017-12-31,0.5528326359636233
2018-01-01,0.5528326359636233
2018-01-02,0.5828295408761388
2018-01-03,0.5850693070266153
2018-01-04,0.5797284331128223
2018-01-05,0.5906659267375063
2018-01-06,0.5906659267375063
2018-01-07,0.5906659267375063
2018-01-08,0.598260645890978
2018-01-09,0.608361581045423
2018-01-10,0.6120487950636622
2018-01-11,0.6280140753565138
2018-01-12,0.6381402557590456
2018-01-13,0.6381402557590456
2018-01-14,0.6381402557590456
2018-01-15,0.6381402557590456
2018-01-16,0.6314437963849417
2018-01-17,0.6463680970624623
2018-01-18,0.6496129160433461
2018-01-19,0.6929507512557467
2018-01-20,0.6929507512557467
2018-01-21,0.6929507512557467
2018-01-22,0.708614486704694
2018-01-23,0.6936277140421192
2018-01-24,0.7003696918830196
2018-01-25,0.7171613718444823
2018-01-26,0.737528995014552
2018-01-27,0.737528995014552
2018-01-28,0.737528995014552
2018-01-29,0.7325143731010202
2018-01-30,0.7109435092473839
2018-01-31,0.6976038060715393
2018-02-01,0.7040745452618875
2018-02-02,0.6640043206304391
2018-02-03,0.6640043206304391
2018-02-04,0.6640043206304391
2018-02-05,0.6278817731200474
2018-02-06,0.6465609833812158
2018-02-07,0.6360794018234461
2018-02-08,0.5853965569006518
2018-02-09,0.5871763839065642
2018-02-10,0.5871763839065642
2018-02-11,0.5871763839065642
2018-02-12,0.5922745274079948
2018-02-13,0.6090670078081919
2018-02-14,0.6226342081025247
2018-02-15,0.6464411780432937
2018-02-16,0.6485843068289876
2018-02-17,0.6485843068289876
2018-02-18,0.6485843068289876
2018-02-19,0.6485843068289876
2018-02-20,0.6217978182095849
2018-02-21,0.6149547921847305
2018-02-22,0.605788289132416
2018-02-23,0.6230581067835343
2018-02-24,0.6230581067835343
2018-02-25,0.6230581067835343
2018-02-26,0.6335007727722499
2018-02-27,0.6141953502921511
2018-02-28,0.6025079660535706
2018-03-01,0.6030234201040616
2018-03-02,0.5935148177583371
2018-03-03,0.5935148177583371
2018-03-04,0.5935148177583371
2018-03-05,0.6182116827607058
2018-03-06,0.623941357890502
2018-03-07,0.6006667466369298
2018-03-08,0.5537525149491296
2018-03-09,0.5706466088353288
2018-03-10,0.5706466088353288
2018-03-11,0.5706466088353288
2018-03-12,0.572777335394183
2018-03-13,0.568737608031364
2018-03-14,0.5511798619917561
2018-03-15,0.5548188901844999
2018-03-16,0.5610123868461641
2018-03-17,0.5610123868461641
2018-03-18,0.5610123868461641
2018-03-19,0.543245832723227
2018-03-20,0.5545849414103887
2018-03-21,0.5506180581523101
2018-03-22,0.5176160400952863
2018-03-23,0.5016780353569175
2018-03-24,0.5016780353569175
2018-03-25,0.5016780353569175
2018-03-26,0.5351027949607101
2018-03-27,0.5201287418545077
2018-03-28,0.5262833410905838
2018-03-29,0.5437081823976095
2018-03-30,0.5437081823976095
2018-03-31,0.5437081823976095
2018-04-01,0.5437081823976095
2018-04-02,0.510596209402534
2018-04-03,0.5534328680994856
2018-04-04,0.5552359873051489
2018-04-05,0.5562027586948535
2018-04-06,0.5456765011713149
2018-04-07,0.5456765011713149
2018-04-08,0.5456765011713149
2018-04-09,0.5458900737466934
2018-04-10,0.5690243379008324
2018-04-11,0.5710261847358911
2018-04-12,0.5751219784259218
2018-04-13,0.5720779284672752
2018-04-14,0.5720779284672752
2018-04-15,0.5720779284672752
2018-04-16,0.5705511845450921
2018-04-17,0.5855577407937698
2018-04-18,0.5992967730138865
2018-04-19,0.5989057035853356
2018-04-20,0.5917512906889089
2018-04-21,0.5917512906889089
2018-04-22,0.5917512906889089
2018-04-23,0.6030945038111957
2018-04-24,0.6045139575916687
2018-04-25,0.5919187483949686
2018-04-26,0.5955574362542451
2018-04-27,0.6148303108702406
2018-04-28,0.6148303108702406
2018-04-29,0.6148303108702406
2018-04-30,0.608260112058199
2018-05-01,0.6011687443612157
2018-05-02,0.6035056110627846
2018-05-03,0.5780182699582896
2018-05-04,0.5888161262463902
2018-05-05,0.5888161262463902
2018-05-06,0.5888161262463902
2018-05-07,0.580685279639858
2018-05-08,0.5735951290380183
2018-05-09,0.5843184793577973
2018-05-10,0.5808027262256725
2018-05-11,0.5716882105636698
2018-05-12,0.5716882105636698
2018-05-13,0.5716882105636698
2018-05-14,0.5803841561088134
2018-05-15,0.5825173632686917
2018-05-16,0.5798295684761805
2018-05-17,0.5784973756576877
2018-05-18,0.563971187124805
2018-05-19,0.563971187124805
2018-05-20,0.563971187124805
2018-05-21,0.5718172439081313
2018-05-22,0.5732599098630458
2018-05-23,0.5591673895842928
2018-05-24,0.549453047507545
2018-05-25,0.5454571066661262
2018-05-26,0.5454571066661262
2018-05-27,0.5454571066661262
2018-05-28,0.5454571066661262
2018-05-29,0.5159246580608836
2018-05-30,0.5298546353923534
2018-05-31,0.5123523562055023
2018-06-01,0.5247142855802118
2018-06-02,0.5247142855802118
2018-06-03,0.5247142855802118
2018-06-04,0.5355488920161129
2018-06-05,0.5371545199502559
2018-06-06,0.5383138844572883
2018-06-07,0.5348102370010812
2018-06-08,0.5374368993811478
2018-06-09,0.5374368993811478
2018-06-10,0.5374368993811478
2018-06-11,0.5576080414797939
2018-06-12,0.554124057166689
2018-06-13,0.5521746389048989
2018-06-14,0.5411089805206888
2018-06-15,0.5203111165461014
2018-06-16,0.5203111165461014
2018-06-17,0.5203111165461014
2018-06-18,0.5288607855777416
2018-06-19,0.5220969298028031
2018-06-20,0.5094004308890354
2018-06-21,0.48990125433108833
2018-06-22,0.5204062307397941
2018-06-23,0.5204062307397941
2018-06-24,0.5204062307397941
2018-06-25,0.506394811072453
2018-06-26,0.5020234023301446
2018-06-27,0.4711171928910656
2018-06-28,0.462720825252404
2018-06-29,0.46777654168434846
2018-06-30,0.46777654168434846
2018-07-01,0.46777654168434846
2018-07-02,0.45307129086829767
2018-07-03,0.4496879797139526
2018-07-04,0.4496879797139526
2018-07-05,0.4615087036464731
2018-07-06,0.4686429889349124
2018-07-07,0.4686429889349124
2018-07-08,0.4686429889349124
2018-07-09,0.48475282463229097
2018-07-10,0.474414248036124
2018-07-11,0.45202654517141716
2018-07-12,0.4573388572366692
2018-07-13,0.4667456955448597
2018-07-14,0.4667456955448597
2018-07-15,0.4667456955448597
2018-07-16,0.46594863621223714
2018-07-17,0.4729980919047305
2018-07-18,0.47788890260257144
2018-07-19,0.4712637484058504
2018-07-20,0.4642634510409036
2018-07-21,0.4642634510409036
2018-07-22,0.4642634510409036
2018-07-23,0.48159814825062575
2018-07-24,0.4993737502050801
2018-07-25,0.5164643109440967
2018-07-26,0.5249040027465781
2018-07-27,0.5212549946020237
2018-07-28,0.5212549946020237
2018-07-29,0.5212549946020237
2018-07-30,0.5346886470886343
2018-07-31,0.5542472956527738
2018-08-01,0.5525379992150097
2018-08-02,0.5370133513430353
2018-08-03,0.5543794209052784
2018-08-04,0.5543794209052784
2018-08-05,0.5543794209052784
2018-08-06,0.5588001111288052
2018-08-07,0.5513723931444849
2018-08-08,0.5647084142824264
2018-08-09,0.5580087117745567
2018-08-10,0.5343599034231139
2018-08-11,0.5343599034231139
2018-08-12,0.5343599034231139
2018-08-13,0.5114846253111045
2018-08-14,0.5180104461791144
2018-08-15,0.4938884499577729
2018-08-16,0.5171136602844262
2018-08-17,0.5091408963276787
2018-08-18,0.5091408963276787
2018-08-19,0.5091408963276787
2018-08-20,0.522302990017403
2018-08-21,0.5387633849522517
2018-08-22,0.5388249779607703
2018-08-23,0.5217435196957885
2018-08-24,0.5422388937870413
2018-08-25,0.5422388937870413
2018-08-26,0.5422388937870413
2018-08-27,0.561070530991518
2018-08-28,0.567248191630005
2018-08-29,0.5734590863416178
2018-08-30,0.5632748401880916
2018-08-31,0.5576306624171172
2018-09-01,0.5576306624171172
2018-09-02,0.5576306624171172
2018-09-03,0.5576306624171172
2018-09-04,0.5507881030294419
2018-09-05,0.5475873040181509
2018-09-06,0.5333879619271222
2018-09-07,0.5118944777476735
2018-09-08,0.5118944777476735
2018-09-09,0.5118944777476735
2018-09-10,0.5112970200808766
2018-09-11,0.5149534975182406
2018-09-12,0.5228393242396339
2018-09-13,0.5263931826205734
2018-09-14,0.5274327080827688
2018-09-15,0.5274327080827688
2018-09-16,0.5274327080827688
2018-09-17,0.5251178557076623
2018-09-18,0.5310666310850765
2018-09-19,0.517653017859941
2018-09-20,0.5321821515338583
2018-09-21,0.5397875382367201
2018-09-22,0.5397875382367201
2018-09-23,0.5397875382367201
2018-09-24,0.5367115948492145
2018-09-25,0.5591324504094339
2018-09-26,0.5512406679263437
2018-09-27,0.5518836462693775
2018-09-28,0.543611001446419
2018-09-29,0.543611001446419
2018-09-30,0.543611001446419
2018-10-01,0.5382555897616501
2018-10-02,0.5387945029319643
2018-10-03,0.5431556504978692
2018-10-04,0.5154455711282371
2018-10-05,0.5020910304250825
2018-10-06,0.5020910304250825
2018-10-07,0.5020910304250825
2018-10-08,0.5089491868459812
2018-10-09,0.49674229408339676
2018-10-10,0.46016011844472304
2018-10-11,0.43139880625582694
2018-10-12,0.4470136409129788
2018-10-13,0.4470136409129788
2018-10-14,0.4470136409129788
2018-10-15,0.44581546237668923
2018-10-16,0.46813008372396325
2018-10-17,0.47066803269924495
2018-10-18,0.44930895899466194
2018-10-19,0.4372869226059424
2018-10-20,0.4372869226059424
2018-10-21,0.4372869226059424
2018-10-22,0.43026141404105944
2018-10-23,0.4161659152629287
2018-10-24,0.3619180648908713
2018-10-25,0.3807205494144916
2018-10-26,0.35641431416049274
2018-10-27,0.35641431416049274
2018-10-28,0.35641431416049274
2018-10-29,0.3556722786263029
2018-10-30,0.3755377717510593
2018-10-31,0.3562113707143397
2018-11-01,0.3814954238913477
2018-11-02,0.3836114699157267
2018-11-03,0.3836114699157267
2018-11-04,0.3836114699157267
2018-11-05,0.37510028708858045
2018-11-06,0.41380420038081
2018-11-07,0.43203123216293426
2018-11-08,0.4104800375649573
2018-11-09,0.3997509949876865
2018-11-10,0.3997509949876865
2018-11-11,0.3997509949876865
2018-11-12,0.3732418207671113
2018-11-13,0.36725261320223757
2018-11-14,0.37274093170461375
2018-11-15,0.37892272411657024
2018-11-16,0.38345872113207213
2018-11-17,0.38345872113207213
2018-11-18,0.38345872113207213
2018-11-19,0.3733189322357038
2018-11-20,0.3461684146845869
2018-11-21,0.36274373983047825
2018-11-22,0.36274373983047825
2018-11-23,0.34237237053352754
2018-11-24,0.34237237053352754
2018-11-25,0.34237237053352754
2018-11-26,0.35667215754974047
2018-11-27,0.3457580511456322
2018-11-28,0.37650128745791145
2018-11-29,0.359687847447435
2018-11-30,0.36671209748448064
2018-12-01,0.36671209748448064
2018-12-02,0.36671209748448064
2018-12-03,0.383305835906119
2018-12-04,0.3434352658994222
2018-12-05,0.3434352658994222
2018-12-06,0.339751972609291
2018-12-07,0.3248608275805207
2018-12-08,0.3248608275805207
2018-12-09,0.3248608275805207
2018-12-10,0.3143816451704389
2018-12-11,0.31714982787106427
2018-12-12,0.3334572253546142
2018-12-13,0.3322756646666012
2018-12-14,0.3195604311738558
2018-12-15,0.3195604311738558
2018-12-16,0.3195604311738558
2018-12-17,0.2975970806724886
2018-12-18,0.30191649535260545
2018-12-19,0.2882331704889185
2018-12-20,0.267454758341104
2018-12-21,0.2403199572140977
2018-12-22,0.2403199572140977
2018-12-23,0.2403199572140977
2018-12-24,0.217358769346212
2018-12-25,0.217358769346212
2018-12-26,0.2651633465356644
2018-12-27,0.2610709907382882
2018-12-28,0.26169247959404607
2018-12-29,0.26169247959404607
2018-12-30,0.26169247959404607
2018-12-31,0.2642711824724384
2019-01-01,0.2642711824724384
2019-01-02,0.2676218896512996
2019-01-03,0.24124808112271046
2019-01-04,0.3026753454304363
2019-01-05,0.3026753454304363
2019-01-06,0.3026753454304363
2019-01-07,0.3135054020522805
2019-01-08,0.3387549399076968
2019-01-09,0.35508561024222485
2019-01-10,0.35855929437564993
2019-01-11,0.3510381267372247
2019-01-12,0.3510381267372247
2019-01-13,0.3510381267372247
2019-01-14,0.35135310162559064
2019-01-15,0.346303598662002
2019-01-16,0.35961970138930366
2019-01-17,0.3738913438212108
2019-01-18,0.39321443031194936
2019-01-19,0.39321443031194936
2019-01-20,0.39321443031194936
2019-01-21,0.39321443031194936
2019-01-22,0.3548051254143483
2019-01-23,0.3492650877895027
2019-01-24,0.36318861698622973
2019-01-25,0.3999660026153318
2019-01-26,0.3999660026153318
2019-01-27,0.3999660026153318
2019-01-28,0.39999295857386463
2019-01-29,0.39383442805759805
2019-01-30,0.41062138371518997
2019-01-31,0.4183785162802862
2019-02-01,0.42031328004297075
2019-02-02,0.42031328004297075
2019-02-03,0.42031328004297075
2019-02-04,0.4259494427211943
2019-02-05,0.4238570258350569
2019-02-06,0.4261517679561724
2019-02-07,0.4033947449777797
2019-02-08,0.3856391991685906
2019-02-09,0.3856391991685906
2019-02-10,0.3856391991685906
2019-02-11,0.38591068465572653
2019-02-12,0.4362684312263365
2019-02-13,0.4440565008229289
2019-02-14,0.4365558543835746
2019-02-15,0.46395191685222237
2019-02-16,0.46395191685222237
2019-02-17,0.46395191685222237
2019-02-18,0.46395191685222237
2019-02-19,0.4699740179872016
2019-02-20,0.4838243159975453
2019-02-21,0.47598581640166815
2019-02-22,0.48689670110476935
2019-02-23,0.48689670110476935
2019-02-24,0.48689670110476935
2019-02-25,0.49135504050754686
2019-02-26,0.4636403592932532
2019-02-27,0.4544145128627475
2019-02-28,0.4441699792271483
2019-03-01,0.44825464466886666
2019-03-02,0.44825464466886666
2019-03-03,0.44825464466886666
2019-03-04,0.444695610567313
2019-03-05,0.4297436209237475
2019-03-06,0.4051830309445372
2019-03-07,0.3788898761851487
2019-03-08,0.37251747252235856
2019-03-09,0.37251747252235856
2019-03-10,0.37251747252235856
2019-03-11,0.3855998041726405
2019-03-12,0.3903895149692831
2019-03-13,0.40046339691110333
2019-03-14,0.3905599890122402
2019-03-15,0.40186014035216244
2019-03-16,0.40186014035216244
2019-03-17,0.40186014035216244
2019-03-18,0.4182538847085904
2019-03-19,0.40815341511174297
2019-03-20,0.3928327646357832
2019-03-21,0.3922687460763006
2019-03-22,0.3373433991533241
2019-03-23,0.3373433991533241
2019-03-24,0.3373433991533241
2019-03-25,0.33297758006413614
2019-03-26,0.33667683429386996
2019-03-27,0.33621130568741364
2019-03-28,0.34308035535607684
2019-03-29,0.34586149816862966
2019-03-30,0.34586149816862966
2019-03-31,0.34586149816862966
2019-04-01,0.3830598659955404
2019-04-02,0.36191349196141065
2019-04-03,0.367785625321567
2019-04-04,0.3820667471113792
2019-04-05,0.3967722636230817
2019-04-06,0.3967722636230817
2019-04-07,0.3967722636230817
2019-04-08,0.3905743054016777
2019-04-09,0.37211970402700967
2019-04-10,0.40281761669950167
2019-04-11,0.41177097844877397
2019-04-12,0.40968728634061224
2019-04-13,0.40968728634061224
2019-04-14,0.40968728634061224
2019-04-15,0.3972281400398765
2019-04-16,0.3964391429439984
2019-04-17,0.40134717975353484
2019-04-18,0.3975316888064435
2019-04-19,0.3975316888064435
2019-04-20,0.3975316888064435
2019-04-21,0.3975316888064435
2019-04-22,0.3903361252840458
2019-04-23,0.3910129906826181
2019-04-24,0.3869357034564691
2019-04-25,0.3738665822675369
2019-04-26,0.3645809914084628
2019-04-27,0.3645809914084628
2019-04-28,0.3645809914084628
2019-04-29,0.3830149523180939
2019-04-30,0.39233608654509
2019-05-01,0.3813051634546063
2019-05-02,0.36603087873196705
2019-05-03,0.38197140182031997
2019-05-04,0.38197140182031997
2019-05-05,0.38197140182031997
2019-05-06,0.37736709993049344
2019-05-07,0.369076263958231
2019-05-08,0.3631375270518493
2019-05-09,0.3588113305309377
2019-05-10,0.3701450876445551
2019-05-11,0.3701450876445551
2019-05-12,0.3701450876445551
2019-05-13,0.33092007458501493
2019-05-14,0.3441868247450177
2019-05-15,0.34996375267464797
2019-05-16,0.35172814811471587
2019-05-17,0.33397174167067534
2019-05-18,0.33397174167067534
2019-05-19,0.33397174167067534
2019-05-20,0.3230263590096001
2019-05-21,0.33909661447740747
2019-05-22,0.3215217435946416
2019-05-23,0.29225885123378137
2019-05-24,0.29472769812621635
2019-05-25,0.29472769812621635
2019-05-26,0.29472769812621635
2019-05-27,0.29472769812621635
2019-05-28,0.2970066984180968
2019-05-29,0.2895302397244828
2019-05-30,0.27260609188349116
2019-05-31,0.27004312089087845
2019-06-01,0.27004312089087845
2019-06-02,0.27004312089087845
2019-06-03,0.2893676063710977
2019-06-04,0.3216675118116834
2019-06-05,0.3100865850241983
2019-06-06,0.3159602329301916
2019-06-07,0.32255297810783556
2019-06-08,0.32255297810783556
2019-06-09,0.32255297810783556
2019-06-10,0.3405273589045297
2019-06-11,0.35215382298650333
2019-06-12,0.35023294854167175
2019-06-13,0.36140005095733985
2019-06-14,0.34670363479743704
2019-06-15,0.34670363479743704
2019-06-16,0.34670363479743704
2019-06-17,0.3518865571104768
2019-06-18,0.3563635085238104
2019-06-19,0.3596264576999284
2019-06-20,0.3602295544742773
2019-06-21,0.35220425181793735
2019-06-22,0.35220425181793735
2019-06-23,0.35220425181793735
2019-06-24,0.34740468056078
2019-06-25,0.3340371873863137
2019-06-26,0.3333372905564411
2019-06-27,0.3330714266402419
2019-06-28,0.35507383573742235
2019-06-29,0.35507383573742235
2019-06-30,0.35507383573742235
2019-07-01,0.35214187996710544
2019-07-02,0.3473573810715429
2019-07-03,0.35292829415368976
2019-07-04,0.35292829415368976
2019-07-05,0.3583666636320071
2019-07-06,0.3583666636320071
2019-07-07,0.3583666636320071
2019-07-08,0.3520103242047756
2019-07-09,0.34293247871459065
2019-07-10,0.3472307262494141
2019-07-11,0.3355751704785277
2019-07-12,0.34650600721639857
2019-07-13,0.34650600721639857
2019-07-14,0.34650600721639857
2019-07-15,0.3514654856612618
2019-07-16,0.3472129974038556
2019-07-17,0.33114522439709915
2019-07-18,0.3330057661254593
2019-07-19,0.33174027444105736
2019-07-20,0.33174027444105736
2019-07-21,0.33174027444105736
2019-07-22,0.32427948931378014
2019-07-23,0.33350603027178094
2019-07-24,0.33538428255659847
2019-07-25,0.3279732097196433
2019-07-26,0.34353782184555315
2019-07-27,0.34353782184555315
2019-07-28,0.34353782184555315
2019-07-29,0.33340412508883355
2019-07-30,0.3367735101060869
2019-07-31,0.33909833284729984
2019-08-01,0.32876512199694674
2019-08-02,0.3261257523271608
2019-08-03,0.3261257523271608
2019-08-04,0.3261257523271608
2019-08-05,0.29739037262198176
2019-08-06,0.30950605514591745
2019-08-07,0.3316330438496702
2019-08-08,0.3434445526493093
2019-08-09,0.3293618934215299
2019-08-10,0.3293618934215299
2019-08-11,0.3293618934215299
2019-08-12,0.3019280910669184
2019-08-13,0.3079250780343046
2019-08-14,0.2828754576405468
2019-08-15,0.2840607530465651
2019-08-16,0.3040179984819005
2019-08-17,0.3040179984819005
2019-08-18,0.3040179984819005
2019-08-19,0.3212882788908493
2019-08-20,0.3158365446178857
2019-08-21,0.33070033276170685
2019-08-22,0.33196273265784115
2019-08-23,0.2954666197198672
2019-08-24,0.2954666197198672
2019-08-25,0.2954666197198672
2019-08-26,0.3107390317409402
2019-08-27,0.28905792990570855
2019-08-28,0.3041048378605522
2019-08-29,0.31223514090748905
2019-08-30,0.3213842913817284
2019-08-31,0.3213842913817284
2019-09-01,0.3213842913817284
2019-09-02,0.3213842913817284
2019-09-03,0.3181244659499862
2019-09-04,0.3399670736007401
2019-09-05,0.35260148440913475
2019-09-06,0.35059728232290577
2019-09-07,0.35059728232290577
2019-09-08,0.35059728232290577
2019-09-09,0.3752845472880433
2019-09-10,0.390193996893202
2019-09-11,0.39685312400301354
2019-09-12,0.3931571255110189
2019-09-13,0.4112513145372023
2019-09-14,0.4112513145372023
2019-09-15,0.4112513145372023
2019-09-16,0.41590944600237356
2019-09-17,0.40397945835742655
2019-09-18,0.394735017386866
2019-09-19,0.39336926313579834
2019-09-20,0.3910667646382091
2019-09-21,0.3910667646382091
2019-09-22,0.3910667646382091
2019-09-23,0.38998110111525497
2019-09-24,0.382431561768251
2019-09-25,0.3882372450944853
2019-09-26,0.38359235740360753
2019-09-27,0.3775130024159121
2019-09-28,0.3775130024159121
2019-09-29,0.3775130024159121
2019-09-30,0.38277222358155427
2019-10-01,0.3646819547259599
2019-10-02,0.33895608313221115
2019-10-03,0.33523488780774024
2019-10-04,0.3468381051584226
2019-10-05,0.3468381051584226
2019-10-06,0.3468381051584226
2019-10-07,0.3424683376598361
2019-10-08,0.3204285953510868
2019-10-09,0.33270351770503037
2019-10-10,0.3316934469910935
2019-10-11,0.36162707848661335
2019-10-12,0.36162707848661335
2019-10-13,0.36162707848661335
2019-10-14,0.3580027475926906
2019-10-15,0.36998879253963857
2019-10-16,0.36605037419672715
2019-10-17,0.3683468290866718
2019-10-18,0.3624861032415916
2019-10-19,0.3624861032415916
2019-10-20,0.3624861032415916
2019-10-21,0.37367636235914237
2019-10-22,0.3856911432109227
2019-10-23,0.389863961638387
2019-10-24,0.38388043445786524
2019-10-25,0.3990782354511224
2019-10-26,0.3990782354511224
2019-10-27,0.3990782354511224
2019-10-28,0.40553507740849537
2019-10-29,0.39888692888533583
2019-10-30,0.38241627837776426
2019-10-31,0.37873605649411624
2019-11-01,0.4101357460924113
2019-11-02,0.4101357460924113
2019-11-03,0.4101357460924113
2019-11-04,0.42234099586950835
2019-11-05,0.4771676296220253
2019-11-06,0.4617838482764809
2019-11-07,0.48121687237030164
2019-11-08,0.483475572064453
2019-11-09,0.483475572064453
2019-11-10,0.483475572064453
2019-11-11,0.47950421502272866
2019-11-12,0.4806003176298963
2019-11-13,0.4782536523730858
2019-11-14,0.482762790579347
2019-11-15,0.4909308815886271
2019-11-16,0.4909308815886271
2019-11-17,0.4909308815886271
2019-11-18,0.4933696497206186
2019-11-19,0.49056147424544205
2019-11-20,0.48498754003010247
2019-11-21,0.48073893388031363
2019-11-22,0.49106390872437045
2019-11-23,0.49106390872437045
2019-11-24,0.49106390872437045
2019-11-25,0.5039671703331765
2019-11-26,0.5115159907601052
2019-11-27,0.5111615395835538
2019-11-28,0.5111615395835538
2019-11-29,0.5001933169738666
2019-11-30,0.5001933169738666
2019-12-01,0.5001933169738666
2019-12-02,0.5040996835423524
2019-12-03,0.4902760809950444
2019-12-04,0.5016127530403995
2019-12-05,0.49808858517085497
2019-12-06,0.5149080867827895
2019-12-07,0.5149080867827895
2019-12-08,0.5149080867827895
2019-12-09,0.5199817472365531
2019-12-10,0.5258434367574263
2019-12-11,0.5327869967277721
2019-12-12,0.5473186968391139
2019-12-13,0.5418514214205175
2019-12-14,0.5418514214205175
2019-12-15,0.5418514214205175
2019-12-16,0.5497602703560913
2019-12-17,0.5563188366351868
2019-12-18,0.5533173875854593
2019-12-19,0.5565787863508003
2019-12-20,0.5736349223742476
2019-12-21,0.5736349223742476
2019-12-22,0.5736349223742476
2019-12-23,0.571441448425873
2019-12-24,0.580045596063558
2019-12-25,0.580045596063558
2019-12-26,0.5814922884229903
2019-12-27,0.5809895580867734
2019-12-28,0.5809895580867734
2019-12-29,0.5809895580867734
2019-12-30,0.5858863774646035
2019-12-31,0.5821184959830141
2020-01-01,0.5821184959830141
2020-01-02,0.5745062668025835
2020-01-03,0.5708832300373339
2020-01-04,0.5708832300373339
2020-01-05,0.5708832300373339
2020-01-06,0.5671304180478685
2020-01-07,0.5615924221610544
2020-01-08,0.5560237155862471
2020-01-09,0.5588228744381589
2020-01-10,0.5509075067499576
2020-01-11,0.5509075067499576
2020-01-12,0.5509075067499576
2020-01-13,0.5552302979698385
2020-01-14,0.5668476126618207
2020-01-15,0.558885108283186
2020-01-16,0.5537510993915169
2020-01-17,0.5560419801186118
2020-01-18,0.5560419801186118
2020-01-19,0.5560419801186118
2020-01-20,0.5560419801186118
2020-01-21,0.5528815121178643
2020-01-22,0.5584392804397587
2020-01-23,0.5519633379026376
2020-01-24,0.5315688651693744
2020-01-25,0.5315688651693744
2020-01-26,0.5315688651693744
2020-01-27,0.5054041879081961
2020-01-28,0.5087527894489512
2020-01-29,0.4865153501783246
2020-01-30,0.49172720363653144
2020-01-31,0.461213711154848
2020-02-01,0.461213711154848
2020-02-02,0.461213711154848
2020-02-03,0.47042152955160166
2020-02-04,0.4845294321648721
2020-02-05,0.5197494807276368
2020-02-06,0.5125199655983799
2020-02-07,0.5085657294132755
2020-02-08,0.5085657294132755
2020-02-09,0.5085657294132755
2020-02-10,0.5160673265241797
2020-02-11,0.5401734931193396
2020-02-12,0.5508239070385594
2020-02-13,0.5563730383766743
2020-02-14,0.5404591143645052
2020-02-15,0.5404591143645052
2020-02-16,0.5404591143645052
2020-02-17,0.5404591143645052
2020-02-18,0.5564336042940199
2020-02-19,0.5596284944426464
2020-02-20,0.5541922859617989
2020-02-21,0.5477016340253857
2020-02-22,0.5477016340253857
2020-02-23,0.5477016340253857
2020-02-24,0.5090264293726627
2020-02-25,0.46481822994628286
2020-02-26,0.4286063873064374
2020-02-27,0.36971058053243966
2020-02-28,0.3557020265725499
2020-02-29,0.3557020265725499
2020-03-01,0.3557020265725499
2020-03-02,0.40437852385830864
2020-03-03,0.37234333808272413
2020-03-04,0.41722322193614203
2020-03-05,0.4042957001752696
2020-03-06,0.35786058136161913
2020-03-07,0.35786058136161913
2020-03-08,0.35786058136161913
2020-03-09,0.2506599668248648
2020-03-10,0.310583997918509
2020-03-11,0.21329831471465122
2020-03-12,0.09097526208723261
2020-03-13,0.16614603860445598
2020-03-14,0.16614603860445598
2020-03-15,0.16614603860445598
2020-03-16,0.041978676345894916
2020-03-17,0.07282742386555596
2020-03-18,0.01455457198006549
2020-03-19,0.06686931256162287
2020-03-20,0.0030165148496985594
2020-03-21,0.0030165148496985594
2020-03-22,0.0030165148496985594
2020-03-23,-0.002893770285691266
2020-03-24,0.0580478118409542
2020-03-25,0.07951560422922599
2020-03-26,0.1180561727785967
2020-03-27,0.08007433107061468
2020-03-28,0.08007433107061468
2020-03-29,0.08007433107061468
2020-03-30,0.11141391439702497
2020-03-31,0.11004143260140165
2020-04-01,0.08250853583341455
2020-04-02,0.07253477083054016
2020-04-03,0.05159632039851747
2020-04-04,0.05159632039851747
2020-04-05,0.05159632039851747
2020-04-06,0.12425415587659772
2020-04-07,0.12034785552009408
2020-04-08,0.13697921786707923
2020-04-09,0.15129301226585623
2020-04-10,0.15129301226585623
2020-04-11,0.15129301226585623
2020-04-12,0.15129301226585623
2020-04-13,0.13030253120521706
2020-04-14,0.166802542104588
2020-04-15,0.14476315198736867
2020-04-16,0.1437075498939051
2020-04-17,0.17650457195150993
2020-04-18,0.17650457195150993
2020-04-19,0.17650457195150993
2020-04-20,0.1646874825573834
2020-04-21,0.1270194735870145
2020-04-22,0.1479923365144069
2020-04-23,0.15963418232491144
2020-04-24,0.17374724705658573
2020-04-25,0.17374724705658573
2020-04-26,0.17374724705658573
2020-04-27,0.21109644222366275
2020-04-28,0.19870435140358578
2020-04-29,0.22002973087384747
2020-04-30,0.20608831250099646
2020-05-01,0.16054701116896997
2020-05-02,0.16054701116896997
2020-05-03,0.16054701116896997
2020-05-04,0.15603914196538415
2020-05-05,0.1605708766059255
2020-05-06,0.14162284478797305
2020-05-07,0.16887974699122488
2020-05-08,0.1898995740079683
2020-05-09,0.1898995740079683
2020-05-10,0.1898995740079683
2020-05-11,0.20642325410476126
2020-05-12,0.16443039482362587
2020-05-13,0.12009504122223302
2020-05-14,0.12338374519365014
2020-05-15,0.1493178597868008
2020-05-16,0.1493178597868008
2020-05-17,0.1493178597868008
2020-05-18,0.20946947343102984
2020-05-19,0.20630406849925764
2020-05-20,0.2282553712014035
2020-05-21,0.22242166915924977
2020-05-22,0.2289443574492176
2020-05-23,0.2289443574492176
2020-05-24,0.2289443574492176
2020-05-25,0.2289443574492176
2020-05-26,0.2355161129379606
2020-05-27,0.2648033632764102
2020-05-28,0.27170126573529174
2020-05-29,0.2769308706425204
2020-05-30,0.2769308706425204
2020-05-31,0.2769308706425204
2020-06-01,0.2884268077622094
2020-06-02,0.32252256618479613
2020-06-03,0.34760877029953474
2020-06-04,0.3387370594185355
2020-06-05,0.36157520862550663
2020-06-06,0.36157520862550663
2020-06-07,0.36157520862550663
2020-06-08,0.3891088225950905
2020-06-09,0.3565177778914257
2020-06-10,0.3173929978659371
2020-06-11,0.23942271071642862
2020-06-12,0.25857139626973624
2020-06-13,0.25857139626973624
2020-06-14,0.25857139626973624
2020-06-15,0.26317273152530296
2020-06-16,0.30302861595673214
2020-06-17,0.29320468296651714
2020-06-18,0.2945116704690198
2020-06-19,0.3065944559412357
2020-06-20,0.3065944559412357
2020-06-21,0.3065944559412357
2020-06-22,0.30316957045272863
2020-06-23,0.3013916751333956
2020-06-24,0.2678601827965137
2020-06-25,0.2754612024670928
2020-06-26,0.2505084312010597
2020-06-27,0.2505084312010597
2020-06-28,0.2505084312010597
2020-06-29,0.2708238377332197
2020-06-30,0.2806856077757831
2020-07-01,0.258036279107114
2020-07-02,0.2688864066383365
2020-07-03,0.2688864066383365
2020-07-04,0.2688864066383365
2020-07-05,0.2688864066383365
2020-07-06,0.2848125681501321
2020-07-07,0.2481954741841481
2020-07-08,0.24012246703719198
2020-07-09,0.1959935229942409
2020-07-10,0.22892438260304449
2020-07-11,0.22892438260304449
2020-07-12,0.22892438260304449
2020-07-13,0.22457113044598853
2020-07-14,0.24801868651833225
2020-07-15,0.27524397376317844
2020-07-16,0.27911112097754676
2020-07-17,0.2782619296825042
2020-07-18,0.2782619296825042
2020-07-19,0.2782619296825042
2020-07-20,0.26423309450105137
2020-07-21,0.2941631270450269
2020-07-22,0.30117142974898226
2020-07-23,0.3030422163738695
2020-07-24,0.2977156910327765
2020-07-25,0.2977156910327765
2020-07-26,0.2977156910327765
2020-07-27,0.30182758981997804
2020-07-28,0.29922482856409327
2020-07-29,0.3186994146729185
2020-07-30,0.2957680351406251
2020-07-31,0.2861263332748618
