,Simulated Index,M1,M2
2013-01-02,15.6,15.6,16.72
2013-01-03,16.002,15.9,16.92
2013-01-04,15.574000000000002,15.3,16.67
2013-01-07,15.251,14.75,16.42
2013-01-08,15.362,14.65,16.43
2013-01-09,15.535,14.7,16.37
2013-01-10,15.328,14.2,16.08
2013-01-11,15.427999999999999,14.14,15.98
2013-01-14,15.57,14.09,15.94
2013-01-15,15.604000000000001,14.2,15.76
2013-01-16,17.07,15.5,17.07
2013-01-17,15.69,15.69,16.98
2013-01-18,14.74055556,14.65,16.28
2013-01-22,14.19666667,14.05,15.37
2013-01-23,13.91333333,13.69,15.03
2013-01-24,14.19333333,13.94,15.08
2013-01-25,14.37888889,14.09,15.13
2013-01-28,14.83333333,14.59,15.32
2013-01-29,14.38222222,14.04,14.92
2013-01-30,15.42111111,15.15,15.76
2013-01-31,15.305,14.9,15.71
2013-02-01,14.89555556,14.29,15.38
2013-02-04,15.63833333,15.29,15.86
2013-02-05,15.17666667,14.39,15.57
2013-02-06,15.00222222,14.15,15.33
2013-02-07,15.03888889,14.09,15.31
2013-02-08,14.80833333,13.8,15.01
2013-02-11,14.77111111,13.5,14.93
2013-02-12,14.68111111,13.0,14.78
2013-02-13,15.82,14.75,15.82
2013-02-14,14.55,14.55,15.72
2013-02-15,14.54869565,14.5,15.62
2013-02-19,13.97956522,13.89,14.92
2013-02-20,15.46565217,15.39,15.97
2013-02-21,15.60608696,15.5,16.11
2013-02-22,15.01826087,14.84,15.66
2013-02-25,17.60304348,17.65,17.47
2013-02-26,17.13913043,17.06,17.32
2013-02-27,15.65608696,15.43,16.08
2013-02-28,16.3473913,16.14,16.67
2013-03-01,16.61608696,16.39,16.91
2013-03-04,15.38695652,14.99,15.82
2013-03-05,15.05130435,14.54,15.52
2013-03-06,15.16347826,14.7,15.52
2013-03-07,14.81086957,14.19,15.21
2013-03-08,14.62826087,13.8,15.07
2013-03-11,13.99478261,13.0,14.43
2013-03-12,14.37086957,13.24,14.77
2013-03-13,14.30173913,12.94,14.68
2013-03-14,14.22521739,12.54,14.58
2013-03-15,14.39217391,12.54,14.67
2013-03-18,15.23217391,13.68,15.38
2013-03-19,15.34478261,14.79,15.37
2013-03-20,15.93,14.48,15.93
2013-03-21,14.94,14.94,16.12
2013-03-22,14.86444444,14.8,15.96
2013-03-25,14.68555556,14.55,15.77
2013-03-26,14.42,14.19,15.57
2013-03-27,14.68222222,14.4,15.67
2013-03-28,14.57055556,14.19,15.56
2013-04-01,14.83666667,14.4,15.71
2013-04-02,14.35222222,13.8,15.22
2013-04-03,15.12,14.64,15.72
2013-04-04,14.88,14.25,15.51
2013-04-05,14.96777778,14.34,15.47
2013-04-08,14.51166667,13.65,15.06
2013-04-09,14.54666667,13.6,15.02
2013-04-10,14.09944444,13.11,14.48
2013-04-11,14.17666667,13.15,14.47
2013-04-12,13.88333333,12.75,14.11
2013-04-15,16.64666667,16.7,16.64
2013-04-16,14.70555556,13.95,14.75
2013-04-17,16.71,16.44,16.71
2013-04-18,17.19,17.19,17.46
2013-04-19,15.97458333,15.94,16.77
2013-04-22,15.36416667,15.3,16.07
2013-04-23,14.6525,14.55,15.37
2013-04-24,14.77,14.65,15.37
2013-04-25,14.93958333,14.8,15.47
2013-04-26,14.9775,14.77,15.6
2013-04-29,14.9775,14.75,15.53
2013-04-30,14.73666667,14.42,15.37
2013-05-01,15.42,15.12,15.92
2013-05-02,14.92583333,14.53,15.48
2013-05-03,14.69458333,14.25,15.22
2013-05-06,14.405,13.88,14.93
2013-05-07,14.39791667,13.84,14.87
2013-05-08,14.62166667,13.98,15.08
2013-05-09,14.89625,14.19,15.32
2013-05-10,14.66666667,13.84,15.08
2013-05-13,14.65708333,13.63,15.08
2013-05-14,14.6575,13.54,15.03
2013-05-15,14.82791667,13.68,15.13
2013-05-16,15.09666667,13.93,15.33
2013-05-17,14.83125,13.16,15.07
2013-05-20,14.95,13.3,15.1
2013-05-21,15.32291667,13.55,15.4
2013-05-22,16.4,15.3,16.4
2013-05-23,15.5,15.5,16.55
2013-05-24,15.55555556,15.5,16.5
2013-05-28,15.32777778,15.2,16.35
2013-05-29,15.56666667,15.4,16.4
2013-05-30,15.65555556,15.4,16.55
2013-05-31,16.35555556,16.05,17.15
2013-06-03,16.33333333,16.0,17.0
2013-06-04,16.48888889,16.1,17.1
2013-06-05,17.33888889,17.05,17.7
2013-06-06,16.9,16.55,17.25
2013-06-07,16.41111111,15.8,16.9
2013-06-10,16.27222222,15.6,16.7
2013-06-11,17.36666667,16.9,17.6
2013-06-12,18.46666667,18.25,18.55
2013-06-13,17.5,16.8,17.7
2013-06-14,18.175,17.55,18.3
2013-06-17,17.70555556,16.95,17.8
2013-06-18,17.60277778,16.8,17.65
2013-06-19,18.35,17.55,18.35
2013-06-20,19.65,19.65,19.45
2013-06-21,19.02222222,19.0,19.4
2013-06-24,20.16666667,20.15,20.3
2013-06-25,19.53333333,19.45,19.95
2013-06-26,19.01666667,18.85,19.6
2013-06-27,18.43611111,18.2,19.05
2013-06-28,18.33333333,18.05,18.9
2013-07-01,17.96111111,17.65,18.45
2013-07-02,17.97777778,17.6,18.45
2013-07-03,17.8,17.25,18.35
2013-07-05,16.78333333,15.95,17.45
2013-07-08,16.20555556,15.35,16.75
2013-07-09,16.13333333,15.1,16.65
2013-07-10,15.93333333,14.85,16.35
2013-07-11,15.70555556,14.5,16.05
2013-07-12,15.94166667,14.65,16.2
2013-07-15,15.56111111,14.05,15.75
2013-07-16,16.09166667,14.25,16.2
2013-07-17,16.95,15.6,16.95
2013-07-18,15.45,15.45,16.9
2013-07-19,14.96666667,14.9,16.5
2013-07-22,14.825,14.7,16.2
2013-07-23,14.8375,14.65,16.15
2013-07-24,15.03333333,14.8,16.2
2013-07-25,14.79166667,14.5,15.9
2013-07-26,14.8,14.45,15.85
2013-07-29,15.02916667,14.65,15.95
2013-07-30,14.76666667,14.3,15.7
2013-07-31,14.4625,13.9,15.4
2013-08-01,14.20416667,13.6,15.05
2013-08-02,13.8375,13.15,14.65
2013-08-05,13.75,13.05,14.45
2013-08-06,14.18541667,13.4,14.85
2013-08-07,14.425,13.55,15.05
2013-08-08,14.25,13.25,14.85
2013-08-09,14.65,13.55,15.2
2013-08-12,14.51875,13.35,15.0
2013-08-13,14.45,13.1,14.9
2013-08-14,14.775,13.35,15.15
2013-08-15,15.5,14.25,15.75
2013-08-16,15.45625,14.45,15.6
2013-08-19,15.875,15.05,15.95
2013-08-20,15.62291667,15.0,15.65
2013-08-21,16.95,16.1,16.95
2013-08-22,15.45,15.45,16.4
2013-08-23,15.25833333,15.2,16.25
2013-08-26,15.94444444,15.85,16.7
2013-08-27,17.31666667,17.2,17.9
2013-08-28,17.48333333,17.35,17.95
2013-08-29,17.51666667,17.35,17.95
2013-08-30,17.71666667,17.5,18.15
2013-09-03,17.16111111,16.85,17.65
2013-09-04,17.07777778,16.7,17.55
2013-09-05,16.9,16.4,17.4
2013-09-06,17.05555556,16.5,17.5
2013-09-09,16.41111111,15.8,16.8
2013-09-10,15.95,15.15,16.35
2013-09-11,15.41666667,14.55,15.75
2013-09-12,15.57777778,14.8,15.8
2013-09-13,15.63333333,14.8,15.8
2013-09-16,15.45555556,14.7,15.55
2013-09-17,15.40555556,14.65,15.45
2013-09-18,15.9,14.7,15.9
2013-09-19,14.75,14.75,15.9
2013-09-20,15.06052632,15.0,16.15
2013-09-23,15.46052632,15.35,16.4
2013-09-24,15.23947368,15.05,16.25
2013-09-25,15.29210526,15.05,16.2
2013-09-26,15.10263158,14.8,15.95
2013-09-27,15.76842105,15.5,16.35
2013-09-30,16.45789474,16.2,16.9
2013-10-01,15.78684211,15.45,16.25
2013-10-02,16.61052632,16.35,16.9
2013-10-03,17.35526316,17.25,17.45
2013-10-04,16.91578947,16.8,17.0
2013-10-07,18.40526316,18.5,18.35
2013-10-08,19.19473684,19.4,19.1
2013-10-09,18.73947368,18.85,18.7
2013-10-10,16.75526316,16.4,16.85
2013-10-11,16.28947368,15.7,16.4
2013-10-14,16.57105263,15.9,16.65
2013-10-15,17.34736842,18.2,17.3
2013-10-16,16.55,15.55,16.55
2013-10-17,14.55,14.55,15.6
2013-10-18,14.3875,14.35,15.25
2013-10-21,14.675,14.6,15.5
2013-10-22,14.71875,14.6,15.55
2013-10-23,14.84166667,14.7,15.55
2013-10-24,14.65833333,14.45,15.45
2013-10-25,14.75,14.5,15.5
2013-10-28,14.82708333,14.55,15.5
2013-10-29,14.8,14.45,15.5
2013-10-30,14.925,14.55,15.55
2013-10-31,14.91666667,14.5,15.5
2013-11-01,14.97708333,14.45,15.6
2013-11-04,14.525,13.95,15.1
2013-11-05,14.65,14.0,15.2
2013-11-06,14.42916667,13.7,14.95
2013-11-07,14.96875,14.25,15.4
2013-11-08,14.43333333,13.6,14.85
2013-11-11,14.32708333,13.3,14.75
2013-11-12,14.4375,13.35,14.8
2013-11-13,14.35833333,13.25,14.65
2013-11-14,14.34166667,13.05,14.6
2013-11-15,14.175,12.95,14.35
2013-11-18,14.21666667,13.3,14.3
2013-11-19,14.4625,13.6,14.5
2013-11-20,16.0,14.15,16.0
2013-11-21,13.7,13.7,15.5
2013-11-22,13.68888889,13.6,15.2
2013-11-25,13.80555556,13.65,15.05
2013-11-26,13.95833333,13.75,15.0
2013-11-27,14.12777778,13.85,15.1
2013-11-29,14.28333333,13.95,15.15
2013-12-02,14.6,14.3,15.2
2013-12-03,14.98055556,14.65,15.5
2013-12-04,14.76111111,14.25,15.4
2013-12-05,15.025,14.55,15.5
2013-12-06,14.53333333,13.95,15.0
2013-12-09,14.39166667,13.75,14.8
2013-12-10,14.58333333,13.95,14.9
2013-12-11,15.29722222,14.9,15.45
2013-12-12,15.47777778,15.4,15.5
2013-12-13,15.5,15.5,15.5
2013-12-16,15.76666667,15.9,15.75
2013-12-17,15.58888889,16.25,15.55
2013-12-18,15.55,14.5,15.55
2013-12-19,14.45,14.45,15.6
2013-12-20,14.49761905,14.45,15.45
2013-12-23,14.0047619,13.9,15.0
2013-12-24,13.57142857,13.4,14.6
2013-12-26,13.60952381,13.4,14.5
2013-12-27,13.92619048,13.7,14.65
2013-12-30,14.17142857,13.9,14.85
2013-12-31,14.21666667,13.95,14.75
2014-01-02,14.52380952,14.2,15.05
2014-01-03,14.41428571,14.05,14.9
2014-01-06,14.3047619,13.9,14.75
2014-01-07,14.06904762,13.65,14.45
2014-01-08,14.12857143,13.7,14.45
2014-01-09,14.20714286,13.65,14.55
2014-01-10,13.95,13.25,14.3
2014-01-13,14.33571429,13.8,14.55
2014-01-14,13.86190476,13.1,14.1
2014-01-15,13.95952381,13.15,14.15
2014-01-16,14.17857143,13.45,14.3
2014-01-17,14.17380952,13.45,14.25
2014-01-21,14.05952381,13.25,14.1
2014-01-22,14.8,13.85,14.8
2014-01-23,14.2,14.2,14.95
2014-01-24,16.2,16.2,16.2
2014-01-27,16.11666667,16.1,16.25
2014-01-28,15.25833333,15.2,15.55
2014-01-29,16.41111111,16.4,16.45
2014-01-30,16.63611111,16.65,16.6
2014-01-31,17.51666667,17.6,17.35
2014-02-03,18.96666667,19.2,18.6
2014-02-04,18.51666667,18.65,18.35
2014-02-05,18.95,19.15,18.75
2014-02-06,17.0,17.0,17.0
2014-02-07,15.74444444,15.5,15.9
2014-02-10,15.78333333,15.65,15.85
2014-02-11,15.23055556,15.05,15.3
2014-02-12,14.9,14.55,15.0
2014-02-13,14.89166667,14.6,14.95
2014-02-14,14.64444444,14.2,14.7
2014-02-18,14.43888889,14.25,14.45
2014-02-19,15.8,15.4,15.8
2014-02-20,14.95,14.95,15.4
2014-02-21,15.16666667,15.15,15.45
2014-02-24,15.04444444,15.0,15.4
2014-02-25,14.96666667,14.9,15.3
2014-02-26,15.37777778,15.3,15.65
2014-02-27,15.225,15.1,15.55
2014-02-28,15.4,15.25,15.7
2014-03-03,16.61944444,16.6,16.65
2014-03-04,15.32222222,15.1,15.6
2014-03-05,15.375,15.15,15.6
2014-03-06,15.32777778,15.05,15.55
2014-03-07,15.71388889,15.5,15.85
2014-03-10,15.7,15.3,15.9
2014-03-11,15.94722222,15.55,16.1
2014-03-12,15.80555556,15.3,15.95
2014-03-13,16.6,16.6,16.6
2014-03-14,17.16666667,17.7,17.1
2014-03-17,16.15,16.15,16.15
2014-03-18,16.25,15.6,16.25
2014-03-19,16.0,16.0,16.5
2014-03-20,15.7725,15.75,16.2
2014-03-21,16.045,16.0,16.45
2014-03-24,16.025,15.95,16.45
2014-03-25,15.81,15.7,16.25
2014-03-26,16.2,16.05,16.65
2014-03-27,15.945,15.75,16.4
2014-03-28,15.8275,15.6,16.25
2014-03-31,15.43,15.15,15.85
2014-04-01,14.9275,14.5,15.45
2014-04-02,15.075,14.6,15.55
2014-04-03,14.9725,14.45,15.4
2014-04-04,15.39,14.85,15.75
2014-04-07,15.825,15.5,16.0
2014-04-08,15.57,15.15,15.75
2014-04-09,15.2125,14.5,15.45
2014-04-10,16.17,15.85,16.25
2014-04-11,16.68,16.85,16.65
2014-04-14,16.605,16.2,16.65
2014-04-15,16.4075,15.6,16.45
2014-04-16,16.35,15.9,16.35
2014-04-17,15.6,15.6,16.1
2014-04-21,15.42826087,15.4,16.05
2014-04-22,15.30217391,15.25,15.85
2014-04-23,15.45217391,15.4,15.8
2014-04-24,15.59565217,15.5,16.05
2014-04-25,15.73043478,15.6,16.2
2014-04-28,15.3826087,15.2,15.9
2014-04-29,15.21304348,15.0,15.7
2014-04-30,15.26086957,15.0,15.75
2014-05-01,15.2326087,14.9,15.75
2014-05-02,15.31304348,14.9,15.85
2014-05-05,15.07826087,14.6,15.6
2014-05-06,15.29782609,14.75,15.8
2014-05-07,14.99347826,14.4,15.45
2014-05-08,15.05869565,14.45,15.45
2014-05-09,14.8,14.05,15.2
2014-05-12,14.40434783,13.5,14.8
2014-05-13,14.49782609,13.5,14.85
2014-05-14,14.42391304,13.25,14.75
2014-05-15,14.69130435,13.7,14.9
2014-05-16,14.4673913,13.25,14.65
2014-05-19,14.2326087,13.0,14.35
2014-05-20,14.34130435,13.05,14.4
2014-05-21,15.05,14.1,15.05
2014-05-22,14.05,14.05,15.1
2014-05-23,13.96388889,13.9,15.05
2014-05-27,13.58333333,13.45,14.65
2014-05-28,13.66666667,13.45,14.75
2014-05-29,13.61111111,13.3,14.7
2014-05-30,13.71666667,13.3,14.8
2014-06-02,13.71666667,13.2,14.75
2014-06-03,13.86388889,13.3,14.75
2014-06-04,13.8,13.2,14.55
2014-06-05,13.35,12.65,14.05
2014-06-06,12.72222222,12.0,13.3
2014-06-09,12.96388889,12.2,13.45
2014-06-10,12.85,12.05,13.25
2014-06-11,13.22222222,12.5,13.5
2014-06-12,13.93888889,13.2,14.15
2014-06-13,13.65833333,12.95,13.8
2014-06-16,13.71666667,13.05,13.8
2014-06-17,13.38888889,12.35,13.45
2014-06-18,13.7,12.7,13.7
2014-06-19,12.8,12.8,13.8
2014-06-20,12.95555556,12.9,13.9
2014-06-23,12.72222222,12.6,13.7
2014-06-24,13.24166667,13.1,13.95
2014-06-25,12.86111111,12.65,13.6
2014-06-26,12.98611111,12.75,13.6
2014-06-27,12.93333333,12.65,13.5
2014-06-30,12.8,12.45,13.35
2014-07-01,12.52222222,12.1,13.05
2014-07-02,12.425,11.95,12.9
2014-07-03,12.35555556,11.8,12.8
2014-07-07,12.7,12.15,13.05
2014-07-08,12.86666667,12.4,13.1
2014-07-09,12.68333333,12.25,12.85
2014-07-10,13.27222222,13.0,13.35
2014-07-11,13.10833333,12.65,13.2
2014-07-14,12.67222222,12.05,12.75
2014-07-15,12.95555556,12.2,13.0
2014-07-16,13.6,12.7,13.6
2014-07-17,13.7,13.7,14.25
2014-07-18,13.02916667,13.0,13.7
2014-07-21,13.44583333,13.4,13.95
2014-07-22,13.0875,13.0,13.7
2014-07-23,13.18333333,13.05,13.85
2014-07-24,13.37708333,13.2,14.05
2014-07-25,13.7,13.5,14.3
2014-07-28,13.58333333,13.35,14.15
2014-07-29,13.7,13.45,14.2
2014-07-30,13.83125,13.55,14.3
2014-07-31,15.325,15.2,15.5
2014-08-01,16.07291667,16.05,16.1
2014-08-04,15.15,14.95,15.35
2014-08-05,16.17708333,16.15,16.2
2014-08-06,16.25833333,16.2,16.3
2014-08-07,16.65,16.65,16.65
2014-08-08,16.1,16.0,16.15
2014-08-11,15.15416667,14.8,15.3
2014-08-12,15.025,14.65,15.15
2014-08-13,14.22291667,13.55,14.4
2014-08-14,13.74166667,12.95,13.9
2014-08-15,13.81875,13.25,13.9
2014-08-18,13.32916667,12.55,13.4
2014-08-19,13.44583333,12.2,13.5
2014-08-20,14.2,13.5,14.2
2014-08-21,13.4,13.4,14.15
2014-08-22,13.54166667,13.5,14.25
2014-08-25,13.43888889,13.35,14.15
2014-08-26,13.6,13.45,14.35
2014-08-27,13.75,13.55,14.45
2014-08-28,13.83611111,13.6,14.45
2014-08-29,14.05,13.8,14.55
2014-09-02,14.1,13.75,14.65
2014-09-03,13.94444444,13.5,14.5
2014-09-04,14.0,13.55,14.45
2014-09-05,13.75555556,13.2,14.2
2014-09-08,13.9,13.35,14.25
2014-09-09,14.31666667,13.85,14.55
2014-09-10,14.27777778,13.7,14.5
2014-09-11,14.28888889,13.55,14.5
2014-09-12,14.675,14.05,14.8
2014-09-15,15.11111111,14.4,15.2
2014-09-16,14.325,13.05,14.4
2014-09-17,14.95,14.25,14.95
2014-09-18,14.05,14.05,14.8
2014-09-19,14.18333333,14.15,14.95
2014-09-22,14.94583333,14.9,15.45
2014-09-23,15.4625,15.4,15.9
2014-09-24,14.76666667,14.65,15.35
2014-09-25,15.8625,15.8,16.1
2014-09-26,15.475,15.35,15.85
2014-09-29,16.3375,16.25,16.55
2014-09-30,16.41666667,16.3,16.65
2014-10-01,16.95625,16.9,17.05
2014-10-02,16.65416667,16.55,16.8
2014-10-03,15.475,15.2,15.8
2014-10-06,15.975,15.75,16.2
2014-10-07,17.15416667,17.1,17.2
2014-10-08,15.5125,15.25,15.7
2014-10-09,17.075,17.2,17.0
2014-10-10,19.03333333,19.8,18.65
2014-10-13,21.40416667,22.75,20.85
2014-10-14,20.0375,20.9,19.75
2014-10-15,22.48541667,23.95,22.1
2014-10-16,21.25833333,22.3,21.05
2014-10-17,20.08125,21.0,19.95
2014-10-20,18.31666667,18.5,18.3
2014-10-21,16.925,16.35,16.95
2014-10-22,18.05,18.1,18.05
2014-10-23,17.3,17.3,17.3
2014-10-24,16.95526316,16.95,17.05
2014-10-27,16.93947368,16.95,16.85
2014-10-28,15.73157895,15.7,15.9
2014-10-29,16.3,16.3,16.3
2014-10-30,16.18947368,16.15,16.3
2014-10-31,15.87894737,15.8,16.05
2014-11-03,16.06052632,15.95,16.25
2014-11-04,16.01842105,15.85,16.25
2014-11-05,15.58421053,15.3,15.9
2014-11-06,15.18947368,14.9,15.45
2014-11-07,15.20526316,14.8,15.5
2014-11-10,14.6,14.0,14.95
2014-11-11,14.61315789,14.1,14.85
2014-11-12,14.98947368,14.4,15.2
2014-11-13,15.37105263,14.7,15.55
2014-11-14,15.15,14.35,15.3
2014-11-17,15.24473684,14.35,15.35
2014-11-18,15.23157895,14.0,15.3
2014-11-19,16.25,15.5,16.25
2014-11-20,15.15,15.15,16.05
2014-11-21,15.01111111,14.95,16.05
2014-11-24,14.69444444,14.55,15.85
2014-11-25,14.675,14.45,15.8
2014-11-26,14.52222222,14.2,15.65
2014-11-28,15.15555556,14.85,15.95
2014-12-01,15.95,15.6,16.65
2014-12-02,14.75555556,14.25,15.55
2014-12-03,14.87222222,14.25,15.65
2014-12-04,14.7,13.95,15.45
2014-12-05,14.57222222,13.6,15.35
2014-12-08,15.58611111,14.7,16.15
2014-12-09,15.73333333,14.9,16.15
2014-12-10,17.65277778,17.4,17.75
2014-12-11,19.13888889,19.1,19.15
2014-12-12,19.225,19.6,19.15
2014-12-15,18.84444444,19.6,18.75
2014-12-16,20.26666667,23.1,20.1
2014-12-17,18.15,17.65,18.15
2014-12-18,17.2,17.2,17.6
2014-12-19,16.57857143,16.55,17.15
2014-12-22,16.48214286,16.425,17.025
2014-12-23,16.03928571,15.925,16.725
2014-12-24,16.35833333,16.225,16.925
2014-12-26,15.99166667,15.825,16.525
2014-12-29,16.26071429,16.075,16.725
2014-12-30,16.625,16.425,17.025
2014-12-31,18.10119048,18.025,18.225
2015-01-02,17.99642857,17.825,18.225
2015-01-05,19.16071429,19.125,19.2
2015-01-06,19.770238100000004,19.875,19.675
2015-01-07,18.77857143,18.85,18.725
2015-01-08,17.73690476,17.675,17.775
2015-01-09,18.65833333,18.625,18.675
2015-01-12,19.43214286,19.575,19.375
2015-01-13,19.83214286,20.175,19.725
2015-01-14,20.00833333,20.575,19.875
2015-01-15,20.875,21.475,20.775
2015-01-16,20.17261905,20.625,20.125
2015-01-20,20.12738095,20.175,20.125
2015-01-21,19.025,18.875,19.025
2015-01-22,17.875,17.875,18.125
2015-01-23,18.38333333,18.375,18.525
2015-01-26,17.26944444,17.225,17.625
2015-01-27,17.90833333,17.875,18.075
2015-01-28,20.39722222,20.475,20.125
2015-01-29,19.01944444,19.075,18.875
2015-01-30,20.76666667,21.025,20.25
2015-02-02,19.83888889,19.975,19.625
2015-02-03,18.96388889,18.875,19.075
2015-02-04,19.8,19.775,19.825
2015-02-05,18.89722222,18.675,19.075
2015-02-06,19.40416667,19.175,19.55
2015-02-09,19.825,19.625,19.925
2015-02-10,18.99027778,18.575,19.15
2015-02-11,18.93055556,18.425,19.075
2015-02-12,18.0,16.875,18.225
2015-02-13,17.96666667,16.5,18.15
2015-02-17,18.13611111,16.2,18.25
2015-02-18,18.6,17.875,18.6
2015-02-19,17.625,17.625,18.525
2015-02-20,16.97368421,16.925,17.85
2015-02-23,17.125,17.025,17.975
2015-02-24,16.31447368,16.125,17.325
2015-02-25,16.68815789,16.425,17.675
2015-02-26,16.40657895,16.025,17.475
2015-02-27,16.31447368,15.825,17.375
2015-03-02,15.93289474,15.325,16.975
2015-03-03,16.42763158,15.775,17.325
2015-03-04,16.48289474,15.725,17.325
2015-03-05,16.24605263,15.325,17.075
2015-03-06,17.12236842,16.225,17.775
2015-03-09,16.93026316,15.825,17.575
2015-03-10,17.91710526,16.925,18.375
2015-03-11,18.18289474,17.225,18.525
2015-03-12,17.09868421,15.875,17.425
2015-03-13,17.64605263,16.425,17.875
2015-03-16,17.33289474,16.125,17.475
2015-03-17,17.28289474,15.625,17.375
2015-03-18,17.475,16.525,17.475
2015-03-19,16.525,16.525,17.675
2015-03-20,16.25131579,16.175,17.625
2015-03-23,16.23815789,16.075,17.625
2015-03-24,16.14342105,15.875,17.575
2015-03-25,16.89078947,16.575,18.075
2015-03-26,16.83026316,16.475,17.825
2015-03-27,16.69868421,16.225,17.725
2015-03-30,16.36447368,15.775,17.375
2015-03-31,16.92763158,16.275,17.825
2015-04-01,16.80657895,16.025,17.675
2015-04-02,16.59868421,15.625,17.475
2015-04-03,17.24473684,16.275,17.95
2015-04-06,16.44342105,15.275,17.125
2015-04-07,16.50657895,15.275,17.075
2015-04-08,16.225,14.825,16.725
2015-04-09,15.73289474,14.075,16.175
2015-04-10,15.10921053,13.425,15.425
2015-04-13,15.89078947,14.325,16.075
2015-04-14,15.51710526,13.575,15.625
2015-04-15,16.575,15.325,16.575
2015-04-16,15.125,15.125,16.475
2015-04-17,15.725,15.675,16.875
2015-04-20,15.29166667,15.175,16.575
2015-04-21,15.3,15.125,16.525
2015-04-22,15.15833333,14.925,16.325
2015-04-23,15.02708333,14.725,16.175
2015-04-24,15.0125,14.625,16.175
2015-04-27,15.51875,15.125,16.475
2015-04-28,14.975,14.475,15.975
2015-04-29,15.6,15.075,16.475
2015-04-30,15.98333333,15.525,16.625
2015-05-01,15.1625,14.475,15.975
2015-05-04,15.225,14.475,15.975
2015-05-05,15.92916667,15.225,16.525
2015-05-06,16.25833333,15.675,16.675
2015-05-07,16.08125,15.425,16.475
2015-05-08,15.425,14.375,15.95
2015-05-11,15.95208333,14.925,16.375
2015-05-12,15.75,14.625,16.125
2015-05-13,15.59166667,14.325,15.925
2015-05-14,15.30833333,13.725,15.625
2015-05-15,15.29375,13.675,15.525
2015-05-18,14.83333333,13.275,14.975
2015-05-19,14.80208333,13.125,14.875
2015-05-20,15.975,14.875,15.975
2015-05-21,14.325,14.325,15.525
2015-05-22,14.49722222,14.425,15.725
2015-05-26,15.04166667,14.925,15.975
2015-05-27,14.71666667,14.525,15.675
2015-05-28,14.75277778,14.475,15.725
2015-05-29,14.95833333,14.625,15.825
2015-06-01,14.975,14.575,15.775
2015-06-02,15.32222222,14.875,16.025
2015-06-03,14.95277778,14.375,15.675
2015-06-04,15.525,14.975,16.075
2015-06-05,15.41944444,14.725,15.975
2015-06-08,15.86666667,15.225,16.275
2015-06-09,15.64166667,14.825,16.05
2015-06-10,14.99444444,13.875,15.425
2015-06-11,14.76944444,13.525,15.125
2015-06-12,15.17916667,14.2,15.375
2015-06-15,15.96388889,15.475,16.025
2015-06-16,15.60972222,14.925,15.65
2015-06-17,16.375,15.625,16.375
2015-06-18,14.975,14.975,15.925
2015-06-19,15.46413043,15.425,16.325
2015-06-22,14.61630435,14.525,15.575
2015-06-23,14.23152174,14.075,15.275
2015-06-24,14.7576087,14.575,15.625
2015-06-25,14.8423913,14.625,15.625
2015-06-26,14.77282609,14.525,15.475
2015-06-29,17.39021739,17.375,17.425
2015-06-30,17.3423913,17.325,17.375
2015-07-01,16.02282609,15.925,16.175
2015-07-02,16.96847826,16.925,17.025
2015-07-06,17.29673913,17.225,17.375
2015-07-07,16.5076087,16.325,16.675
2015-07-08,18.28369565,18.425,18.175
2015-07-09,18.73369565,18.825,18.675
2015-07-10,17.03586957,16.775,17.175
2015-07-13,15.24021739,14.475,15.575
2015-07-14,15.18369565,14.075,15.575
2015-07-15,15.05108696,13.975,15.35
2015-07-16,14.20543478,12.925,14.475
2015-07-17,14.22934783,12.925,14.425
2015-07-20,14.07717391,12.525,14.225
2015-07-21,14.14456522,12.375,14.225
2015-07-22,15.325,14.175,15.325
2015-07-23,14.275,14.275,15.425
2015-07-24,14.94736842,14.9,15.8
2015-07-27,15.83289474,15.775,16.325
2015-07-28,14.54868421,14.375,15.475
2015-07-29,14.34868421,14.075,15.375
2015-07-30,14.29342105,13.925,15.325
2015-07-31,14.40131579,13.975,15.325
2015-08-03,14.33552632,13.875,15.125
2015-08-04,14.58815789,14.125,15.225
2015-08-05,14.51710526,13.925,15.175
2015-08-06,14.975,14.475,15.425
2015-08-07,14.825,14.275,15.225
2015-08-10,14.39605263,13.575,14.875
2015-08-11,15.15921053,14.475,15.475
2015-08-12,15.025,14.325,15.275
2015-08-13,14.88552632,14.175,15.075
2015-08-14,14.99078947,14.275,15.125
2015-08-17,14.89868421,13.825,15.025
2015-08-18,15.12763158,14.275,15.175
2015-08-19,16.325,15.725,16.325
2015-08-20,17.325,17.325,17.325
2015-08-21,19.82916667,19.9,18.625
2015-08-24,24.83333333,25.125,22.5
2015-08-25,24.8625,25.325,22.55
2015-08-26,23.225,23.725,21.475
2015-08-27,23.44583333,24.175,21.55
2015-08-28,23.575,24.425,21.875
2015-08-31,25.25833333,26.425,23.425
2015-09-01,27.99166667,29.725,25.825
2015-09-02,24.925,25.975,23.875
2015-09-03,24.65277778,25.625,23.875
2015-09-04,26.65,28.025,25.775
2015-09-08,23.925,24.625,23.575
2015-09-09,24.66944444,25.825,24.225
2015-09-10,23.66944444,24.7,23.375
2015-09-11,23.07083333,23.8,22.925
2015-09-14,22.96944444,23.725,22.875
2015-09-15,20.54444444,22.575,20.425
2015-09-16,19.25,18.975,19.25
2015-09-17,20.425,20.425,20.075
2015-09-18,21.50208333,21.525,20.975
2015-09-21,19.6875,19.675,19.825
2015-09-22,21.69375,21.775,21.125
2015-09-23,21.05,21.125,20.675
2015-09-24,21.72916667,21.875,21.175
2015-09-25,22.1625,22.325,21.675
2015-09-28,23.68125,24.075,22.725
2015-09-29,23.475,23.875,22.675
2015-09-30,22.6875,23.025,22.125
2015-10-01,21.89166667,22.225,21.425
2015-10-02,20.8,21.075,20.475
2015-10-05,19.675,19.875,19.475
2015-10-06,20.10833333,20.325,19.925
2015-10-07,19.3,19.475,19.175
2015-10-08,18.4875,18.425,18.525
2015-10-09,18.30833333,18.175,18.375
2015-10-12,17.04375,16.725,17.175
2015-10-13,18.575,18.275,18.675
2015-10-14,18.64166667,18.325,18.725
2015-10-15,17.075,16.575,17.175
2015-10-16,16.953125,16.1,17.075
2015-10-19,15.89375,15.275,15.95
2015-10-20,16.98541667,16.075,17.025
2015-10-21,18.625,18.225,18.625
2015-10-22,16.025,16.025,16.825
2015-10-23,16.63289474,16.6,17.225
2015-10-26,16.98815789,16.925,17.525
2015-10-27,16.58552632,16.475,17.175
2015-10-28,16.15394737,15.975,16.825
2015-10-29,16.38552632,16.175,16.975
2015-10-30,16.84605263,16.625,17.325
2015-11-02,16.15131579,15.875,16.625
2015-11-03,16.46184211,16.125,16.925
2015-11-04,17.05657895,16.725,17.425
2015-11-05,16.44605263,16.025,16.825
2015-11-06,16.13815789,15.675,16.475
2015-11-09,17.30921053,17.025,17.475
2015-11-10,16.70394737,16.225,16.925
2015-11-11,17.21710526,16.775,17.375
2015-11-12,18.69342105,18.575,18.725
2015-11-13,19.94605263,20.325,19.875
2015-11-16,17.89605263,18.075,17.875
2015-11-17,18.54868421,18.975,18.525
2015-11-18,18.325,17.775,18.325
2015-11-19,18.175,18.175,18.825
2015-11-20,17.47222222,17.425,18.275
2015-11-23,17.11388889,17.025,17.825
2015-11-24,17.575,17.425,18.325
2015-11-25,16.99722222,16.775,17.775
2015-11-27,17.41111111,17.175,18.025
2015-11-30,17.24166667,16.975,17.775
2015-12-01,16.51388889,16.125,17.125
2015-12-02,17.13055556,16.775,17.575
2015-12-03,18.425,18.325,18.525
2015-12-04,16.83611111,16.225,17.325
2015-12-07,17.13611111,16.525,17.525
2015-12-08,18.14166667,17.775,18.325
2015-12-09,19.01111111,18.975,19.025
2015-12-10,19.16944444,19.325,19.125
2015-12-11,22.2125,23.65,21.925
2015-12-14,20.64722222,22.425,20.425
2015-12-15,18.97222222,20.625,18.875
2015-12-16,18.675,18.125,18.675
2015-12-17,19.275,19.275,19.575
2015-12-18,20.43214286,20.425,20.575
2015-12-21,18.86785714,18.825,19.275
2015-12-22,17.91785714,17.825,18.475
2015-12-23,18.00833333,17.875,18.575
2015-12-24,18.36785714,18.225,18.825
2015-12-28,17.96785714,17.825,18.325
2015-12-29,17.675,17.475,18.075
2015-12-30,18.51190476,18.35,18.775
2015-12-31,18.675,18.525,18.875
2016-01-04,19.68214286,19.825,19.525
2016-01-05,19.34642857,19.425,19.275
2016-01-06,20.03928571,20.325,19.825
2016-01-07,22.44166667,23.525,21.775
2016-01-08,23.80833333,25.275,23.075
2016-01-11,22.40357143,23.475,21.975
2016-01-12,21.31309524,22.075,21.075
2016-01-13,23.4297619,24.725,23.125
2016-01-14,22.46071429,23.575,22.275
2016-01-15,24.55238095,26.475,24.35
2016-01-19,24.11190476,25.85,24.025
2016-01-20,23.925,24.725,23.925
2016-01-21,25.075,25.075,24.075
2016-01-22,22.69444444,22.725,22.175
2016-01-25,23.93055556,24.025,23.175
2016-01-26,22.80833333,22.925,22.225
2016-01-27,23.58611111,23.775,22.925
2016-01-28,23.05277778,23.275,22.475
2016-01-29,21.525,21.625,21.325
2016-02-01,21.40833333,21.525,21.225
2016-02-02,22.84166667,23.175,22.425
2016-02-03,22.475,22.775,22.175
2016-02-04,22.74166667,23.075,22.475
2016-02-05,23.46805556,24.125,23.05
2016-02-08,24.45833333,25.425,23.975
2016-02-09,24.93333333,26.125,24.475
2016-02-10,24.99166667,26.275,24.625
2016-02-11,26.16666667,28.125,25.775
2016-02-12,25.31944444,26.875,25.125
2016-02-16,23.875,24.725,23.825
2016-02-17,23.075,22.925,23.075
2016-02-18,22.775,22.775,23.175
2016-02-19,22.39473684,22.375,22.75
2016-02-22,21.08815789,21.025,21.625
2016-02-23,22.23026316,22.175,22.525
2016-02-24,21.84868421,21.775,22.125
2016-02-25,20.98289474,20.825,21.425
2016-02-26,21.58552632,21.475,21.825
2016-02-29,21.92236842,21.775,22.175
2016-03-01,19.80394737,19.425,20.325
2016-03-02,19.74868421,19.275,20.275
2016-03-03,18.95657895,18.325,19.525
2016-03-04,19.56184211,18.925,20.025
2016-03-07,19.36447368,18.575,19.825
2016-03-08,20.34342105,19.625,20.675
2016-03-09,19.84868421,19.075,20.125
2016-03-10,19.71973684,18.95,19.925
2016-03-11,18.86710526,17.625,19.1
2016-03-14,18.67763158,17.425,18.825
2016-03-15,18.96052632,16.9,19.075
2016-03-16,19.175,18.275,19.175
2016-03-17,17.775,17.775,18.825
2016-03-18,17.775,17.725,18.875
2016-03-21,17.09673913,16.975,18.375
2016-03-22,17.02717391,16.825,18.375
2016-03-23,17.98586957,17.725,19.225
2016-03-24,17.74456522,17.375,19.075
2016-03-28,17.55543478,17.125,18.775
2016-03-29,16.6076087,16.075,17.825
2016-03-30,16.41521739,15.85,17.475
2016-03-31,16.59021739,15.925,17.625
2016-04-01,16.18586957,15.425,17.175
2016-04-04,16.73804348,15.925,17.625
2016-04-05,17.63586957,16.775,18.425
2016-04-06,16.6423913,15.625,17.425
2016-04-07,18.24891304,17.275,18.875
2016-04-08,17.88152174,16.675,18.525
2016-04-11,18.43152174,17.075,19.025
2016-04-12,17.66195652,15.925,18.275
2016-04-13,16.89891304,14.825,17.475
2016-04-14,16.82282609,14.675,17.275
2016-04-15,16.76847826,14.725,17.075
2016-04-18,16.01630435,13.825,16.225
2016-04-19,16.09565217,13.25,16.225
2016-04-20,17.925,16.425,17.925
2016-04-21,16.775,16.775,18.475
2016-04-22,16.27236842,16.175,18.025
2016-04-25,16.43026316,16.225,18.175
2016-04-26,16.25657895,15.925,18.025
2016-04-27,15.92763158,15.475,17.625
2016-04-28,17.00131579,16.475,18.475
2016-04-29,17.53815789,16.875,18.975
2016-05-02,16.65921053,15.775,18.175
2016-05-03,17.59342105,16.625,18.925
2016-05-04,17.91710526,16.875,19.075
2016-05-05,17.96184211,16.725,19.075
2016-05-06,17.23026316,15.725,18.325
2016-05-09,17.08552632,15.475,18.025
2016-05-10,16.30394737,14.525,17.125
2016-05-11,17.35657895,15.625,17.975
2016-05-12,17.00131579,15.225,17.475
2016-05-13,17.72763158,15.875,18.075
2016-05-16,17.18289474,15.125,17.425
2016-05-17,17.86447368,15.425,18.0
2016-05-18,19.425,18.075,19.425
2016-05-19,17.975,17.975,19.325
2016-05-20,17.41527778,17.325,18.95
2016-05-23,17.74166667,17.575,19.075
2016-05-24,16.76666667,16.475,18.225
2016-05-25,16.58611111,16.175,18.025
2016-05-26,16.38055556,15.825,17.825
2016-05-27,16.125,15.375,17.625
2016-05-31,16.13055556,15.275,17.475
2016-06-01,16.275,15.275,17.525
2016-06-02,16.0,14.825,17.175
2016-06-03,16.05833333,14.725,17.125
2016-06-06,15.94166667,14.475,16.875
2016-06-07,16.15833333,14.725,16.875
2016-06-08,16.34722222,14.975,16.875
2016-06-09,16.79722222,15.475,17.175
2016-06-10,18.275,17.525,18.425
2016-06-13,21.23611111,21.325,21.225
2016-06-14,20.85833333,20.575,20.875
2016-06-15,20.725,20.575,20.725
2016-06-16,20.025,20.025,20.425
2016-06-17,20.0923913,20.075,20.475
2016-06-20,18.54456522,18.475,19.275
2016-06-21,18.75978261,18.675,19.325
2016-06-22,19.46847826,19.425,19.675
2016-06-23,16.88152174,16.675,17.625
2016-06-24,22.51304348,22.65,22.125
2016-06-27,23.45978261,23.65,23.025
2016-06-28,19.04891304,18.875,19.375
2016-06-29,17.89565217,17.475,18.55
2016-06-30,17.56195652,16.975,18.325
2016-07-01,17.48043478,16.775,18.25
2016-07-05,17.6076087,16.825,18.325
2016-07-06,17.1076087,16.175,17.825
2016-07-07,16.99021739,15.925,17.675
2016-07-08,16.07934783,14.775,16.775
2016-07-11,16.08586957,14.625,16.725
2016-07-12,15.71630435,14.275,16.225
2016-07-13,15.77934783,14.175,16.225
2016-07-14,15.75978261,14.025,16.125
2016-07-15,15.99891304,13.825,16.325
2016-07-18,15.49456522,13.075,15.725
2016-07-19,15.525,12.225,15.675
2016-07-20,17.225,15.475,17.225
2016-07-21,15.825,15.825,17.775
2016-07-22,15.48815789,15.375,17.525
2016-07-25,15.56184211,15.325,17.575
2016-07-26,15.53815789,15.175,17.475
2016-07-27,15.30131579,14.775,17.275
2016-07-28,15.04605263,14.375,16.925
2016-07-29,14.64605263,13.825,16.425
2016-08-01,14.58289474,13.625,16.225
2016-08-02,15.23552632,14.225,16.625
2016-08-03,14.98552632,13.825,16.275
2016-08-04,14.71447368,13.425,15.875
2016-08-05,14.29342105,12.875,15.325
2016-08-08,14.14868421,12.475,15.125
2016-08-09,14.08552632,12.375,14.875
2016-08-10,14.56973684,12.875,15.175
2016-08-11,14.55921053,12.625,15.075
2016-08-12,14.55657895,12.325,14.975
2016-08-15,14.55131579,12.225,14.825
2016-08-16,15.19342105,12.825,15.325
2016-08-17,16.675,14.825,16.675
2016-08-18,14.575,14.575,16.575
2016-08-19,14.76195652,14.675,16.675
2016-08-22,14.90326087,14.725,16.775
2016-08-23,14.96195652,14.675,16.875
2016-08-24,15.47282609,15.125,17.125
2016-08-25,15.39891304,14.975,16.925
2016-08-26,15.62065217,15.125,17.025
2016-08-29,15.32934783,14.675,16.825
2016-08-30,15.3076087,14.525,16.775
2016-08-31,15.41630435,14.575,16.725
2016-09-01,15.48804348,14.575,16.675
2016-09-02,15.09673913,13.925,16.375
2016-09-06,14.67934783,13.375,15.875
2016-09-07,14.66630435,13.225,15.775
2016-09-08,14.92717391,13.375,15.925
2016-09-09,17.38804348,16.475,17.875
2016-09-12,16.43804348,15.325,16.925
2016-09-13,18.18152174,17.775,18.325
2016-09-14,18.76630435,18.375,18.875
2016-09-15,18.025,17.075,18.225
2016-09-16,17.32934783,16.025,17.525
2016-09-19,16.99891304,15.675,17.125
2016-09-20,17.3576087,15.875,17.425
2016-09-21,17.475,16.075,17.475
2016-09-22,15.325,15.325,16.875
2016-09-23,15.65394737,15.575,17.075
2016-09-26,16.39078947,16.275,17.375
2016-09-27,15.73815789,15.525,16.875
2016-09-28,15.54078947,15.225,16.725
2016-09-29,16.21447368,15.925,17.025
2016-09-30,16.14605263,15.775,16.95
2016-10-03,15.95394737,15.475,16.775
2016-10-04,15.87236842,15.325,16.625
2016-10-05,15.85921053,15.125,16.675
2016-10-06,15.79078947,14.975,16.525
2016-10-07,16.13552632,15.325,16.725
2016-10-10,15.71710526,14.675,16.325
2016-10-11,16.61184211,15.825,16.975
2016-10-12,16.98815789,16.325,17.225
2016-10-13,17.41973684,17.025,17.525
2016-10-14,17.21447368,16.625,17.325
2016-10-17,17.06184211,16.525,17.125
2016-10-18,16.575,15.675,16.625
2016-10-19,16.825,16.075,16.825
2016-10-20,15.775,15.775,16.675
2016-10-21,15.625,15.575,16.525
2016-10-24,15.04605263,14.925,16.075
2016-10-25,15.38289474,15.225,16.225
2016-10-26,15.80394737,15.625,16.475
2016-10-27,16.28552632,16.075,16.875
2016-10-28,16.775,16.625,17.1
2016-10-31,17.29868421,17.225,17.425
2016-11-01,17.84605263,17.825,17.875
2016-11-02,18.38289474,18.525,18.225
2016-11-03,19.38026316,19.775,19.025
2016-11-04,19.12236842,19.325,18.975
2016-11-07,16.37236842,16.025,16.575
2016-11-08,16.38552632,15.975,16.575
2016-11-09,15.50131579,14.875,15.725
2016-11-10,16.075,15.325,16.275
2016-11-11,15.93552632,14.925,16.125
2016-11-14,15.81710526,14.475,15.975
2016-11-15,15.16578947,13.2,15.275
2016-11-16,17.075,15.575,17.075
2016-11-17,15.025,15.025,16.675
2016-11-18,15.04891304,14.975,16.675
2016-11-21,14.63152174,14.475,16.275
2016-11-22,14.66630435,14.425,16.275
2016-11-23,14.76413043,14.425,16.375
2016-11-25,14.72717391,14.325,16.175
2016-11-28,14.9076087,14.425,16.275
2016-11-29,14.86847826,14.275,16.225
2016-11-30,15.13369565,14.525,16.275
2016-12-01,15.67065217,15.025,16.675
2016-12-02,15.81413043,15.075,16.775
2016-12-05,14.55326087,13.525,15.675
2016-12-06,14.29891304,13.125,15.375
2016-12-07,14.54021739,13.325,15.475
2016-12-08,14.70326087,13.425,15.525
2016-12-09,14.45978261,13.025,15.225
2016-12-12,14.92065217,13.425,15.575
2016-12-13,14.90108696,13.275,15.475
2016-12-14,14.91195652,13.425,15.325
2016-12-15,14.71847826,13.025,15.075
2016-12-16,14.68152174,12.725,14.975
2016-12-19,14.27065217,12.125,14.475
2016-12-20,14.10978261,11.575,14.225
2016-12-21,15.675,14.025,15.675
2016-12-22,14.275,14.275,15.975
2016-12-23,14.384375,14.275,16.025
2016-12-27,14.203125,13.975,15.8
2016-12-28,14.925,14.625,16.225
2016-12-29,15.2125,14.825,16.375
2016-12-30,15.578125,15.125,16.575
2017-01-03,14.45,13.775,15.575
2017-01-04,13.9625,13.175,14.975
2017-01-05,13.925,13.025,14.825
2017-01-06,13.8875,12.875,14.675
2017-01-09,13.925,12.925,14.525
2017-01-10,13.975,12.875,14.475
2017-01-11,13.8,12.525,14.225
2017-01-12,13.978125,12.475,14.325
2017-01-13,13.96875,12.175,14.225
2017-01-17,14.05,12.175,14.175
2017-01-18,15.625,14.175,15.625
2017-01-19,14.225,14.225,15.575
2017-01-20,13.89868421,13.825,15.225
2017-01-23,13.72236842,13.575,14.975
2017-01-24,13.23815789,13.025,14.375
2017-01-25,13.03026316,12.725,14.175
2017-01-26,13.05657895,12.675,14.125
2017-01-27,13.03026316,12.525,14.125
2017-01-30,13.40921053,12.875,14.325
2017-01-31,13.51447368,12.925,14.325
2017-02-01,13.29078947,12.675,13.975
2017-02-02,13.58289474,12.925,14.175
2017-02-03,13.31447368,12.475,13.925
2017-02-06,13.42236842,12.475,13.975
2017-02-07,13.53289474,12.575,13.975
2017-02-08,13.60657895,12.575,13.975
2017-02-09,13.32763158,12.025,13.675
2017-02-10,13.11447368,11.725,13.375
2017-02-13,12.90131579,11.425,13.075
2017-02-14,12.24078947,11.175,12.3
2017-02-15,14.025,12.875,14.025
2017-02-16,12.975,12.975,14.175
2017-02-17,13.17826087,13.125,14.35
2017-02-21,13.2923913,13.175,14.525
2017-02-22,13.4076087,13.225,14.625
2017-02-23,13.82065217,13.525,15.225
2017-02-24,13.74347826,13.325,15.25
2017-02-27,13.7576087,13.275,15.125
2017-02-28,14.07282609,13.525,15.325
2017-03-01,13.90108696,13.275,15.075
2017-03-02,13.95978261,13.275,15.025
2017-03-03,13.58586957,12.825,14.575
2017-03-06,13.51195652,12.675,14.425
2017-03-07,13.59021739,12.625,14.475
2017-03-08,13.66413043,12.675,14.425
2017-03-09,13.77934783,12.775,14.425
2017-03-10,13.6173913,12.525,14.2
2017-03-13,13.3423913,12.125,13.875
2017-03-14,13.69673913,12.625,14.075
2017-03-15,13.40978261,12.275,13.725
2017-03-16,13.04021739,11.925,13.275
2017-03-17,13.07934783,11.775,13.275
2017-03-20,13.04021739,11.625,13.175
2017-03-21,13.70543478,12.175,13.775
2017-03-22,14.575,13.925,14.575
2017-03-23,14.275,14.275,14.775
2017-03-24,13.95138889,13.925,14.4
2017-03-27,13.63055556,13.575,14.075
2017-03-28,13.02916667,12.925,13.55
2017-03-29,13.05833333,12.925,13.525
2017-03-30,12.97777778,12.825,13.375
2017-03-31,13.375,13.275,13.575
2017-04-03,13.51388889,13.475,13.575
2017-04-04,13.29166667,13.225,13.375
2017-04-05,13.875,13.875,13.875
2017-04-06,13.54722222,13.575,13.525
2017-04-07,13.93333333,14.025,13.875
2017-04-10,14.55833333,15.025,14.325
2017-04-11,14.92777778,15.975,14.525
2017-04-12,15.225,16.275,14.925
2017-04-13,15.40833333,16.325,15.225
2017-04-17,14.40833333,15.075,14.325
2017-04-18,14.34722222,14.725,14.325
2017-04-19,14.525,14.575,14.525
2017-04-20,14.325,14.325,14.325
2017-04-21,14.31973684,14.325,14.225
2017-04-24,12.74342105,12.675,13.325
2017-04-25,12.57763158,12.475,13.125
2017-04-26,12.54342105,12.375,13.175
2017-04-27,12.57236842,12.375,13.125
2017-04-28,12.54342105,12.275,13.125
2017-05-01,12.11973684,11.825,12.625
2017-05-02,12.24605263,11.825,12.825
2017-05-03,12.50131579,12.075,12.975
2017-05-04,12.225,11.725,12.675
2017-05-05,12.29605263,11.775,12.675
2017-05-08,12.08815789,11.425,12.475
2017-05-09,12.14342105,11.425,12.475
2017-05-10,12.225,11.525,12.475
2017-05-11,12.37236842,11.425,12.625
2017-05-12,12.23552632,11.225,12.425
2017-05-15,12.03289474,10.825,12.175
2017-05-16,12.02236842,11.075,12.075
2017-05-17,14.625,14.225,14.625
2017-05-18,14.275,14.275,14.575
2017-05-19,12.7576087,12.725,13.475
2017-05-22,12.3076087,12.225,13.175
2017-05-23,12.45543478,12.325,13.325
2017-05-24,12.14891304,11.975,12.975
2017-05-25,12.2423913,12.025,13.025
2017-05-26,12.18586957,11.925,12.925
2017-05-30,12.09891304,11.825,12.725
2017-05-31,12.12065217,11.825,12.675
2017-06-01,11.93804348,11.625,12.425
2017-06-02,12.01630435,11.625,12.525
2017-06-05,12.18152174,11.775,12.625
2017-06-06,12.41847826,11.975,12.825
2017-06-07,12.35543478,11.875,12.725
2017-06-08,12.17282609,11.625,12.525
2017-06-09,12.27934783,11.725,12.575
2017-06-12,12.43152174,11.875,12.675
2017-06-13,12.05326087,11.425,12.275
2017-06-14,12.10108696,11.475,12.275
2017-06-15,12.26847826,11.525,12.425
2017-06-16,12.19456522,11.325,12.325
2017-06-19,12.01630435,10.875,12.125
2017-06-20,12.03369565,11.125,12.075
2017-06-21,12.825,12.175,12.825
2017-06-22,11.975,11.975,12.725
2017-06-23,11.91666667,11.875,12.625
2017-06-26,11.70833333,11.625,12.375
2017-06-27,12.13333333,12.025,12.675
2017-06-28,11.85277778,11.675,12.475
2017-06-29,12.19166667,12.025,12.625
2017-06-30,12.44166667,12.325,12.675
2017-07-03,12.73055556,12.575,12.975
2017-07-05,12.59166667,12.325,12.925
2017-07-06,13.225,13.025,13.425
2017-07-07,12.85277778,12.575,13.075
2017-07-10,12.59166667,12.225,12.825
2017-07-11,12.49166667,12.125,12.675
2017-07-12,12.175,11.525,12.425
2017-07-13,12.08611111,11.075,12.375
2017-07-14,11.78333333,10.575,12.025
2017-07-17,11.74166667,10.275,11.925
2017-07-18,11.68333333,10.125,11.775
2017-07-19,12.725,11.525,12.725
2017-07-20,11.475,11.475,12.725
2017-07-21,11.44342105,11.375,12.675
2017-07-24,11.45131579,11.325,12.525
2017-07-25,11.39605263,11.175,12.575
2017-07-26,11.55921053,11.275,12.625
2017-07-27,11.74078947,11.425,12.625
2017-07-28,11.76973684,11.375,12.625
2017-07-31,11.71710526,11.275,12.475
2017-08-01,11.73026316,11.225,12.425
2017-08-02,11.91447368,11.275,12.625
2017-08-03,12.06184211,11.325,12.725
2017-08-04,12.14342105,11.275,12.775
2017-08-07,12.04078947,11.125,12.575
2017-08-08,12.48289474,11.525,12.925
2017-08-09,12.71973684,11.725,13.075
2017-08-10,15.24868421,15.525,15.175
2017-08-11,15.29868421,15.425,15.275
2017-08-14,13.09868421,12.45,13.175
2017-08-15,13.13026316,12.325,13.175
2017-08-16,13.775,13.075,13.775
2017-08-17,14.925,14.925,15.025
2017-08-18,14.98152174,14.975,15.125
2017-08-21,14.16847826,14.125,14.625
2017-08-22,13.06630435,12.975,13.675
2017-08-23,13.72934783,13.625,14.225
2017-08-24,13.57717391,13.425,14.125
2017-08-25,13.32282609,13.075,14.025
2017-08-28,13.29891304,13.025,13.925
2017-08-29,13.47065217,13.175,14.025
2017-08-30,13.52717391,13.175,14.075
2017-08-31,13.10326087,12.625,13.725
2017-09-01,13.175,12.625,13.775
2017-09-05,13.61847826,13.175,14.025
2017-09-06,13.74021739,13.175,14.175
2017-09-07,13.58586957,12.825,14.075
2017-09-08,13.95978261,13.275,14.325
2017-09-11,13.18804348,12.075,13.675
2017-09-12,12.98369565,11.875,13.375
2017-09-13,12.62065217,11.525,12.925
2017-09-14,12.75543478,11.475,13.025
2017-09-15,12.69021739,11.125,12.925
2017-09-18,12.27282609,10.675,12.425
2017-09-19,12.35543478,10.825,12.425
2017-09-20,13.175,12.275,13.175
2017-09-21,12.325,12.325,13.275
2017-09-22,12.47763158,12.425,13.425
2017-09-25,12.48026316,12.375,13.375
2017-09-26,12.43289474,12.275,13.275
2017-09-27,12.40657895,12.175,13.275
2017-09-28,12.24078947,11.925,13.125
2017-09-29,12.10131579,11.675,13.025
2017-10-02,11.85394737,11.375,12.675
2017-10-03,11.96447368,11.375,12.775
2017-10-04,12.01184211,11.325,12.775
2017-10-05,11.69342105,10.825,12.475
2017-10-06,11.80921053,10.825,12.525
2017-10-09,12.07236842,11.125,12.625
2017-10-10,11.88289474,10.925,12.325
2017-10-11,11.80657895,10.775,12.175
2017-10-12,11.75921053,10.575,12.075
2017-10-13,11.62236842,10.275,11.875
2017-10-16,11.52763158,10.275,11.675
2017-10-17,11.65394737,10.375,11.725
2017-10-18,12.325,11.575,12.325
2017-10-19,11.475,11.475,12.225
2017-10-20,11.36710526,11.325,12.125
2017-10-23,11.85394737,11.775,12.525
2017-10-24,12.01973684,11.925,12.525
2017-10-25,12.14078947,12.025,12.575
2017-10-26,12.23289474,12.075,12.675
2017-10-27,11.67763158,11.425,12.225
2017-10-30,11.85131579,11.575,12.325
2017-10-31,11.65394737,11.275,12.175
2017-11-01,11.80131579,11.375,12.275
2017-11-02,11.73026316,11.125,12.275
2017-11-03,11.75657895,10.975,12.325
2017-11-06,11.64078947,10.725,12.175
2017-11-07,11.83289474,10.875,12.275
2017-11-08,11.90657895,10.875,12.275
2017-11-09,12.07236842,11.125,12.325
2017-11-10,12.42105263,11.6,12.575
2017-11-13,12.65394737,11.625,12.775
2017-11-14,12.64210526,12.05,12.675
2017-11-15,14.325,13.175,14.325
2017-11-16,12.675,12.675,13.975
2017-11-17,12.67934783,12.625,13.875
2017-11-20,12.1923913,12.075,13.425
2017-11-21,11.80108696,11.625,12.975
2017-11-22,11.71847826,11.475,12.875
2017-11-24,11.72934783,11.425,12.825
2017-11-27,11.72934783,11.325,12.875
2017-11-28,11.71630435,11.275,12.725
2017-11-29,11.97934783,11.475,12.925
2017-11-30,12.20326087,11.675,13.025
2017-12-01,12.48369565,11.875,13.275
2017-12-04,12.54673913,11.925,13.225
2017-12-05,12.55326087,11.875,13.175
2017-12-06,12.48804348,11.725,13.075
2017-12-07,12.08804348,11.175,12.675
2017-12-08,11.82065217,10.875,12.325
2017-12-11,11.47282609,10.325,11.975
2017-12-12,11.5576087,10.375,11.975
2017-12-13,11.65978261,10.525,11.975
2017-12-14,11.61413043,10.375,11.875
2017-12-15,11.27282609,9.925,11.475
2017-12-18,11.19891304,9.875,11.325
2017-12-19,11.27065217,10.075,11.325
2017-12-20,12.325,11.425,12.325
2017-12-21,11.225,11.225,12.225
2017-12-22,11.48125,11.425,12.325
2017-12-26,11.45,11.325,12.325
2017-12-27,11.5125,11.325,12.325
2017-12-28,11.4875,11.225,12.275
2017-12-29,11.7875,11.475,12.475
2018-01-02,11.2875,10.875,11.975
2018-01-03,11.178125,10.675,11.825
2018-01-04,11.2,10.575,11.825
2018-01-05,11.178125,10.475,11.725
2018-01-08,11.225,10.475,11.675
2018-01-09,11.43125,10.675,11.775
2018-01-10,11.325,10.575,11.575
2018-01-11,11.36875,10.475,11.575
2018-01-12,11.5375,10.575,11.675
2018-01-16,12.05625,11.775,12.075
2018-01-17,12.575,12.125,12.575
2018-01-18,12.075,12.075,12.775
2018-01-19,11.95657895,11.925,12.525
2018-01-22,11.89342105,11.825,12.475
2018-01-23,12.09342105,11.975,12.725
2018-01-24,12.37236842,12.225,12.925
2018-01-25,12.58289474,12.425,13.025
2018-01-26,12.56184211,12.325,13.075
2018-01-29,13.63552632,13.525,13.825
2018-01-30,14.01710526,13.975,14.075
2018-01-31,13.56973684,13.475,13.675
2018-02-01,13.35394737,13.275,13.425
2018-02-02,15.24868421,15.625,14.975
2018-02-05,29.90921053,33.225,27.975
2018-02-06,21.925,23.875,21.025
2018-02-07,20.80921053,23.425,19.875
2018-02-08,23.00789474,28.1,21.65
2018-02-09,21.49078947,27.175,20.425
2018-02-12,20.45657895,25.825,19.825
2018-02-13,20.10921053,25.225,19.825
2018-02-14,17.775,17.875,17.775
2018-02-15,17.525,17.525,17.325
2018-02-16,17.7576087,17.775,17.375
2018-02-20,18.32717391,18.375,17.825
2018-02-21,18.50978261,18.575,18.075
2018-02-22,17.99673913,18.075,17.625
2018-02-23,16.80217391,16.775,16.9
2018-02-26,16.175,16.175,16.175
2018-02-27,17.41847826,17.525,17.175
2018-02-28,18.33152174,18.575,17.875
2018-03-01,19.46630435,19.975,18.675
2018-03-02,18.69891304,19.025,18.275
2018-03-05,18.05978261,18.275,17.825
2018-03-06,18.1423913,18.325,17.975
2018-03-07,17.81847826,17.875,17.775
2018-03-08,17.25543478,17.225,17.275
2018-03-09,16.06847826,15.775,16.225
2018-03-12,16.45326087,16.175,16.575
2018-03-13,16.88586957,16.775,16.925
2018-03-14,17.29673913,17.375,17.275
2018-03-15,16.73369565,16.775,16.725
2018-03-16,16.44891304,16.275,16.475
2018-03-19,17.53586957,18.175,17.475
2018-03-20,17.41847826,18.375,17.375
2018-03-21,17.325,17.325,17.325
2018-03-22,19.375,19.375,18.425
2018-03-23,20.36388889,20.425,19.325
2018-03-26,19.24722222,19.325,18.625
2018-03-27,20.275,20.425,19.525
2018-03-28,20.76944444,21.025,19.875
2018-03-29,19.62222222,19.775,19.225
2018-04-02,20.95833333,21.425,20.025
2018-04-03,20.16388889,20.475,19.675
2018-04-04,19.64166667,19.975,19.225
2018-04-05,18.875,19.075,18.675
2018-04-06,20.01388889,20.625,19.525
2018-04-09,20.21388889,20.825,19.825
2018-04-10,19.675,20.175,19.425
2018-04-11,19.64166667,20.075,19.475
2018-04-12,18.74722222,18.825,18.725
2018-04-13,18.09166667,17.925,18.125
2018-04-16,17.225,16.825,17.275
2018-04-17,16.31666667,15.325,16.375
2018-04-18,16.675,16.425,16.675
2018-04-19,16.575,16.575,16.825
2018-04-20,17.02763158,17.025,17.075
2018-04-23,16.84605263,16.825,17.025
2018-04-24,17.64342105,17.675,17.475
2018-04-25,17.71447368,17.725,17.675
2018-04-26,16.91447368,16.875,17.025
2018-04-27,16.55131579,16.425,16.825
2018-04-30,16.73552632,16.625,16.925
2018-05-01,16.35921053,16.275,16.475
2018-05-02,16.69605263,16.625,16.775
2018-05-03,16.525,16.525,16.525
2018-05-04,16.16447368,15.875,16.375
2018-05-07,16.10394737,15.725,16.325
2018-05-08,16.08289474,15.775,16.225
2018-05-09,15.41447368,14.825,15.625
2018-05-10,14.88552632,14.175,15.075
2018-05-11,14.53815789,13.675,14.7
2018-05-14,14.35921053,13.375,14.475
2018-05-15,15.30131579,14.875,15.325
2018-05-16,15.325,14.675,15.325
2018-05-17,14.375,14.375,15.075
2018-05-18,14.55833333,14.525,15.325
2018-05-21,14.13333333,14.075,14.775
2018-05-22,14.31875,14.225,14.975
2018-05-23,14.01666667,13.875,14.725
2018-05-24,13.98645833,13.825,14.6
2018-05-25,14.3,14.125,14.825
2018-05-29,15.99166667,15.925,16.125
2018-05-30,15.3625,15.175,15.675
2018-05-31,15.6125,15.425,15.875
2018-06-01,14.76875,14.425,15.175
2018-06-04,14.3,13.925,14.675
2018-06-05,14.1125,13.625,14.525
2018-06-06,13.65833333,13.075,14.075
2018-06-07,13.8,13.175,14.175
2018-06-08,13.925,13.325,14.225
2018-06-11,13.65416667,12.875,13.975
2018-06-12,13.6375,12.775,13.925
2018-06-13,13.97708333,13.225,14.175
2018-06-14,13.50833333,12.675,13.675
2018-06-15,13.58125,12.575,13.725
2018-06-18,13.59166667,12.675,13.675
2018-06-19,14.19791667,13.575,14.225
2018-06-20,14.625,13.925,14.625
2018-06-21,14.875,14.875,15.275
2018-06-22,14.45921053,14.425,15.075
2018-06-25,16.31973684,16.325,16.275
2018-06-26,15.91447368,15.875,16.125
2018-06-27,16.91447368,16.925,16.875
2018-06-28,16.53815789,16.525,16.575
2018-06-29,16.13552632,16.025,16.375
2018-07-02,16.13552632,16.025,16.325
2018-07-03,16.52236842,16.375,16.725
2018-07-05,15.79078947,15.475,16.075
2018-07-06,15.125,14.575,15.525
2018-07-09,14.31184211,13.775,14.625
2018-07-10,14.10921053,13.425,14.425
2018-07-11,14.69078947,14.175,14.875
2018-07-12,14.23289474,13.325,14.475
2018-07-13,14.02763158,12.975,14.225
2018-07-16,14.13815789,12.975,14.275
2018-07-17,13.87763158,12.125,13.975
2018-07-18,14.875,13.925,14.875
2018-07-19,14.175,14.175,15.025
2018-07-20,14.32236842,14.275,15.175
2018-07-23,14.175,14.075,15.025
2018-07-24,14.359210999999998,14.075,14.975
2018-07-25,14.04605263,13.825,14.875
2018-07-26,14.13289474,13.85,14.925
2018-07-27,14.59342105,14.325,15.175
2018-07-30,15.15131579,14.875,15.625
2018-07-31,14.475,14.075,15.025
2018-08-01,14.67763158,14.275,15.125
2018-08-02,14.47763158,13.925,14.975
2018-08-03,14.26315789,13.525,14.8
2018-08-06,13.87763158,13.025,14.375
2018-08-07,13.61447368,12.725,14.025
2018-08-08,13.60657895,12.575,13.975
2018-08-09,13.81973684,12.675,14.125
2018-08-10,14.61710526,13.775,14.775
2018-08-13,15.41184211,14.875,15.475
2018-08-14,14.67236842,13.725,14.725
2018-08-15,15.225,14.875,15.225
2018-08-16,13.725,13.725,14.775
2018-08-17,13.12934783,13.075,14.325
2018-08-20,12.89673913,12.775,14.175
2018-08-21,13.10326087,12.875,14.625
2018-08-22,12.88217391,12.61,14.175
2018-08-23,14.43152174,14.225,15.175
2018-08-24,14.39891304,14.125,15.175
2018-08-27,14.45978261,14.125,15.225
2018-08-28,14.4923913,14.075,15.275
2018-08-29,14.43369565,13.925,15.225
2018-08-30,15.025,14.525,15.675
2018-08-31,14.575,14.025,15.175
2018-09-04,14.74673913,14.225,15.225
2018-09-05,15.11195652,14.575,15.525
2018-09-06,15.6923913,15.175,16.025
2018-09-07,15.92934783,15.375,16.225
2018-09-10,15.40108696,14.775,15.675
2018-09-11,14.89021739,14.225,15.125
2018-09-12,14.8076087,14.025,15.025
2018-09-13,14.4076087,13.375,14.625
2018-09-14,14.17934783,12.875,14.375
2018-09-17,14.85326087,13.575,14.975
2018-09-18,14.59021739,12.725,14.675
2018-09-19,14.275,11.94,14.275
2018-09-20,14.025,14.025,14.925
2018-09-21,14.1725,14.125,15.075
2018-09-24,14.115,14.025,14.925
2018-09-25,14.21,14.075,14.975
2018-09-26,14.595,14.425,15.275
2018-09-27,14.35,14.125,15.025
2018-09-28,14.275,13.975,14.975
2018-10-01,14.2575,13.925,14.875
2018-10-02,14.355,13.975,14.925
2018-10-03,14.2025,13.775,14.725
2018-10-04,15.05,14.875,15.225
2018-10-05,15.3625,15.225,15.475
2018-10-08,15.705,15.675,15.725
2018-10-09,15.9425,15.975,15.925
2018-10-10,19.005,20.125,18.525
2018-10-11,19.1875,21.175,18.525
2018-10-12,18.485,19.925,18.125
2018-10-15,18.765,20.125,18.525
2018-10-16,17.315,17.675,17.275
2018-10-17,17.13025,17.23,17.125
2018-10-18,18.075,18.425,18.075
2018-10-19,18.425,18.425,18.175
2018-10-22,18.60394737,18.625,18.225
2018-10-23,18.78289474,18.825,18.425
2018-10-24,20.46710526,20.625,19.625
2018-10-25,20.69342105,20.925,19.825
2018-10-26,20.81184211,21.075,20.075
2018-10-29,21.225,21.525,20.575
2018-10-30,20.66710526,20.925,20.225
2018-10-31,20.06447368,20.275,19.775
2018-11-01,19.15657895,19.275,19.025
2018-11-02,19.31184211,19.575,19.075
2018-11-05,19.125,19.425,18.825
2018-11-06,18.40833333,18.625,18.225
2018-11-07,17.0,16.825,17.125
2018-11-08,17.1,16.975,17.175
2018-11-09,17.60833333,17.475,17.675
2018-11-12,18.97291667,19.575,18.725
2018-11-13,19.05,19.425,18.925
2018-11-14,19.58125,20.175,19.425
2018-11-15,19.16666667,19.375,19.125
2018-11-16,18.31875,18.275,18.325
2018-11-19,19.42083333,19.925,19.375
2018-11-20,20.49791667,22.175,20.425
2018-11-21,20.125,22.07,20.125
2018-11-23,20.47763158,20.475,20.525
2018-05-19,14.56083333,14.51,15.12
2018-05-20,14.60916667,14.55,15.26
2018-05-26,14.075,13.9,14.5
2018-05-27,14.38375,14.2,14.83
2018-05-28,14.38375,14.2,14.83
2018-06-02,14.715,14.42,15.01
2018-06-03,14.785,14.4,15.17
2018-06-09,14.04083333,13.46,14.28
2018-06-10,13.9875,13.35,14.25
2018-06-16,13.675,12.85,13.75
2018-06-17,13.65416667,12.6,13.75
2018-06-23,14.35789474,14.3,14.85
2018-06-24,14.61315789,14.55,15.15
2018-06-30,15.92857895,15.8,16.149
2018-07-01,16.22842105,16.07,16.5
2018-07-04,15.87263158,15.65,16.12
2018-07-07,15.28210526,14.72,15.61
2018-07-08,15.1,14.5,15.45
2018-07-14,14.28631579,13.32,14.4
2018-07-15,14.12473684,13.06,14.25
2018-07-21,14.27894737,14.2,14.95
2018-07-22,14.43210526,14.35,15.13
2018-07-28,14.31736842,13.96,14.93
2018-07-29,14.68157895,14.35,15.25
2018-08-04,14.36947368,13.7,14.76
2018-08-05,14.34315789,13.56,14.8
2018-08-11,14.50368421,13.6,14.61
2018-08-12,14.49157895,13.57,14.6
2018-08-18,13.5925,13.5,14.61
2018-08-19,13.15416667,13.05,14.3
2018-08-25,14.27708333,14.0,14.95
2018-08-26,14.3975,14.1,15.12
2018-09-01,15.13,14.6,15.66
2018-09-02,14.57,13.98,15.16
2018-09-03,14.57,13.98,15.16
2018-09-08,15.7325,15.18,15.96
2018-09-09,15.95291667,15.45,16.16
2018-09-15,14.5275,13.18,14.65
2018-09-16,14.26083333,12.95,14.38
2018-09-22,13.99263158,13.9,14.78
2018-09-23,14.38631579,14.3,15.12
2018-09-29,14.53947368,14.23,15.07
2018-09-30,14.35,14.0,14.95
2018-10-06,16.04789474,16.01,16.07
2018-10-07,15.44052632,15.27,15.54
2018-10-13,18.99736842,21.1,18.75
2018-10-14,18.35,20.05,18.15
2018-10-20,18.045,18.06,17.88
2018-10-21,18.52583333,18.55,18.26
2018-10-27,21.4975,21.9,20.52
2018-10-28,20.99666667,21.3,20.26
2018-11-03,19.61,19.85,19.37
2018-11-04,19.365,19.61,19.12
2018-11-10,17.63541667,17.6,17.65
2018-11-11,17.635,17.55,17.67
2018-11-17,19.02833333,19.34,19.0
2018-11-18,18.34583333,18.3,18.35
2018-11-22,21.4,21.4,20.1
2018-11-24,20.16263158,20.15,20.27
2018-11-25,20.45631579,20.45,20.51
2018-11-26,20.45631579,20.45,20.51
2018-11-27,19.41315789,19.35,19.75
2018-11-28,19.08421053,19.0,19.4
2018-11-29,18.80526316,18.7,19.1
2018-11-30,19.15684211,19.1,19.28
2018-12-01,18.30842105,18.15,18.58
2018-12-02,17.86368421,17.65,18.23
2018-12-03,17.86368421,17.65,18.23
2018-12-04,17.29736842,17.07,17.61
2018-12-05,17.3,17.03,17.6
2018-12-06,19.03578947,19.02,19.05
2018-12-07,20.50394737,20.475,20.525
2018-12-10,20.50657895,20.475,20.525
2018-12-11,20.50921053,20.475,20.525
2018-12-12,20.51184211,20.475,20.525
2018-12-13,20.51447368,20.475,20.525
2018-12-14,20.51710526,20.475,20.525
2018-12-17,20.51973684,20.475,20.525
2018-12-18,20.52236842,20.475,20.525
2018-12-19,20.525,20.475,20.525
2018-12-20,22.725,22.725,22.075
2018-12-21,24.22763158,24.3,22.925
2018-12-24,25.62894737,25.9,23.325
2018-12-26,24.24342105,24.675,22.625
2018-12-27,24.47236842,25.025,22.925
2018-12-28,24.58289474,25.325,22.975
2018-12-31,23.475,24.175,22.275
2019-01-01,23.375,24.175,22.275
2019-01-02,22.53289474,23.125,21.875
2019-01-03,23.53289474,24.375,22.775
2019-01-04,21.51973684,21.925,21.225
2019-01-07,21.1,21.425,20.925
2019-01-08,20.625,20.625,20.625
2019-01-09,20.2375,20.125,20.275
2019-01-10,19.995,19.875,20.025
2019-01-11,19.4075,19.025,19.475
2019-01-14,19.45,19.225,19.475
2019-01-15,18.825,18.825,18.825
2019-01-16,19.025,18.87,19.025
2019-01-17,18.525,18.525,18.775
2019-01-18,18.34078947,18.325,18.625
2019-01-21,18.35657895,18.325,18.625
2019-01-22,20.10394737,20.175,19.725
2019-01-23,19.69342105,19.725,19.575
2019-01-24,19.18815789,19.175,19.225
2019-01-25,18.35394737,18.275,18.525
2019-01-28,19.125,19.125,19.125
2019-01-29,18.90394737,18.925,18.875
2019-01-30,18.16447368,17.975,18.375
2019-01-31,17.46710526,17.125,17.775
2019-02-01,17.31447368,17.025,17.525
2019-02-04,16.87236842,16.525,17.075
2019-02-05,16.83289474,16.525,16.975
2019-02-06,16.70657895,16.375,16.825
2019-02-07,17.33289474,17.175,17.375
2019-02-08,17.00394737,16.625,17.075
2019-02-11,16.89605263,16.225,16.975
2019-02-12,16.66710526,15.625,16.725
2019-02-13,16.675,15.6,16.675
2019-02-14,16.925,16.925,17.125
2019-02-15,16.3375,16.325,16.625
2019-02-18,16.35,16.325,16.625
2019-02-19,16.3625,16.325,16.625
2019-02-20,15.68333333,15.575,16.225
2019-02-21,16.0,15.875,16.475
2019-02-22,15.3625,15.175,15.925
2019-02-25,15.73541667,15.575,16.125
2019-02-26,15.94166667,15.725,16.375
2019-02-27,15.91875,15.675,16.325
2019-02-28,15.84583333,15.575,16.225
2019-03-01,15.19166667,14.825,15.625
2019-03-04,15.575,15.275,15.875
2019-03-05,15.8,15.475,16.075
2019-03-06,16.30833333,16.075,16.475
2019-03-07,16.81875,16.725,16.875
2019-03-08,16.875,16.675,16.975
2019-03-11,15.625,15.025,15.925
2019-03-12,15.275,14.475,15.675
2019-03-13,15.00833333,14.075,15.475
2019-03-14,14.85833333,13.925,15.325
2019-03-15,14.40833333,13.475,14.875
2019-03-18,14.85,12.925,15.025
2019-03-19,15.009375,12.35,15.125
2019-03-20,15.325,12.35,15.325
2019-03-21,15.075,15.075,15.925
2019-03-22,16.74605263,16.725,17.125
2019-03-25,16.86710526,16.825,17.225
2019-03-26,16.19736842,16.05,16.75
2019-03-27,16.68631579,16.51,17.18
2019-03-28,15.96578947,15.65,16.65
2019-03-29,15.63026316,15.225,16.325
2019-04-01,15.3382,14.875,15.975
2019-04-02,15.4434,14.875,16.075
2019-04-03,15.4803,14.875,16.025
2019-04-04,15.4408,14.775,15.925
2019-04-05,15.1776,14.325,15.675
2019-04-08,15.23289474,14.475,15.675
2019-04-09,15.32105263,14.5,15.7
2019-04-10,15.88052632,15.07,16.17
2019-04-11,15.16710526,13.825,15.525
2019-04-12,14.45921053,12.775,14.775
2019-04-15,14.56447368,12.775,14.775
2019-04-16,14.63842105,12.63,14.75
2019-04-17,14.625,11.71,14.625
2019-04-18,14.425,14.425,15.575
2019-04-19,14.48552632,14.425,15.575
2019-04-22,14.30131579,14.175,15.375
2019-04-23,14.31447368,14.125,15.325
2019-04-24,14.79605263,14.575,15.625
2019-04-25,15.12763158,14.825,15.975
2019-04-26,14.70394737,14.325,15.525
2019-04-29,14.96710526,14.525,15.725
2019-04-30,14.99342105,14.425,15.775
2019-05-01,15.74605263,15.225,16.325
2019-05-02,15.72763158,15.175,16.225
2019-05-03,15.02763158,14.275,15.575
2019-05-06,16.03026316,15.525,16.325
2019-05-07,17.77236842,17.875,17.725
2019-05-08,17.99078947,18.175,17.925
2019-05-09,17.89605263,17.975,17.875
2019-05-10,16.71447368,16.125,16.825
2019-05-13,19.03289474,19.525,18.975
2019-05-14,18.07763158,18.125,18.075
2019-05-15,17.375,16.925,17.375
2019-05-16,16.775,16.775,17.125
2019-05-17,17.03333333,17.025,17.225
2019-05-20,17.19583333,17.175,17.425
2019-05-21,16.33125,16.275,16.725
2019-05-22,16.33333333,16.225,16.875
2019-05-23,17.3875,17.325,17.625
2019-05-24,16.875,16.725,17.325
2019-05-27,16.81333333,16.65,17.21
2019-05-28,17.49166667,17.375,17.725
2019-05-29,17.86875,17.775,18.025
2019-05-30,17.59166667,17.425,17.825
2019-05-31,18.26666667,18.175,18.375
2019-06-03,18.39,18.33,18.45
2019-06-04,18.17708333,18.15,18.2
2019-06-05,17.03333333,16.625,17.325
2019-06-06,17.19375,16.85,17.4
2019-06-07,17.05833333,16.725,17.225
2019-06-10,16.83541667,16.375,17.025
2019-06-11,16.8875,16.4,17.05
2019-06-12,16.913,16.325,17.025
2019-06-13,16.917,16.125,17.025
2019-06-14,16.695,15.775,16.775
2019-06-17,16.570999999999998,15.275,16.625
2019-06-18,16.625,15.075,16.625
2019-06-19,15.875,14.8,15.875
2019-06-20,16.125,16.125,16.725
2019-06-21,16.55657895,16.525,17.125
2019-06-24,16.34868421,16.275,16.975
2019-06-25,16.77763158,16.675,17.325
2019-06-26,16.68289474,16.525,17.275
2019-06-27,16.31184211,16.075,16.975
2019-06-28,15.85657895,15.525,16.575
2019-07-01,15.36710526,14.925,16.125
2019-07-02,14.79342105,14.225,15.575
2019-07-03,14.73552632,14.025,15.525
2019-07-04,14.81447368,14.025,15.525
2019-07-05,15.10657895,14.325,15.675
2019-07-08,15.60131579,14.875,16.025
2019-07-09,15.68026316,14.825,16.075
2019-07-10,15.16710526,14.025,15.575
2019-07-11,15.04605263,13.625,15.425
2019-07-12,14.89342105,13.125,15.225
2019-07-15,14.97763158,12.875,15.225
2019-07-16,15.19078947,12.775,15.325
2019-07-17,15.725,12.69,15.725
2019-07-18,15.325,15.325,16.375
2019-07-19,15.91041667,15.875,16.725
2019-07-22,15.275,15.175,16.375
2019-07-23,14.94375,14.775,16.125
2019-07-24,14.61666667,14.375,15.825
2019-07-25,14.97708333,14.675,16.125
2019-07-26,14.7375,14.375,15.825
2019-07-29,14.89791667,14.475,15.925
2019-07-30,15.525,15.075,16.425
2019-07-31,16.4875,16.075,17.175
2019-08-01,17.6,17.475,17.775
2019-08-02,17.56666667,17.475,17.675
2019-08-05,20.925,21.625,20.225
2019-08-06,19.53958333,19.675,19.425
2019-08-07,19.22916667,19.375,19.125
2019-08-08,17.94375,17.725,18.075
2019-08-09,18.54166667,18.475,18.575
2019-08-12,20.20833333,20.775,19.975
2019-08-13,18.3875,18.125,18.475
2019-08-14,20.63333333,21.425,20.425
2019-08-15,20.59166667,21.175,20.475
2019-08-16,19.25625,18.775,19.325
2019-08-19,17.97083333,16.825,18.075
2019-08-20,18.42291667,17.225,18.475
2019-08-21,17.375,15.63,17.375
2019-08-22,18.34868421,17.875,18.325
2019-08-23,19.45394737,19.675,19.475
2019-08-26,19.425,19.425,19.425
2019-08-27,20.11710526,20.125,20.075
2019-08-28,19.42763158,19.375,19.625
2019-08-29,18.61973684,18.475,19.025
2019-08-30,18.93552632,18.825,19.175
2019-09-02,18.95394737,18.825,19.175
2019-09-03,19.525,19.525,19.525
2019-09-04,18.35921053,18.075,18.675
2019-09-05,17.775,17.275,18.225
2019-09-06,17.21973684,16.525,17.725
2019-09-09,17.214473684210525,16.425,17.675
2019-09-10,17.217105263157894,16.225,17.675
2019-09-11,16.903947368421054,15.725,17.325
2019-09-12,16.973684210526315,15.75,17.3
2019-09-13,16.684210526315788,15.0,17.0
2019-09-16,16.996052631578944,14.625,17.275
2019-09-17,17.10631578947369,14.7,17.24
2019-09-18,17.3,14.7,17.3
2019-09-19,16.7,16.7,17.76
2019-09-20,16.208947368421054,16.14,17.45
2019-09-23,17.26157894736842,17.15,18.21
2019-09-24,17.024210526315787,16.83,18.06
2019-09-25,17.330526315789477,17.08,18.27
2019-09-26,17.871052631578944,17.65,18.49
2019-09-27,17.79736842105263,17.45,18.55
2019-09-30,18.00578947368421,17.63,18.65
2019-10-01,17.788421052631573,17.3,18.46
2019-10-02,18.428421052631574,18.04,18.86
2019-10-03,19.904736842105265,19.91,19.9
2019-10-04,18.232894736842105,17.625,18.675
2019-10-07,18.50684210526316,17.97,18.82
2019-10-08,18.225263157894734,17.5,18.56
2019-10-09,19.39736842105264,19.25,19.45
2019-10-10,19.344210526315788,19.06,19.42
2019-10-11,18.783157894736842,17.84,18.96
2019-10-14,17.69105263157895,15.66,17.93
2019-10-15,17.494210526315783,15.05,17.63
2019-10-16,16.81,13.65,16.81
2019-10-17,16.8,13.78,16.8
2019-10-18,16.72416666666667,16.69,17.51
2019-10-21,16.535833333333333,16.46,17.37
2019-10-22,16.451249999999998,16.33,17.3
2019-10-23,16.311666666666667,16.13,17.22
2019-10-24,16.505000000000006,16.28,17.36
2019-10-25,16.4925,16.2,17.37
2019-10-28,15.845833333333333,15.42,16.88
2019-10-29,15.989999999999998,15.5,16.97
2019-10-30,16.0625,15.53,16.95
2019-10-31,16.191666666666666,15.65,16.95
2019-11-01,16.265,15.66,16.98
2019-11-04,15.24,14.46,16.02
2019-11-05,15.458333333333336,14.7,16.1
2019-11-06,15.739999999999998,14.9,16.34
2019-11-07,15.94,14.99,16.51
2019-11-08,15.441666666666665,14.275,16.025
2019-11-11,15.833333333333332,14.7,16.3
2019-11-12,15.2525,13.85,15.72
2019-11-13,15.356666666666667,13.9,15.74
2019-11-14,15.308333333333335,13.725,15.625
2019-11-15,14.85625,12.975,15.125
2019-11-18,14.829166666666667,12.675,15.025
2019-11-19,14.854166666666664,12.65,14.95
2019-11-20,15.05,12.65,15.05
2019-11-21,13.01,13.01,15.15
2019-11-22,15.481578947368426,15.4,16.95
2019-11-25,14.580526315789475,14.37,16.37
2019-11-26,14.681578947368415,14.35,16.45
2019-11-27,14.40684210526316,13.95,16.12
2019-11-28,14.465789473684213,13.9,16.05
2019-11-29,14.835526315789476,14.125,16.375
2019-12-02,15.651578947368419,14.97,16.82
2019-12-03,15.822105263157894,15.06,16.87
2019-12-04,16.296315789473685,15.51,17.17
2019-12-05,16.164210526315788,15.28,16.96
2019-12-06,15.553947368421055,14.425,16.375
2019-12-09,15.68842105263158,14.52,16.37
2019-12-10,15.900526315789476,14.71,16.45
2019-12-11,16.542105263157893,15.4,16.95
2019-12-12,16.55368421052631,15.33,16.88
2019-12-13,14.764473684210525,12.575,15.175
2019-12-16,14.551315789473687,12.225,14.825
2019-12-17,14.657894736842106,12.1,14.8
2019-12-18,14.93,12.35,14.93
