,error_iuid
0,HK_20_F0GBR04NVT
1,HK_20_F0GBR04NVN
2,HK_20_F00000J02I
3,HK_20_F00000LJL7
4,HK_20_F0GBR064T4
5,HK_20_F0GBR060R7
6,HK_20_F0GBR067CW
7,HK_20_F00000W2KV
8,HK_20_F00000TXUG
9,HK_20_F0GBR060Q1
10,HK_20_F0GBR04SDO
11,HK_20_F00000UINR
12,HK_20_F0GBR06ID3
13,HK_20_F0GBR04M1I
14,HK_20_F0GBR04SDT
15,HK_20_F0GBR04SE8
16,HK_20_F0GBR04SEF
17,HK_20_F0GBR04SE2
18,HK_20_F0GBR04SDZ
19,HK_20_F0GBR04SE3
20,HK_20_F0GBR06T9D
21,HK_20_F00000WEAF
22,HK_20_F00000VUP8
23,HK_20_F00000VUPB
24,HK_20_F00000N1IT
25,HK_20_F00000N1IP
26,HK_20_0P00001S5C
27,HK_20_F00000O53K
28,HK_20_F00000YCVU
29,HK_20_F00000YCVP
30,HK_20_0P00011NAX
31,HK_20_F00000PX9X
32,HK_20_F0GBR04N2Q
33,HK_20_F00000VDRE
34,HK_20_F00000V8LD
35,HK_20_FOGBR05JGG
36,HK_20_F00000NZ6D
37,HK_20_F0GBR04WPN
38,HK_20_F0GBR05SB9
39,HK_20_F00000H0V8
40,HK_20_0P00012RUV
41,HK_20_F00000VC5S
42,HK_20_F00000HHOH
43,HK_20_F0000045PN
44,HK_20_F000001A9J
45,HK_20_F00000SE8T
46,HK_20_F0GBR04N7H
47,HK_20_F00000PVHQ
48,HK_20_F0HKG05BOQ
49,HK_20_F0HKG05BOR
50,HK_20_F00000OL3Q
51,HK_20_F0HKG06Z3S
52,HK_20_F00000WHVY
53,HK_20_F00000W5RV
54,HK_20_F00000NR51
55,HK_20_F00000MEF5
56,HK_20_F0HKG070NO
57,HK_20_F0HKG05C00
58,HK_20_F00000LPB0
59,HK_20_F00000NXSF
60,HK_20_F00000GY6H
61,HK_20_F00000QD9N
62,HK_20_F00000PJX3
63,HK_20_F00000W1H5
64,HK_20_F00000QIZZ
65,HK_20_F00000NDSE
66,HK_20_F0GBR052D1
67,HK_20_F00000Q84C
68,HK_20_F00000MUDM
69,HK_20_F00000S5YL
70,HK_20_F00000JXYW
71,HK_20_F0GBR04MST
72,HK_20_F00000UK0M
73,HK_20_F000005G5C
74,HK_20_F00000OJ4I
75,HK_20_FHUSA04B96
76,HK_20_F00000QGJE
77,HK_20_F0GBR06SW9
78,HK_20_F000001ZV6
79,HK_20_F0GBR063J7
80,HK_20_F00000SGAC
81,HK_20_F00000NHM7
82,HK_20_F0GBR04VCG
83,HK_20_F00000PNSX
84,HK_20_F00000NB4E
85,HK_20_F000001F9Z
86,HK_20_F0HKG070JR
87,HK_20_F000002055
88,HK_20_F00000OY8Q
89,HK_20_F00000Q0UI
90,HK_20_F000000LJK
91,HK_20_F0HKG05BP0
92,HK_20_F000003Z6K
93,HK_20_F00000PF29
94,HK_20_F0GBR06G5I
95,HK_20_F00000SIAJ
96,HK_20_F0GBR06TKH
97,HK_20_F00000S5VN
98,HK_20_F00000LJA0
99,HK_20_F00000LJ9Z
100,HK_20_F00000MHCT
101,HK_20_F00000PLSQ
102,HK_20_F00000JO6R
103,HK_20_F0GBR04T9R
104,HK_20_F00000JXYS
105,HK_20_F00000JV1O
106,HK_20_F00000O74E
107,HK_20_0P00011NBC
108,HK_20_F00000Q3EL
109,HK_20_F0GBR05Z1K
110,HK_20_F00000T548
111,HK_20_F000003Y9G
112,HK_20_F0HKG05BNA
113,HK_20_F00000RW5R
114,HK_20_F00000O53R
115,HK_20_F0GBR04LID
116,HK_20_F0000027HK
117,HK_20_F00000N3F5
118,HK_20_F000002XPU
119,HK_20_F0GBR04IX0
120,HK_20_F00000NPCU
121,HK_20_0P00011HYY
122,HK_20_F0000045M5
123,HK_20_F000000C2J
124,HK_20_F0HKG05BTA
125,HK_20_F0000022S9
126,HK_20_F000001FS7
127,HK_20_F000000L46
128,HK_20_F000003WRB
129,HK_20_F00000NETF
130,HK_20_F00000LPTN
131,HK_20_F0GBR054A4
132,HK_20_F000001AMM
133,HK_20_F000000L4Z
134,HK_20_F0GBR06BTM
135,HK_20_F0HKG05C0W
136,HK_20_F0000000GK
137,HK_20_F000000RY8
138,HK_20_F00000Q5Q1
139,HK_20_F0GBR04TE7
140,HK_20_F0GBR060LA
141,HK_20_F0GBR060LG
142,HK_20_F0GBR05SEH
143,HK_20_F0HKG06Z56
144,HK_20_F0GBR05AA2
145,HK_20_F0HKG05TWQ
146,HK_20_F0GBR060NE
147,HK_20_F0HKG05C0G
148,HK_20_F000005OFX
149,HK_20_0P00001QFM
150,HK_20_F000000F96
151,HK_20_F0GBR06G12
152,HK_20_F0GBR04ST3
153,HK_20_F0GBR04APH
154,HK_20_FOGBR05U0V
155,HK_20_F0GBR060ML
156,HK_20_F0GBR060NA
157,HK_20_F0GBR060LC
158,HK_20_F0GBR0611D
159,HK_20_F000001W29
160,HK_20_F0000040M9
161,HK_20_F00000JZAO
162,HK_20_F000005I6T
163,HK_20_F0GBR06CY8
164,HK_20_F00000Q9Z8
165,HK_20_F000000RLP
166,HK_20_F000000K62
167,HK_20_F00000NBGZ
168,HK_20_F000000L3F
169,HK_20_F00000Q9ZA
170,HK_20_F0GBR04JKF
171,HK_20_F0000020R0
172,HK_20_F000000AV1
173,HK_20_F0GBR04MYJ
174,HK_20_F0GBR04MYR
175,HK_20_F00000IZWW
176,HK_20_F0GBR052D0
177,HK_20_F00000LIXB
178,HK_20_F0HKG06WZY
179,HK_20_F00000NZJ7
180,HK_20_F000000FWW
181,HK_20_0P0000IY83
182,HK_20_F0GBR04NYT
183,HK_20_0P0000V0MM
184,HK_20_0P0000SO1M
185,HK_20_F00000LPK6
186,HK_20_F00000LPKF
187,HK_20_F00000LPKG
188,HK_20_F00000LI7Q
189,HK_20_F0000028OE
190,HK_20_0P0000IQ1H
191,HK_20_F0000028QF
192,HK_20_0P0000IY38
193,HK_20_0P0000IKM0
194,HK_20_0P0000IMUA
195,HK_20_0P0000TRRF
196,HK_20_F0GBR04U6X
197,HK_20_0P00001EVS
198,HK_20_F00000LPK7
199,HK_20_F00000LPJR
200,HK_20_F00000LPJW
201,HK_20_F00000LPJU
202,HK_20_F00000LL9G
203,HK_20_F0000029PY
204,HK_20_0P0000IVIG
205,HK_20_F0000028MW
206,HK_20_0P0000IMWZ
207,HK_20_F000000GY6
208,HK_20_F0GBR06TUB
209,HK_20_F0000028ND
210,HK_20_0P00000RY6
211,HK_20_0P0000INSY
212,HK_20_0P0000UZFB
213,HK_20_0P0000I3KF
214,HK_20_0P0000TQDJ
215,HK_20_F0GBR04B9W
216,HK_20_F0GBR04BA0
217,HK_20_0P0000I3KG
218,HK_20_0P0000I3KK
219,HK_20_0P0000I3KH
220,HK_20_F0GBR04BBL
221,HK_20_F0GBR059OZ
222,HK_20_F000002MUK
223,HK_20_F000002B7M
224,HK_20_F000002B7L
225,HK_20_F000002B7X
226,HK_20_F000002B7K
227,HK_20_F000000KPP
228,HK_20_F000000OR5
229,HK_20_F000000L0K
230,HK_20_F0GBR04AO0
231,HK_20_0P0000IKLZ
232,HK_20_F0GBR04BQV
233,HK_20_0P0000UZXN
234,HK_20_F0GBR04B8W
235,HK_20_F0GBR054N5
236,HK_20_F0000000RV
237,HK_20_F0000000RW
238,HK_20_F0000000RX
239,HK_20_F0000000RY
240,HK_20_F0000000RZ
241,HK_20_F000011DPX
242,HK_20_F000011DIP
243,HK_20_F000010OW8
244,HK_20_F0000110GW
245,HK_20_F000010YSF
246,HK_20_F000010R2X
247,HK_20_F000010R3B
248,HK_20_F000010P2V
249,HK_20_0P0001EEZ5
250,HK_20_F000010UTH
251,HK_20_F000010WQU
252,HK_20_F000010IVU
253,HK_20_F000010IWA
254,HK_20_F000010MUM
255,HK_20_F000011DRL
256,HK_20_F00000ZFB2
257,HK_20_F000010CFI
258,HK_20_0P0001D4R2
259,HK_20_F00000ZYKY
260,HK_20_F0000106AC
261,HK_20_F000010ADG
262,HK_20_F0000106MQ
263,HK_20_0P0001CXRB
264,HK_20_F00001031N
265,HK_20_F00001066V
266,HK_20_F00000ZZPJ
267,HK_20_F00000YE6M
268,HK_20_F00000ZXTL
269,HK_20_F00000ZWBI
270,HK_20_F00000ZZJD
271,HK_20_F00000ZMFI
272,HK_20_F00000ZQWJ
273,HK_20_F00000ZPCS
274,HK_20_F00000Z9H0
275,HK_20_F00000ZMO3
276,HK_20_F00000ZEAQ
277,HK_20_F00000ZE44
278,HK_20_F00000ZEAC
279,HK_20_F00000ZN9Z
280,HK_20_F0000100EX
281,HK_20_F00000YWD3
282,HK_20_F00000YODZ
283,HK_20_F00000YY8P
284,HK_20_F00000YZT9
285,HK_20_F00000YE8P
286,HK_20_F00000YN5V
287,HK_20_F00000YE8O
288,HK_20_F00000YE1A
289,HK_20_F00000YFA6
290,HK_20_F00000ZP5X
291,HK_20_F00000YIGY
292,HK_20_F0000100G7
293,HK_20_F00000Y99G
294,HK_20_F00000YBRY
295,HK_20_F00000YSW4
296,HK_20_0P000197FU
297,HK_20_0P000196YW
298,HK_20_F00000XG21
299,HK_20_F00000X9SL
300,HK_20_F00000X9SO
301,HK_20_F00000X9SX
302,HK_20_F00000X0T0
303,HK_20_F00000WXEV
304,HK_20_F00000XE8G
305,HK_20_F00000X30C
306,HK_20_F00000WMJN
307,HK_20_F00000WQSS
308,HK_20_F00000WQND
309,HK_20_F00000WPLV
310,HK_20_F00000WGNZ
311,HK_20_F00000WLDV
312,HK_20_0P00016WLG
313,HK_20_F00000WF1T
314,HK_20_F000010MTW
315,HK_20_F00000ZHTH
316,HK_20_F00000ZAZE
317,HK_20_F00000VTBT
318,HK_20_F00000VYH8
319,HK_20_F00000ZHTL
320,HK_20_0P0001628K
321,HK_20_F00000Q06Z
322,HK_20_F00000VB17
323,HK_20_F000010V9Q
324,HK_20_F00000V813
325,HK_20_F00000WLHQ
326,HK_20_F00000V3C0
327,HK_20_F00000V2ZP
328,HK_20_F00000VEYK
329,HK_20_F00000UNEM
330,HK_20_F00000UF1Y
331,HK_20_F00000UEDC
332,HK_20_0P00013YXJ
333,HK_20_F00000TW24
334,HK_20_F00000TWF0
335,HK_20_F00000U5YU
336,HK_20_F00000WK1O
337,HK_20_F00000TI8X
338,HK_20_F00000U3NE
339,HK_20_F00000TIGN
340,HK_20_F00000W9AG
341,HK_20_F00000T4MJ
342,HK_20_F00000TJ79
343,HK_20_F00000T1R3
344,HK_20_F00000SJNA
345,HK_20_F00000SRZZ
346,HK_20_0P00012TZG
