industry,factor_metric,effect_direction,threshold,pr_mean_w_annreport,pr_std_w_annreport,pr_tstat_w_annreport,pr_num_w_annreport
IT服务,RNDOA,Positive,0.75,0.058898699,0.03049925,5.793457072,9
IT服务,RNDOA_gr_2yr,Positive,0.75,0.059222789,0.030512912,5.822727373,9
LED,WRATINGNUMOFOUTPERFORM,Positive,0.75,0.132344527,0.112607653,3.525813503,9
专业工程,ARTOS_TTM_gr_3yr,Negative,0.75,0.108900091,0.120168258,2.718690285,9
专业工程,RNDOE,Positive,0.75,0.140481584,0.142536482,2.956750074,9
专业工程,RNDOE_gr_2yr,Positive,0.75,0.144047057,0.140210117,3.082096928,9
专业工程,ROE_TTM_Abnormal,Positive,0.75,0.121699628,0.148471829,2.459044828,9
专业连锁,ARTOS_TTM_Abnormal,Negative,0.75,0.180844691,0.182778241,2.968263994,9
专业连锁,GPOA_gr_1yr,Positive,0.75,0.148169378,0.138205498,3.216284019,9
专业连锁,GPOA_Semi,Positive,0.75,0.098221655,0.108058047,2.726913658,9
专业连锁,S_gr_1yr,Positive,0.75,0.153236847,0.136697275,3.362982478,9
中压设备,ESTINSTNUM,Positive,0.75,0.059769313,0.02997964,5.980990474,9
中压设备,SOE_TTM_gr_3yr,Positive,0.75,0.134218895,0.170839493,2.356929755,9
中药,DivYield,Positive,0.75,0.074996982,0.106714801,2.108338713,9
中药,RNDOA_gr_1yr,Positive,0.75,0.047241834,0.063127179,2.245078971,9
乳品,RNDOA,Positive,0.75,0.222143491,0.187750107,3.549561077,9
乳品,RNDOA_gr_2yr,Positive,0.75,0.219658639,0.191743991,3.436748729,9
乳品,UNLOCKAMTTMKTCAP,Negative,0.75,0.169057174,0.200680054,2.527264224,9
互联网传媒,UNLOCKAMTTMKTCAP,Negative,0.75,0.111145068,0.131022864,2.544862742,9
低压设备,DivYield,Positive,0.75,0.22656479,0.16755419,4.056564449,9
低压设备,PEDYNAMIC,Negative,0.75,0.134585121,0.181250084,2.227614772,9
低压设备,Positive_NUM,Positive,0.75,0.302992142,0.137104796,6.629793094,9
低压设备,RNDOA,Positive,0.75,0.329441375,0.264160489,3.741377555,9
低压设备,RNDOA_gr_3yr,Positive,0.75,0.329562965,0.264169763,3.742627033,9
低压设备,ROE_TTM_gr_3yr,Positive,0.75,0.224416745,0.266858976,2.522868991,9
低压设备,TOTALACCRUAL,Negative,0.75,0.160987138,0.200015932,2.414614726,9
保险,ESTINSTNUM,Positive,0.75,0.29102339,0.082615371,10.56789027,9
保险,OPOE_TTM_Abnormal,Positive,0.75,0.221256143,0.228233076,2.908292001,9
保险,ROAGrVar,Negative,0.75,0.161853157,0.171472709,2.831701178,9
保险,ROE_TTM_Abnormal,Positive,0.75,0.216915746,0.230095397,2.828162784,9
保险,SH_Abnormal,Negative,0.75,0.101190738,0.120018138,2.529386144,9
储能设备,DivYield,Positive,0.75,0.134574366,0.123995566,3.255947864,9
光伏设备,DivYield_gr_1yr,Positive,0.75,0.20632311,0.257306923,2.405568123,9
光伏设备,ESTMEDIANROA,Positive,0.75,0.298988676,0.240351104,3.731898935,9
光伏设备,RNDOA,Positive,0.75,0.246689516,0.213017963,3.474207234,9
光伏设备,RNDOA_gr_2yr,Positive,0.75,0.303036611,0.223840498,4.061418015,9
光伏设备,UNLOCKAMTTTTUNLOCKAMT,Negative,0.75,0.271884281,0.398650479,2.046035029,9
公交,ARTOS_Semi_gr_3yr,Negative,0.75,0.109236117,0.128144285,2.557338797,9
公交,DivYield_gr_1yr,Positive,0.75,0.188662658,0.1684282,3.360410991,9
公交,GPOA,Positive,0.75,0.21113112,0.278641129,2.273150998,9
公交,GPOE_TTM_gr_1yr,Positive,0.75,0.151716316,0.190494379,2.389303826,9
公交,TOTALACCRUAL,Negative,0.75,0.201397813,0.269360374,2.24306727,9
其他交运设备,BV_gr_3yr,Negative,0.75,0.130997184,0.144370813,2.722098359,9
其他交运设备,CFOOA_Semi_Abnormal,Positive,0.75,0.152653789,0.131189913,3.490827584,9
其他交运设备,CFOOA_TTM,Positive,0.75,0.571508683,0.60347842,2.841072675,9
其他交运设备,CFOOA_TTM_gr_2yr,Positive,0.75,0.309902833,0.268413176,3.46372154,9
其他交运设备,DebtTA,Negative,0.75,0.634438094,0.9486646,2.006308956,9
其他交运设备,discrete_accruals,Negative,0.75,0.631953771,0.902827996,2.099914181,9
其他交运设备,GPOA_Abnormal,Positive,0.75,0.2879779,0.216157125,3.996785682,9
其他交运设备,GPOA_Semi_Abnormal,Positive,0.75,0.258826551,0.04398677,17.65257276,9
其他交运设备,GPOE_Semi_gr_3yr,Positive,0.75,0.210171423,0.069861449,9.02521029,9
其他交运设备,OPOA_TTM_Abnormal,Positive,0.75,0.262307728,0.047181025,16.6788065,9
其他交运设备,PSTTM,Negative,0.75,0.250583276,0.287542928,2.614391638,9
其他交运设备,RNDOA,Positive,0.75,0.57800487,0.433296474,4.001912577,9
其他交运设备,RNDOA_gr_3yr,Positive,0.75,0.473696247,0.323954053,4.386698449,9
其他交运设备,ROA_Semi_Abnormal,Positive,0.75,0.224521978,0.066979268,10.05633465,9
其他农业,ARTOS_Semi_gr_3yr,Negative,0.75,0.120622836,0.174756332,2.070703265,9
其他农业,DivYield_gr_1yr,Positive,0.75,0.214756796,0.146083336,4.410293507,9
其他农业,ESTMEDIANROE,Positive,0.75,0.301036168,0.262598881,3.439117861,9
其他农业,ESTPEG,Negative,0.75,0.300848508,0.239056244,3.775452625,9
其他农业,TPTP,Positive,0.75,0.325812542,0.356345026,2.742952911,9
其他半导体,ARTOS_gr_3yr,Negative,0.75,0.234355521,0.201140677,3.495397205,9
其他半导体,ESTINSTNUM,Positive,0.75,0.573874738,0.186558843,9.228317389,9
其他半导体,ESTMEDIANROA,Positive,0.75,0.136612808,0.149518098,2.741062313,9
其他半导体,GPOE_TTM_Abnormal,Positive,0.75,0.31287039,0.314404307,2.985363587,9
其他半导体,PCFCFOTTM,Negative,0.75,0.167138673,0.172497388,2.906803559,9
其他半导体,RNDOA,Positive,0.75,0.296463895,0.024264075,36.65467019,9
其他半导体,RNDOA_gr_3yr,Positive,0.75,0.388712145,0.091527535,12.7408264,9
其他半导体,ROA_TTM_Abnormal,Positive,0.75,0.109364658,0.162993608,2.012925402,9
其他半导体,WRATINGNUMOFOUTPERFORM,Positive,0.75,0.387125375,0.25902146,4.483706195,9
其他发电,ARTOS_TTM_gr_2yr,Negative,0.75,0.155701828,0.168825718,2.766791047,9
其他发电,CFOOE_Semi_Abnormal,Positive,0.75,0.162885964,0.059673958,8.188796368,9
其他发电,OPOE_TTM_gr_3yr,Positive,0.75,0.161485223,0.235606741,2.056204622,9
其他发电,PCFCFOTTM,Negative,0.75,0.207559756,0.168061503,3.705067832,9
其他发电,RNDOA_gr_1yr,Positive,0.75,0.161352139,0.021013344,23.03566795,9
其他发电,S_Semi_gr_2yr,Positive,0.75,0.117440902,0.134493155,2.619632975,9
其他发电,SOE_TTM,Positive,0.75,0.152479306,0.126487989,3.616453393,9
其他建材,RNDOA,Positive,0.75,0.126174043,0.108111,3.501236036,9
其他建材,RNDOA_gr_2yr,Positive,0.75,0.113171228,0.107402863,3.161123222,9
其他文化传媒,CFOOA_TTM_gr_2yr,Positive,0.75,0.207802121,0.212787627,2.929711513,9
其他文化传媒,ESTMEDIANROA,Positive,0.75,0.248537067,0.286717929,2.600504278,9
其他文化传媒,ESTPE,Negative,0.75,0.194897538,0.202811894,2.882930596,9
其他文化传媒,GPOA_TTM,Positive,0.75,0.269648961,0.279743707,2.891742911,9
其他文化传媒,RNDOE,Positive,0.75,0.246490182,0.217214039,3.404340477,9
其他文化传媒,RNDOE_gr_1yr,Positive,0.75,0.372717711,0.10397678,10.75387347,9
其他文化传媒,ROA_TTM,Positive,0.75,0.164856361,0.198758762,2.488288201,9
其他文化传媒,UNLOCKAMTTMKTCAP,Negative,0.75,0.178387547,0.068854788,7.772337338,9
其他文化传媒,WRATINGNUMOFBUY,Positive,0.75,0.185147968,0.26295495,2.112315835,9
其他电子,RNDOA_gr_3yr,Positive,0.75,0.225482971,0.140130606,4.827274586,9
其他电子,RNDOE,Positive,0.75,0.222840896,0.138007746,4.844095417,9
其他电子,WRATINGNUMOFBUY,Positive,0.75,0.237460187,0.120340542,5.919705432,9
其他采掘,ESTMEDIANROE,Positive,0.75,0.083605658,0.04023616,6.233621014,9
其他采掘,TPTP,Positive,0.75,0.131907456,0.019116623,20.70043291,9
其他饮料,CFOOA_TTM_Abnormal,Positive,0.75,0.1005752,0.141208582,2.136736992,9
其他饮料,RNDOE_gr_3yr,Positive,0.75,0.147381704,0.146154426,3.025191395,9
其它专用机械,DivYield,Positive,0.75,0.115025735,0.126846369,2.720434235,9
其它专用机械,EVA,Positive,0.75,0.118440634,0.148596322,2.391189067,9
其它专用机械,RNDOA,Positive,0.75,0.181706156,0.147934015,3.684875771,9
其它专用机械,RNDOA_gr_1yr,Positive,0.75,0.232093119,0.162447618,4.28617768,9
其它专用机械,UNLOCKAMTTMKTCAP,Negative,0.75,0.115997726,0.102371047,3.399331998,9
其它电源设备,DivYield,Positive,0.75,0.171205304,0.175221293,2.931241413,9
其它电源设备,DivYield_gr_1yr,Positive,0.75,0.181805765,0.078006876,6.991913063,9
其它电源设备,RNDOA,Positive,0.75,0.187240104,0.201265484,2.790942088,9
其它电源设备,RNDOA_gr_1yr,Positive,0.75,0.180934276,0.211784995,2.562990019,9
其它电源设备,WRATINGNUMOFBUY,Positive,0.75,0.099569642,0.087038421,3.431920336,9
其它通用机械,RNDOA,Positive,0.75,0.139404657,0.20817929,2.00891247,9
农产品加工,ESTMEDIANROA,Positive,0.75,0.327045104,0.181025182,5.419883021,9
农产品加工,RNDOA,Positive,0.75,0.28262186,0.252526114,3.357536236,9
农产品加工,RNDOA_gr_1yr,Positive,0.75,0.262009096,0.168388965,4.667926358,9
农产品加工,ROAGrVar,Negative,0.75,0.107862081,0.156294079,2.070367903,9
农产品加工,WRATINGNUMOFBUY,Positive,0.75,0.224651655,0.200042576,3.369057633,9
制冷空调设备,CFOOA_TTM_gr_3yr,Positive,0.75,0.150861358,0.171403712,2.640456668,9
制冷空调设备,OPOA_TTM_gr_3yr,Positive,0.75,0.130874704,0.135362962,2.900528372,9
制冷空调设备,RNDOE,Positive,0.75,0.23084123,0.208168965,3.326738403,9
制冷空调设备,RNDOE_gr_3yr,Positive,0.75,0.23084123,0.208168965,3.326738403,9
动物保健,CFOOE_Semi_Abnormal,Positive,0.75,0.196929028,0.125428874,4.710136225,9
动物保健,MARKET_CAP,Positive,0.75,0.102408128,0.135178554,2.272730216,9
动物保健,OPOA_gr_1yr,Positive,0.75,0.115761455,0.121975234,2.847171141,9
动物保健,PCFCFOTTM,Negative,0.75,0.121010651,0.1814417,2.000818731,9
动物保健,ROEGrVar,Negative,0.75,0.11408917,0.123480934,2.77182476,9
包装印刷,CFOOA_Semi_gr_2yr,Positive,0.75,0.115020644,0.169637332,2.034115543,9
包装印刷,RNDOE,Positive,0.75,0.197676931,0.179933855,3.295826628,9
包装印刷,RNDOE_gr_2yr,Positive,0.75,0.210718108,0.166535814,3.795906175,9
化学制剂,DivYield,Positive,0.75,0.064211849,0.088111967,2.186258598,9
化学制剂,RNDOE,Positive,0.75,0.100228733,0.104872526,2.867158943,9
化学制剂,RNDOE_gr_2yr,Positive,0.75,0.082834686,0.100946514,2.461739881,9
化学制品,DivYield,Positive,0.75,0.061722334,0.067077316,2.760501063,9
化学制品,GPOA_gr_1yr,Positive,0.75,0.091241593,0.102295813,2.675816064,9
化学制品,GPOE_gr_1yr,Positive,0.75,0.087230979,0.107060905,2.44433704,9
化学制品,OPOA_gr_1yr,Positive,0.75,0.081093711,0.099064019,2.455797098,9
化学制品,OPOE_gr_1yr,Positive,0.75,0.077619135,0.102581436,2.269976048,9
化学制品,RNDOA,Positive,0.75,0.117908181,0.078923985,4.481838342,9
化学制品,RNDOA_gr_2yr,Positive,0.75,0.140465693,0.05703266,7.388697678,9
化学制品,ROE_gr_1yr,Positive,0.75,0.080191764,0.093847953,2.563458046,9
化学原料,RNDOE,Positive,0.75,0.191287524,0.133285701,4.3055074,9
化学原料,RNDOE_gr_3yr,Positive,0.75,0.162311697,0.0755465,6.445501696,9
化学原料药,BV_gr_2yr,Negative,0.75,0.103872674,0.116140916,2.683102831,9
化学原料药,RNDOE,Positive,0.75,0.207944685,0.159353762,3.914774578,9
化学原料药,RNDOE_gr_2yr,Positive,0.75,0.223319557,0.170971906,3.918530749,9
化学纤维,DivYield_gr_1yr,Positive,0.75,0.139376084,0.167379994,2.498077823,9
化学纤维,OPOE_Semi_gr_1yr,Positive,0.75,0.104171017,0.147963295,2.112098491,9
医疗器械,ARTOS_Semi_gr_2yr,Negative,0.75,0.107562926,0.156816204,2.0577515,9
医疗服务,ESTMEDIANROA,Positive,0.75,0.401941823,0.291258715,4.140049395,9
医疗服务,EVA,Positive,0.75,0.231572697,0.278406353,2.495338503,9
医疗服务,OPOA_Semi_gr_2yr,Positive,0.75,0.248864652,0.302520203,2.467914374,9
医疗服务,RNDOA,Positive,0.75,0.235144972,0.115364982,6.11480974,9
医疗服务,RNDOA_gr_2yr,Positive,0.75,0.229416652,0.128057387,5.374543175,9
医疗服务,ROA_Semi_gr_2yr,Positive,0.75,0.196442211,0.239401666,2.461664716,9
医疗服务,SOA_gr_2yr,Positive,0.75,0.204550472,0.259088945,2.368497105,9
医药商业,DivYield,Positive,0.75,0.074074588,0.084098918,2.642409305,9
医药商业,RNDOA_gr_3yr,Positive,0.75,0.095632519,0.091026322,3.151808727,9
印制电路板,RNDOE,Positive,0.75,0.128149906,0.102554527,3.748734728,9
印制电路板,RNDOE_gr_3yr,Positive,0.75,0.225722574,0.143776888,4.709850997,9
印刷包装机械,BV_gr_3yr,Negative,0.75,0.268121752,0.208389078,3.859920402,9
印刷包装机械,CFOOA_Abnormal,Positive,0.75,0.175448603,0.248955958,2.114212541,9
印刷包装机械,OPOE_TTM_Abnormal,Positive,0.75,0.217657095,0.245380994,2.661050776,9
印刷包装机械,PPETA,Positive,0.75,0.20664099,0.309470656,2.003172056,9
印刷包装机械,RNDOA,Positive,0.75,0.18693708,0.236683007,2.369461361,9
印刷包装机械,RNDOA_gr_3yr,Positive,0.75,0.213912954,0.266779674,2.405501334,9
印刷包装机械,ROAGrVar,Negative,0.75,0.141242217,0.157351984,2.692858646,9
印刷包装机械,ROE_TTM_Abnormal,Positive,0.75,0.217657095,0.245380994,2.661050776,9
印刷包装机械,SH_Abnormal,Negative,0.75,0.28057767,0.274972364,3.061154942,9
商业物业经营,ESTMEDIANROA,Positive,0.75,0.067401609,0.096399594,2.097569272,9
园林工程,RNDOE_gr_3yr,Positive,0.75,0.116648138,0.170037589,2.0580415,9
地面兵装,RNDOA,Positive,0.75,0.139081653,0.167139004,2.496394915,9
地面兵装,RNDOA_gr_2yr,Positive,0.75,0.13665664,0.166515572,2.462051537,9
基础建设,UNLOCKAMTTTTUNLOCKAMT,Negative,0.75,0.60867558,0.408121031,4.474228484,9
家具,CFOOE_TTM_Abnormal,Positive,0.75,0.103128764,0.147128882,2.102824997,9
家具,RNDOA,Positive,0.75,0.257092816,0.133415785,5.781013434,9
家具,RNDOA_gr_2yr,Positive,0.75,0.206600066,0.153154488,4.046895431,9
家电零部件,ASSET_gr_2yr,Negative,0.75,0.134274648,0.15658405,2.572573286,9
家电零部件,DivYield,Positive,0.75,0.174352418,0.178111439,2.936685361,9
家电零部件,ESTMEDIANROA,Positive,0.75,0.384540937,0.238451679,4.837973109,9
家电零部件,EVA,Positive,0.75,0.193488495,0.207284849,2.800327606,9
家电零部件,Leverage,Negative,0.75,0.152884053,0.215521017,2.128108737,9
家电零部件,OPOE_gr_3yr,Positive,0.75,0.16316369,0.224079776,2.184450023,9
工控自动化,ESTMEDIANROA,Positive,0.75,0.218639128,0.241960163,2.710848658,9
工控自动化,GPOA_gr_1yr,Positive,0.75,0.257270494,0.222688949,3.465872393,9
工控自动化,GPOE,Positive,0.75,0.171788041,0.234561853,2.197135285,9
工控自动化,RNDOA_gr_1yr,Positive,0.75,0.238150033,0.282103828,2.532578539,9
工控自动化,SOA,Positive,0.75,0.166327197,0.196932166,2.533773957,9
工程机械,CFOOA_TTM_gr_1yr,Positive,0.75,0.175448895,0.21899504,2.403463946,9
工程机械,CFOOE_TTM,Positive,0.75,0.172728173,0.200280466,2.587294351,9
工程机械,RNDOA,Positive,0.75,0.336872435,0.487021492,2.07509796,9
工程机械,RNDOA_gr_2yr,Positive,0.75,0.316849197,0.45672386,2.081230417,9
平面媒体,DivYield,Positive,0.75,0.099821499,0.140228023,2.135553862,9
平面媒体,DivYield_gr_1yr,Positive,0.75,0.110128759,0.158583333,2.083360661,9
平面媒体,UNLOCKAMTTMKTCAP,Negative,0.75,0.189220009,0.116977774,4.852716944,9
房屋建设,ESTPE,Negative,0.75,0.120747351,0.168137432,2.154440263,9
房屋建设,RNDOA,Positive,0.75,0.18870501,0.150753088,3.755246656,9
房屋建设,RNDOA_gr_2yr,Positive,0.75,0.184644425,0.152767924,3.625978946,9
房屋建设,TPTP,Positive,0.75,0.119333699,0.147356366,2.429491893,9
房屋建设,UNLOCKAMTTMKTCAP,Negative,0.75,0.237639066,0.071803648,9.928704406,9
房屋建设,WRATINGNUMOFBUY,Positive,0.75,0.179899803,0.166287124,3.245587484,9
文娱用品和其他,ARTOS_TTM,Negative,0.75,0.210928963,0.290663052,2.177046179,9
文娱用品和其他,CFOOA_TTM,Positive,0.75,0.221232809,0.322933127,2.055219402,9
文娱用品和其他,CFOOE_TTM_gr_1yr,Positive,0.75,0.192433649,0.161817662,3.567601589,9
文娱用品和其他,ESTPE,Negative,0.75,0.292654032,0.266025376,3.300294544,9
文娱用品和其他,GPOA_TTM,Positive,0.75,0.24658535,0.342401082,2.16049566,9
文娱用品和其他,GPOE_gr_2yr,Positive,0.75,0.233584771,0.300026425,2.335641977,9
文娱用品和其他,OPOA_Semi_gr_1yr,Positive,0.75,0.16408945,0.174873813,2.814991803,9
文娱用品和其他,RNDOE,Positive,0.75,0.348225496,0.511496957,2.042390429,9
文娱用品和其他,RNDOE_gr_1yr,Positive,0.75,0.420400419,0.416708248,3.02658098,9
文娱用品和其他,ROA_TTM_gr_1yr,Positive,0.75,0.202227017,0.228872447,2.650738683,9
新能源发电,UNLOCKAMTTMKTCAP,Negative,0.75,0.114268036,0.121642055,2.818138086,9
显示器件,RNDOE,Positive,0.75,0.129764702,0.158697955,2.453050543,9
显示器件,RNDOE_gr_2yr,Positive,0.75,0.162022606,0.151144136,3.215922435,9
有线电视网络,ASSET_gr_1yr,Negative,0.75,0.106929132,0.158453449,2.024489829,9
有线电视网络,ESTMEDIANROA,Positive,0.75,0.061723569,0.066641333,2.778616517,9
有线电视网络,UNLOCKAMTTMKTCAP,Negative,0.75,0.239333274,0.254216002,2.8243691,9
服装家纺,RNDOE_gr_2yr,Positive,0.75,0.172884454,0.198607618,2.611447468,9
机床工具,ARTOS_gr_1yr,Negative,0.75,0.187368953,0.205631928,2.733558283,9
机床工具,BV_gr_1yr,Negative,0.75,0.19612048,0.275316574,2.137036037,9
机床工具,CFOOE_TTM_gr_1yr,Positive,0.75,0.224070832,0.1343975,5.001674105,9
机床工具,PEDYNAMIC,Negative,0.75,0.137367563,0.123733497,3.330566891,9
机床工具,Positive_NUM,Positive,0.75,0.410944,0.325572111,3.78666341,9
机床工具,RNDOA,Positive,0.75,0.17850305,0.211746007,2.529016519,9
机床工具,RNDOE_gr_1yr,Positive,0.75,0.214520543,0.200246808,3.213842133,9
机床工具,ROAGrVar,Negative,0.75,0.078617561,0.113093352,2.085469032,9
机床工具,SH_Abnormal,Negative,0.75,0.150256874,0.161972093,2.783014124,9
机床工具,TOTALACCRUAL,Negative,0.75,0.172364422,0.229578259,2.252361652,9
机床工具,WRATINGINSTNUM,Positive,0.75,0.410944,0.325572111,3.78666341,9
机械基础件,ARTOS_Semi_gr_2yr,Negative,0.75,0.136581839,0.176202404,2.325425245,9
机械基础件,GPOE_TTM_gr_1yr,Positive,0.75,0.168077838,0.214967864,2.345622752,9
机械基础件,RNDOE,Positive,0.75,0.165396875,0.111297187,4.458249442,9
机械基础件,RNDOE_gr_2yr,Positive,0.75,0.166326893,0.110716085,4.506849015,9
机械基础件,UNLOCKAMTTTTUNLOCKAMT,Negative,0.75,0.512430283,0.571038773,2.692095391,9
机械基础件,WRATINGNUMOFOUTPERFORM,Positive,0.75,0.293110204,0.02826998,31.10474795,9
楼宇设备,BV_gr_3yr,Negative,0.75,0.177568898,0.242286192,2.19866716,9
楼宇设备,CFOOA_Semi,Positive,0.75,0.175736061,0.249852576,2.110077026,9
楼宇设备,CFOOA_Semi_gr_2yr,Positive,0.75,0.099114477,0.11580105,2.56770927,9
楼宇设备,DivYield,Positive,0.75,0.263365801,0.13176029,5.996475916,9
楼宇设备,DivYield_gr_1yr,Positive,0.75,0.492015191,0.455119357,3.243205434,9
楼宇设备,EVA,Positive,0.75,0.204606975,0.285694994,2.148518312,9
楼宇设备,GPOE_TTM_gr_1yr,Positive,0.75,0.228987502,0.287725622,2.387561105,9
楼宇设备,OPOA_Semi,Positive,0.75,0.224197647,0.309022557,2.176517294,9
楼宇设备,OPOA_TTM_gr_1yr,Positive,0.75,0.195360892,0.275506108,2.12729467,9
楼宇设备,RNDOA_gr_1yr,Positive,0.75,0.13069181,0.140879186,2.783061433,9
楼宇设备,ROA_gr_1yr,Positive,0.75,0.196633256,0.277713416,2.124131326,9
楼宇设备,ROA_Semi,Positive,0.75,0.223196002,0.316961202,2.112523558,9
楼宇设备,S_gr_1yr,Positive,0.75,0.186647212,0.268560304,2.084975431,9
楼宇设备,SOE_gr_1yr,Positive,0.75,0.178327616,0.214924089,2.489171173,9
橡胶,RNDOA,Positive,0.75,0.109021806,0.026497019,12.34347988,9
橡胶,RNDOA_gr_2yr,Positive,0.75,0.119860385,0.028442566,12.64236004,9
水务,RNDOA_gr_1yr,Positive,0.75,0.054631439,0.037898712,4.324535354,9
水务,UNLOCKAMTTMKTCAP,Negative,0.75,0.088476689,0.086651556,3.063188685,9
汽车整车,RNDOA_gr_1yr,Positive,0.75,0.225974085,0.285583035,2.37381838,9
汽车服务,discrete_accruals,Negative,0.75,0.124302594,0.153971718,2.421923898,9
汽车服务,ESTMEDIANROA,Positive,0.75,0.293866139,0.133604787,6.598554088,9
汽车服务,RNDOA_gr_1yr,Positive,0.75,0.366069138,0.27972891,3.925970364,9
汽车服务,TOTALACCRUAL,Negative,0.75,0.127246079,0.161175073,2.368469457,9
汽车服务,UNLOCKAMTTMKTCAP,Negative,0.75,0.147810932,0.079355936,5.587897028,9
汽车零部件,CFOOE_TTM_gr_3yr,Positive,0.75,0.076263926,0.113627721,2.013520777,9
汽车零部件,GPOA_Semi_gr_3yr,Positive,0.75,0.072827993,0.091771984,2.380726343,9
港口,RNDOA,Positive,0.75,0.024385006,0.010037951,7.287843485,9
港口,RNDOA_gr_3yr,Positive,0.75,0.024385006,0.010037951,7.287843485,9
火电,WRATINGNUMOFHOLD,Positive,0.75,0.034362117,0.013103056,7.867351705,9
物流,UNLOCKAMTTMKTCAP,Negative,0.75,0.175532315,0.084235333,6.251497182,9
环保工程及服务,WRATINGNUMOFHOLD,Positive,0.75,0.077021215,0.103276232,2.237336142,9
珠宝首饰,DivYield_gr_1yr,Positive,0.75,0.216420377,0.245811823,2.641293345,9
珠宝首饰,ESTMEDIANROA,Positive,0.75,0.087758936,0.13036926,2.019469999,9
珠宝首饰,GPOE_gr_3yr,Positive,0.75,0.23253289,0.276823839,2.520009371,9
珠宝首饰,OPOE_Abnormal,Positive,0.75,0.223238882,0.2594957,2.580839084,9
珠宝首饰,ROE_gr_3yr,Positive,0.75,0.161237813,0.208606779,2.318781022,9
珠宝首饰,SOA_gr_3yr,Positive,0.75,0.171520204,0.163654263,3.144193162,9
生物制品,RNDOE_gr_2yr,Positive,0.75,0.040934066,0.052991035,2.317414571,9
生物制品,UNLOCKAMTTMKTCAP,Negative,0.75,0.081555985,0.059154113,4.136110575,9
电子系统组装,RNDOA,Positive,0.75,0.139480714,0.130063147,3.217222972,9
电子系统组装,RNDOA_gr_2yr,Positive,0.75,0.157882133,0.127971704,3.701180686,9
电子零部件制造,CFOOE_TTM_Abnormal,Positive,0.75,0.202727069,0.243356478,2.499137115,9
电子零部件制造,GPOA_gr_1yr,Positive,0.75,0.142724211,0.148741385,2.87863819,9
电子零部件制造,GPOE,Positive,0.75,0.125662533,0.176850673,2.131671842,9
电子零部件制造,S_TTM_gr_3yr,Positive,0.75,0.130017099,0.186492811,2.091508488,9
电机,ARTOS_TTM_gr_1yr,Negative,0.75,0.230491949,0.175455269,3.941037785,9
电机,ESTMEDIANROE,Positive,0.75,0.035329038,0.037589081,2.819625035,9
电机,ESTPEG,Negative,0.75,0.09194143,0.1276924,2.160068165,9
电机,SH_Abnormal,Negative,0.75,0.096217715,0.123011286,2.34655823,9
电机,UNLOCKAMTTMKTCAP,Negative,0.75,0.118347583,0.150566147,2.358051648,9
畜禽养殖,RNDOE_gr_2yr,Positive,0.75,0.328845738,0.47958047,2.0570838,9
白色家电,RNDOA_gr_1yr,Positive,0.75,0.129256588,0.100062769,3.87526517,9
白酒,SOE_Abnormal,Positive,0.75,0.105482147,0.128906758,2.45484757,9
石油化工,WRATINGNUMOFOUTPERFORM,Positive,0.75,0.115979138,0.122834514,2.832570435,9
种植业,RNDOA,Positive,0.75,0.173659467,0.115866784,4.49635678,9
种植业,RNDOA_gr_3yr,Positive,0.75,0.182379359,0.119471548,4.579651671,9
稀有金属,DivYield_gr_1yr,Positive,0.75,0.101052975,0.125776343,2.410301625,9
稀有金属,GPOE_TTM_gr_2yr,Positive,0.75,0.131596552,0.195357376,2.020858723,9
稀有金属,SOA_TTM_gr_2yr,Positive,0.75,0.128827108,0.18790307,2.056812187,9
线缆部件及其他,Positive_NUM,Positive,0.75,0.055977237,0.073852926,2.273866729,9
终端设备,RNDOA,Positive,0.75,0.122662807,0.149223485,2.466022165,9
终端设备,RNDOA_gr_2yr,Positive,0.75,0.159237898,0.130355683,3.664694033,9
综合,GPOE_TTM_gr_2yr,Positive,0.75,0.123617305,0.150337976,2.466787991,9
综合,RNDOE,Positive,0.75,0.173745475,0.151471744,3.441146268,9
综合,RNDOE_gr_3yr,Positive,0.75,0.16828523,0.141627875,3.564663318,9
航天装备,DivYield,Positive,0.75,0.161768568,0.057305415,8.468758144,9
航天装备,UNLOCKAMTTMKTCAP,Negative,0.75,0.026910204,0.015456658,5.223031493,9
航空装备,RNDOE_gr_1yr,Positive,0.75,0.15904168,0.168101254,2.838319338,9
船舶制造,DivYield,Positive,0.75,0.50743933,0.445787043,3.414899591,9
船舶制造,DivYield_gr_1yr,Positive,0.75,0.326035281,0.225372788,4.339946493,9
船舶制造,RNDOE,Positive,0.75,0.399299048,0.304877848,3.929105215,9
船舶制造,RNDOE_gr_3yr,Positive,0.75,0.272634666,0.11380464,7.186912537,9
船舶制造,UNLOCKAMTTMKTCAP,Negative,0.75,0.218274171,0.263665333,2.483536628,9
营销服务,UNLOCKAMTTTTUNLOCKAMT,Negative,0.75,0.284699286,0.404999768,2.108884811,9
被动元件,WRATINGNUMOFOUTPERFORM,Positive,0.75,0.312473148,0.155334504,6.034843664,9
装修装饰,OPOE_gr_1yr,Positive,0.75,0.10591064,0.15045756,2.111771068,9
视听器材,DivYield_gr_1yr,Positive,0.75,0.085398509,0.117048325,2.188801316,9
计算机设备,UNLOCKAMTTTTUNLOCKAMT,Negative,0.75,0.139172374,0.185639273,2.249077549,9
计量仪表,ARTOS_gr_2yr,Negative,0.75,0.145607704,0.172424206,2.533421046,9
计量仪表,DivYield_gr_1yr,Positive,0.75,0.267701662,0.20330539,3.950239524,9
调味发酵品,CFOOE,Positive,0.75,0.188761859,0.266316266,2.126364958,9
调味发酵品,CFOOE_TTM_gr_3yr,Positive,0.75,0.123948163,0.150945742,2.463431451,9
调味发酵品,ESTINSTNUM,Positive,0.75,0.355474105,0.325749237,3.273752296,9
调味发酵品,ESTMEDIANROE,Positive,0.75,0.301719586,0.171696422,5.271855698,9
调味发酵品,GPOE_TTM_Abnormal,Positive,0.75,0.238504867,0.239944092,2.982005497,9
调味发酵品,OPOA_Semi,Positive,0.75,0.238420224,0.298446766,2.396610566,9
调味发酵品,OPOA_Semi_gr_3yr,Positive,0.75,0.266492967,0.185705137,4.305098467,9
调味发酵品,ROA_Semi,Positive,0.75,0.234461475,0.306384647,2.295756109,9
调味发酵品,ROA_Semi_gr_3yr,Positive,0.75,0.275463735,0.18546612,4.455752915,9
调味发酵品,SOE_TTM_gr_3yr,Positive,0.75,0.197384829,0.146556254,4.040458688,9
调味发酵品,TPTP,Positive,0.75,0.077321349,0.092293101,2.513341115,9
软件开发,RNDOA_gr_2yr,Positive,0.75,0.098480992,0.091731592,3.220733111,9
运输,RNDOE_gr_1yr,Positive,0.75,0.15246079,0.14342054,3.189099478,9
通信传输设备,RNDOA,Positive,0.75,0.268398511,0.276729439,2.909685129,9
通信传输设备,RNDOA_gr_1yr,Positive,0.75,0.227820257,0.260602366,2.622619207,9
通信传输设备,UNLOCKAMTTMKTCAP,Negative,0.75,0.427669828,0.109189788,11.75026997,9
通信配套服务,CFOOA_gr_3yr,Positive,0.75,0.120889811,0.176566753,2.054007489,9
通信配套服务,DivYield,Positive,0.75,0.241091517,0.093839159,7.707598389,9
通信配套服务,GPOE_gr_3yr,Positive,0.75,0.124753834,0.138424469,2.703723583,9
通信配套服务,SOE_gr_1yr,Positive,0.75,0.123890134,0.130801464,2.841485035,9
造纸,WRATINGNUMOFBUY,Positive,0.75,0.28274958,0.084773797,10.00602507,9
造纸,WRATINGNUMOFOUTPERFORM,Positive,0.75,0.131508996,0.144489562,2.730487811,9
酒店、餐饮和其他,CFOOA_Semi,Positive,0.75,0.143200196,0.214218901,2.005428021,9
酒店、餐饮和其他,CFOOA_Semi_gr_1yr,Positive,0.75,0.204505208,0.243612926,2.51840342,9
酒店、餐饮和其他,ESTMEDIANROE,Positive,0.75,0.211007466,0.275306682,2.299335397,9
酒店、餐饮和其他,ESTPE,Negative,0.75,0.221444339,0.313505808,2.11904533,9
酒店、餐饮和其他,ESTPEG,Negative,0.75,0.258330926,0.278480003,2.782938701,9
酒店、餐饮和其他,OPOA_TTM_gr_2yr,Positive,0.75,0.205386591,0.207484631,2.969664649,9
酒店、餐饮和其他,RNDOA,Positive,0.75,0.246515645,0.155238933,4.763926955,9
酒店、餐饮和其他,RNDOA_gr_2yr,Positive,0.75,0.326634589,0.12285049,7.976392846,9
酒店、餐饮和其他,ROA_TTM_gr_2yr,Positive,0.75,0.238158763,0.183642832,3.890575425,9
酒店、餐饮和其他,WRATINGNUMOFBUY,Positive,0.75,0.197924334,0.143169569,4.147340846,9
采掘,DivYield,Positive,0.75,0.052318143,0.052965267,2.963346347,9
采掘,GPOA_gr_2yr,Positive,0.75,0.076228853,0.101255,2.258521134,9
采掘,RNDOE,Positive,0.75,0.086868808,0.129128939,2.0181876,9
采掘,RNDOE_gr_3yr,Positive,0.75,0.086051844,0.127769132,2.020484345,9
采掘服务,UNLOCKAMTTMKTCAP,Negative,0.75,0.223459894,0.308555948,2.172635751,9
重型机械,CFOOE_gr_2yr,Positive,0.75,0.094565956,0.106572802,2.66201002,9
重型机械,RNDOA,Positive,0.75,0.295685734,0.14771715,6.005106376,9
重型机械,RNDOE_gr_1yr,Positive,0.75,0.170589862,0.096132269,5.323598311,9
重型机械,ROA_TTM,Positive,0.75,0.150007571,0.202280723,2.224743444,9
重型机械,UNLOCKAMTTMKTCAP,Negative,0.75,0.239845687,0.306190465,2.349965604,9
金属制品,ASSET_gr_2yr,Negative,0.75,0.14921653,0.206292691,2.169973098,9
金属非金属新材料,RNDOA,Positive,0.75,0.140375092,0.115380363,3.649886914,9
金属非金属新材料,RNDOA_gr_2yr,Positive,0.75,0.147446375,0.058710868,7.534194977,9
钢铁,RNDOA,Positive,0.75,0.162937875,0.142881066,3.421122468,9
钢铁,RNDOA_gr_1yr,Positive,0.75,0.155176867,0.135661668,3.431555925,9
铜,OPOE_Semi,Positive,0.75,0.174574209,0.194200287,2.696816952,9
铜,OPOE_Semi_gr_1yr,Positive,0.75,0.158266379,0.225379268,2.106667318,9
铜,RNDOE,Positive,0.75,0.154785699,0.125790727,3.691505003,9
铜,RNDOE_gr_1yr,Positive,0.75,0.142512306,0.125172788,3.415573975,9
铜,ROA_Semi_gr_2yr,Positive,0.75,0.173045362,0.25142574,2.064769046,9
铜,ROE_Semi,Positive,0.75,0.177589564,0.250158715,2.129722696,9
铜,WRATINGNUMOFOUTPERFORM,Positive,0.75,0.121050675,0.083437563,4.352380568,9
铝,DivYield,Positive,0.75,0.112539032,0.123040542,2.743949995,9
铝,ESTPE,Negative,0.75,0.088530003,0.129820443,2.045825774,9
铝,GPOA_Semi_gr_2yr,Positive,0.75,0.110766039,0.158159611,2.101030192,9
铝,WRATINGNUMOFHOLD,Positive,0.75,0.121421263,0.123303022,2.954216212,9
银行,ROA_gr_2yr,Positive,0.75,0.0543874,0.07117738,2.292332174,9
银行,S_TTM_gr_2yr,Positive,0.75,0.062541071,0.083283563,2.252824025,9
银行,SOE_TTM_Abnormal,Positive,0.75,0.086982903,0.130295638,2.002743256,9
集成电路,GPOE_TTM_gr_1yr,Positive,0.75,0.116986675,0.144358592,2.431168254,9
集成电路,OPOA_TTM_gr_3yr,Positive,0.75,0.104890021,0.143678305,2.190101442,9
集成电路,SOA_Semi_gr_1yr,Positive,0.75,0.136271256,0.16913255,2.417120593,9
集成电路,UNLOCKAMTTMKTCAP,Negative,0.75,0.195470694,0.163421421,3.588342831,9
风电设备,ESTPE,Negative,0.75,0.23036028,0.228598069,3.023126329,9
风电设备,RNDOA_gr_3yr,Positive,0.75,0.242886295,0.33322986,2.186655434,9
食品综合,BV_gr_3yr,Negative,0.75,0.155931278,0.210201338,2.225456018,9
食品综合,DivYield,Positive,0.75,0.129941022,0.170097438,2.291763297,9
食品综合,OPOA_TTM_gr_2yr,Positive,0.75,0.09260319,0.136972206,2.028218545,9
食品综合,RNDOA,Positive,0.75,0.117647267,0.105066025,3.359238173,9
饲料,ARTOS_Semi_Abnormal,Negative,0.75,0.113915242,0.165831591,2.06079989,9
饲料,GPOE,Positive,0.75,0.145781125,0.204323877,2.140441835,9
饲料,RNDOE_gr_3yr,Positive,0.75,0.213133486,0.070289195,9.096710511,9
高压设备,DivYield,Positive,0.75,0.145511548,0.117415803,3.717852546,9
高压设备,WRATINGNUMOFOUTPERFORM,Positive,0.75,0.126703358,0.177526961,2.141139979,9
高速公路,RNDOE_gr_1yr,Positive,0.75,0.053487927,0.023171568,6.92502902,9
黄金,ESTPE,Negative,0.75,0.139175752,0.203801734,2.048693335,9
黄金,RNDOA,Positive,0.75,0.228002485,0.295636107,2.313680359,9
黄金,RNDOA_gr_3yr,Positive,0.75,0.228002485,0.295636107,2.313680359,9
房地产开发,S_TTM_gr_2yr,Positive,0.75,0.062541071,0.083283563,2.252824025,9
房地产开发,CFOOA_gr_3yr,Positive,0.75,0.120889811,0.176566753,2.054007489,9
多业态零售,S_TTM_gr_2yr,Positive,0.75,0.062541071,0.083283563,2.252824025,9
多业态零售,ARTOA,Negative,0.75,0.113915242,0.165831591,2.06079989,9
百货,S_TTM_gr_2yr,Positive,0.75,0.062541071,0.083283563,2.252824025,9
百货,ARTOA,Negative,0.75,0.113915242,0.165831591,2.06079989,9
