Stkcd,Indcd,Nindcd,Nnindcd
000001.SZ,1,I01,J66
000002.SZ,3,J,K70
000004.SZ,2,G87,I65
000005.SZ,2,K99,N77
000006.SZ,3,J,K70
000007.SZ,3,J,K70
000008.SZ,5,C75,C37
000009.SZ,4,M,S90
000010.SZ,3,E01,E48
000011.SZ,3,J,K70
000012.SZ,5,C61,C30
000014.SZ,3,J,K70
000016.SZ,5,G,C39
000017.SZ,5,C75,C37
000018.SZ,4,E05,E50
000019.SZ,6,H,F51
000020.SZ,5,G,C39
000021.SZ,5,G,C39
000022.SZ,2,F07,G55
000023.SZ,5,C61,C30
000024.SZ,3,J,K70
000025.SZ,6,H,F51
000026.SZ,6,H11,F52
000027.SZ,5,D01,D44
000028.SZ,6,H,F51
000029.SZ,3,J,K70
000030.SZ,5,C75,C36
000031.SZ,3,J,K70
000032.SZ,6,H,F51
000033.SZ,6,K32,H61
000034.SZ,6,H,F51
000035.SZ,2,K99,N77
000036.SZ,3,J,K70
000037.SZ,5,D01,D44
000038.SZ,2,K99,L72
000039.SZ,5,C69,C33
000040.SZ,5,D01,D44
000042.SZ,3,J,K70
000043.SZ,3,J,K70
000045.SZ,5,G,C39
000046.SZ,1,I99,J69
000048.SZ,5,C01,C13
000049.SZ,5,C76,C38
000050.SZ,5,G,C39
000055.SZ,5,C69,C33
000056.SZ,2,K99,L72
000058.SZ,2,K99,L72
000059.SZ,5,C41,C25
000060.SZ,5,C67,C32
000061.SZ,2,K99,L72
000062.SZ,6,H,F51
000063.SZ,5,G,C39
000065.SZ,3,E01,E48
000066.SZ,5,G,C39
000068.SZ,2,K20,M74
000069.SZ,3,J,K70
000070.SZ,5,C76,C38
000078.SZ,6,H11,F52
000088.SZ,2,F03,G54
000089.SZ,2,F09,G56
000090.SZ,3,E01,E48
000096.SZ,6,H,F51
000099.SZ,2,F09,G56
000100.SZ,5,G,C39
000150.SZ,2,K37,Q83
000151.SZ,6,H,F51
000153.SZ,5,C81,C27
000155.SZ,5,D01,D44
000156.SZ,2,L10,R86
000157.SZ,5,C73,C35
000158.SZ,2,G87,I65
000159.SZ,6,H,F51
000166.SZ,1,I21,J67
000301.SZ,5,C47,C28
000333.SZ,5,C76,C38
000338.SZ,5,C75,C36
000400.SZ,5,C76,C38
000401.SZ,5,C61,C30
000402.SZ,3,J,K70
000403.SZ,5,C81,C27
000404.SZ,5,C71,C34
000407.SZ,5,D03,D45
000408.SZ,5,C43,C26
000409.SZ,4,M,S90
000410.SZ,5,C71,C34
000411.SZ,6,H,F51
000413.SZ,5,G,C39
000415.SZ,2,K39,L71
000416.SZ,1,I99,J69
000417.SZ,6,H11,F52
000418.SZ,5,C76,C38
000419.SZ,6,H11,F52
000420.SZ,5,C47,C28
000421.SZ,5,D03,D45
000422.SZ,5,C43,C26
000423.SZ,5,C81,C27
000425.SZ,5,C73,C35
000426.SZ,5,B07,B09
000428.SZ,6,K32,H61
000429.SZ,2,F03,G54
000430.SZ,2,K01,N78
000488.SZ,5,C31,C22
000498.SZ,3,E01,E48
000501.SZ,6,H11,F52
000502.SZ,3,J,K70
000503.SZ,2,G87,I64
000504.SZ,2,K20,M75
000505.SZ,5,C01,C13
000506.SZ,5,B07,B09
000507.SZ,2,F07,G55
000509.SZ,5,C4,C29
000510.SZ,5,C43,C26
000511.SZ,5,C61,C30
000513.SZ,5,C81,C27
000514.SZ,3,J,K70
000515.SZ,5,C43,C26
000516.SZ,2,K37,Q83
000517.SZ,3,J,K70
000518.SZ,5,C81,C27
000519.SZ,5,C73,C35
000520.SZ,2,F07,G55
000521.SZ,5,C76,C38
000522.SZ,5,C81,C27
000523.SZ,5,C43,C26
000524.SZ,6,K32,H61
000525.SZ,5,C43,C26
000526.SZ,2,K99,P82
000527.SZ,5,C76,C38
000528.SZ,5,C73,C35
000529.SZ,5,C01,C13
000530.SZ,5,C71,C34
000531.SZ,5,D01,D44
000532.SZ,4,M,S90
000533.SZ,5,C76,C38
000534.SZ,5,C81,C27
000536.SZ,5,G,C39
000537.SZ,3,J,K70
000538.SZ,5,C81,C27
000539.SZ,5,D01,D44
000540.SZ,3,J,K70
000541.SZ,5,C76,C38
000543.SZ,5,D01,D44
000544.SZ,2,D05,D46
000545.SZ,5,C43,C26
000546.SZ,2,K99,N77
000547.SZ,5,G,C39
000548.SZ,2,F03,G54
000549.SZ,5,C75,C36
000550.SZ,5,C75,C36
000551.SZ,4,M,S90
000552.SZ,5,B01,B06
000553.SZ,5,C43,C26
000554.SZ,6,H,F51
000555.SZ,2,G87,I65
000557.SZ,2,F01,G53
000558.SZ,3,J,K70
000559.SZ,5,C75,C36
000560.SZ,3,J,K70
000561.SZ,5,G,C39
000562.SZ,1,I21,J67
000563.SZ,1,I99,J69
000564.SZ,6,H11,F52
000565.SZ,5,C43,C26
000566.SZ,5,C81,C27
000567.SZ,1,I99,J69
000568.SZ,5,C05,C15
000569.SZ,5,C65,C31
000570.SZ,5,C71,C34
000571.SZ,4,M,S90
000572.SZ,5,C75,C36
000573.SZ,3,J,K70
000576.SZ,5,C73,C35
000578.SZ,5,C43,C26
000581.SZ,5,C75,C36
000582.SZ,2,F07,G55
000583.SZ,2,G87,I65
000584.SZ,5,C73,C35
000585.SZ,5,C76,C38
000586.SZ,5,G,C39
000587.SZ,5,C99,C41
000589.SZ,5,C4,C29
000590.SZ,5,C81,C27
000591.SZ,5,D01,D44
000592.SZ,4,A03,A02
000593.SZ,5,D03,D45
000594.SZ,6,H,F51
000595.SZ,5,C71,C34
000596.SZ,5,C05,C15
000597.SZ,5,C81,C27
000598.SZ,2,D05,D46
000599.SZ,5,C4,C29
000600.SZ,5,D01,D44
000601.SZ,5,D01,D44
000602.SZ,5,D01,D44
000603.SZ,5,B07,B09
000605.SZ,2,D05,D46
000606.SZ,2,G87,I64
000607.SZ,2,L01,R85
000608.SZ,3,J,K70
000609.SZ,4,M,S90
000610.SZ,2,K01,N78
000611.SZ,5,C11,C17
000612.SZ,5,C67,C32
000613.SZ,6,K32,H61
000615.SZ,3,J,K70
000616.SZ,3,J,K70
000617.SZ,1,I21,J67
000619.SZ,5,C4,C29
000620.SZ,3,J,K70
000622.SZ,5,C73,C35
000623.SZ,5,C81,C27
000625.SZ,5,C75,C36
000626.SZ,6,H,F51
000627.SZ,1,I11,J68
000628.SZ,3,E01,E47
000629.SZ,5,C67,C32
000630.SZ,5,C67,C32
000631.SZ,3,J,K70
000632.SZ,6,H,F51
000633.SZ,5,C67,C32
000635.SZ,5,C43,C26
000636.SZ,5,G,C39
000637.SZ,5,C41,C25
000638.SZ,2,G87,I65
000639.SZ,5,C01,C13
000650.SZ,5,C81,C27
000651.SZ,5,C76,C38
000652.SZ,6,H,F51
000655.SZ,5,B05,B08
000656.SZ,3,J,K70
000657.SZ,5,C67,C32
000659.SZ,5,C4,C29
000661.SZ,5,C81,C27
000662.SZ,2,G87,I65
000663.SZ,5,C25,C21
000665.SZ,2,L10,R86
000666.SZ,1,I21,J67
000667.SZ,3,J,K70
000668.SZ,3,J,K70
000669.SZ,5,D03,D45
000670.SZ,5,G,C39
000671.SZ,3,J,K70
000672.SZ,5,C61,C30
000673.SZ,2,L15,R87
000676.SZ,2,G87,I64
000677.SZ,5,C47,C28
000678.SZ,5,C71,C34
000679.SZ,6,H11,F52
000680.SZ,5,C73,C35
000681.SZ,2,L15,R87
000682.SZ,2,G87,I65
000683.SZ,5,C43,C26
000685.SZ,2,D05,D46
000686.SZ,1,I21,J67
000687.SZ,5,G,C39
000688.SZ,5,B07,B09
000690.SZ,5,D01,D44
000691.SZ,5,C43,C26
000692.SZ,5,D01,D44
000693.SZ,5,B07,B09
000695.SZ,5,C35,C23
000697.SZ,5,C75,C37
000698.SZ,5,C41,C25
000699.SZ,5,C31,C22
000700.SZ,5,C75,C36
000701.SZ,6,H,F51
000702.SZ,5,C01,C13
000703.SZ,5,C47,C28
000705.SZ,6,H,F51
000707.SZ,5,C43,C26
000708.SZ,5,C65,C31
000709.SZ,5,C65,C31
000710.SZ,2,K20,M74
000711.SZ,3,E01,E48
000712.SZ,1,I21,J67
000713.SZ,4,A09,A05
000715.SZ,6,H11,F52
000716.SZ,5,C03,C14
000717.SZ,5,C65,C31
000718.SZ,3,J,K70
000719.SZ,2,L01,R85
000720.SZ,3,J,K70
000721.SZ,6,K30,H62
000722.SZ,5,D01,D44
000723.SZ,5,C41,C25
000725.SZ,5,G,C39
000726.SZ,5,C11,C17
000727.SZ,5,G,C39
000728.SZ,1,I21,J67
000729.SZ,5,C05,C15
000731.SZ,5,C43,C26
000732.SZ,3,J,K70
000733.SZ,5,G,C39
000735.SZ,4,A05,A03
000736.SZ,3,J,K70
000737.SZ,5,C43,C26
000738.SZ,5,C75,C37
000739.SZ,5,C81,C27
000748.SZ,5,G,C39
000750.SZ,1,I21,J67
000751.SZ,5,C67,C32
000752.SZ,5,C05,C15
000753.SZ,6,H11,F52
000755.SZ,2,F03,G54
000756.SZ,5,C81,C27
000757.SZ,6,H11,F52
000758.SZ,5,B07,B09
000759.SZ,6,H11,F52
000760.SZ,5,C75,C36
000761.SZ,5,C65,C31
000762.SZ,5,B05,B08
000766.SZ,5,C81,C27
000767.SZ,5,D01,D44
000768.SZ,5,C75,C37
000776.SZ,1,I21,J67
000777.SZ,5,C71,C34
000778.SZ,5,C69,C33
000779.SZ,2,K20,M74
000780.SZ,5,B01,B06
000782.SZ,5,C47,C28
000783.SZ,1,I21,J67
000785.SZ,6,H11,F52
000786.SZ,5,C61,C30
000787.SZ,2,G87,I64
000788.SZ,5,C81,C27
000789.SZ,5,C61,C30
000790.SZ,5,C81,C27
000791.SZ,5,D01,D44
000792.SZ,5,C43,C26
000793.SZ,2,L01,R85
000795.SZ,5,C61,C30
000796.SZ,2,K99,L72
000797.SZ,3,J,K70
000798.SZ,4,A07,A04
000799.SZ,5,C05,C15
000800.SZ,5,C75,C36
000801.SZ,5,G,C39
000802.SZ,2,L10,R86
000803.SZ,5,C76,C38
000805.SZ,2,G87,I65
000806.SZ,5,C76,C38
000807.SZ,5,C67,C32
000809.SZ,2,K01,N78
000810.SZ,5,G,C39
000811.SZ,5,C71,C34
000812.SZ,5,C35,C23
000813.SZ,5,C81,C27
000815.SZ,5,C31,C22
000816.SZ,5,C71,C34
000818.SZ,5,C43,C26
000819.SZ,5,C41,C25
000820.SZ,5,B07,C42
000821.SZ,5,C73,C35
000822.SZ,5,C43,C26
000823.SZ,5,G,C39
000825.SZ,5,C65,C31
000826.SZ,2,K99,N77
000828.SZ,2,F03,G54
000829.SZ,6,H,F51
000830.SZ,5,C43,C26
000831.SZ,5,C67,C32
000833.SZ,4,M,S90
000835.SZ,2,G87,I64
000836.SZ,5,C76,C38
000837.SZ,5,C71,C34
000838.SZ,3,J,K70
000839.SZ,2,G85,I63
000848.SZ,5,C05,C15
000850.SZ,5,C11,C17
000851.SZ,6,H11,F52
000852.SZ,5,C73,C35
000856.SZ,5,C73,C35
000858.SZ,5,C05,C15
000859.SZ,5,C4,C29
000860.SZ,5,C05,C15
000861.SZ,2,K99,L72
000862.SZ,5,D01,D44
000863.SZ,3,J,K70
000868.SZ,5,C75,C36
000869.SZ,5,C05,C15
000875.SZ,5,D01,D44
000876.SZ,5,C01,C13
000877.SZ,5,C61,C30
000878.SZ,5,C67,C32
000880.SZ,5,C71,C34
000881.SZ,5,C43,C26
000882.SZ,2,K99,L72
000883.SZ,5,D01,D44
000885.SZ,2,F03,G54
000886.SZ,3,J,K70
000887.SZ,5,C4,C29
000888.SZ,2,K01,N78
000889.SZ,2,G87,I65
000890.SZ,5,C69,C33
000892.SZ,2,L10,R86
000893.SZ,5,C43,C26
000895.SZ,5,C01,C13
000897.SZ,3,J,K70
000898.SZ,5,C65,C31
000899.SZ,5,D01,D44
000900.SZ,2,F03,G54
000901.SZ,5,C75,C36
000902.SZ,5,C43,C26
000903.SZ,5,C71,C34
000905.SZ,2,F07,G55
000906.SZ,6,H,F51
000908.SZ,5,C81,C27
000909.SZ,3,J,K70
000910.SZ,5,C21,C20
000911.SZ,5,C01,C13
000912.SZ,5,C43,C26
000913.SZ,5,C75,C37
000915.SZ,5,C81,C27
000916.SZ,2,F03,G54
000917.SZ,2,G85,I63
000918.SZ,3,J,K70
000919.SZ,5,C81,C27
000920.SZ,5,C43,C26
000921.SZ,5,C76,C38
000922.SZ,5,C76,C38
000923.SZ,5,B05,B08
000925.SZ,5,C73,C35
000926.SZ,3,J,K70
000927.SZ,5,C75,C36
000928.SZ,3,E01,E48
000929.SZ,5,C05,C15
000930.SZ,5,C43,C26
000931.SZ,5,C81,C27
000932.SZ,5,C65,C31
000933.SZ,5,C67,C32
000935.SZ,5,C61,C30
000936.SZ,5,C47,C28
000937.SZ,5,B01,B06
000938.SZ,5,G,C39
000939.SZ,5,D01,D44
000948.SZ,2,G87,I65
000949.SZ,5,C47,C28
000950.SZ,6,H,F51
000951.SZ,5,C75,C36
000952.SZ,5,C81,C27
000953.SZ,5,C43,C26
000955.SZ,5,C11,C17
000957.SZ,5,C75,C36
000958.SZ,1,I99,J69
000959.SZ,5,C65,C31
000960.SZ,5,C67,C32
000961.SZ,3,J,K70
000962.SZ,5,C67,C32
000963.SZ,6,H11,F52
000965.SZ,3,J,K70
000966.SZ,5,D01,D44
000967.SZ,2,K99,N77
000968.SZ,5,B03,B07
000969.SZ,5,C69,C33
000970.SZ,5,G,C39
000971.SZ,2,G87,I65
000972.SZ,5,C01,C13
000973.SZ,5,C4,C29
000975.SZ,5,B07,B09
000976.SZ,5,C75,C37
000977.SZ,5,G,C39
000978.SZ,2,K01,N78
000979.SZ,3,J,K70
000980.SZ,5,C75,C36
000981.SZ,5,C75,C36
000982.SZ,5,C11,C17
000983.SZ,5,B01,B06
000985.SZ,5,C43,C26
000987.SZ,1,I99,J69
000988.SZ,5,G,C39
000989.SZ,5,C81,C27
000990.SZ,5,C43,C26
000993.SZ,5,D01,D44
000995.SZ,5,C05,C15
000996.SZ,6,H,F51
000997.SZ,2,G87,I65
000998.SZ,4,A01,A01
000999.SZ,5,C81,C27
001696.SZ,5,C75,C37
001872.SZ,2,F07,G55
001896.SZ,5,D01,D44
001914.SZ,3,J,K70
001965.SZ,2,F03,G54
001979.SZ,3,J,K70
002001.SZ,5,C81,C27
002002.SZ,5,C43,C26
002003.SZ,5,C13,C18
002004.SZ,5,C43,C26
002005.SZ,5,C76,C38
002006.SZ,5,C73,C35
002007.SZ,5,C81,C27
002008.SZ,5,C73,C35
002009.SZ,5,C71,C34
002010.SZ,2,K99,L72
002011.SZ,5,C71,C34
002012.SZ,5,C31,C22
002013.SZ,5,C75,C37
002014.SZ,5,C4,C29
002015.SZ,5,D01,D44
002016.SZ,3,J,K70
002017.SZ,5,G,C39
002018.SZ,6,H,F51
002019.SZ,5,C81,C27
002020.SZ,5,C81,C27
002021.SZ,5,C73,C35
002022.SZ,5,C81,C27
002023.SZ,5,C75,C37
002024.SZ,6,H11,F52
002025.SZ,5,G,C39
002026.SZ,5,C69,C33
002027.SZ,2,K99,L72
002028.SZ,5,C76,C38
002029.SZ,5,C13,C18
002030.SZ,5,C81,C27
002031.SZ,5,C73,C35
002032.SZ,5,C69,C33
002033.SZ,2,K01,N78
002034.SZ,2,K99,N77
002035.SZ,5,C76,C38
002036.SZ,5,G,C39
002037.SZ,5,C43,C26
002038.SZ,5,C81,C27
002039.SZ,5,D01,D44
002040.SZ,2,F07,G55
002041.SZ,4,A01,A01
002042.SZ,5,C11,C17
002043.SZ,5,C21,C20
002044.SZ,2,K37,Q83
002045.SZ,5,G,C39
002046.SZ,5,C71,C34
002047.SZ,4,E05,E50
002048.SZ,5,C75,C36
002049.SZ,5,G,C39
002050.SZ,5,C71,C34
002051.SZ,3,E01,E48
002052.SZ,5,G,C39
002053.SZ,5,C03,C14
002054.SZ,5,C43,C26
002055.SZ,5,G,C39
002056.SZ,5,C76,C38
002057.SZ,5,C43,C26
002058.SZ,5,C78,C40
002059.SZ,2,K01,N78
002060.SZ,3,E01,E48
002061.SZ,3,E01,E48
002062.SZ,3,E01,E48
002063.SZ,2,G87,I65
002064.SZ,5,C47,C28
002065.SZ,2,G87,I65
002066.SZ,5,C61,C30
002067.SZ,5,C31,C22
002068.SZ,5,C43,C26
002069.SZ,4,A07,A04
002070.SZ,5,C11,C17
002071.SZ,2,L10,R86
002072.SZ,2,G87,I64
002073.SZ,5,C73,C35
002074.SZ,5,C76,C38
002075.SZ,5,C65,C31
002076.SZ,5,C76,C38
002077.SZ,3,J,K70
002078.SZ,5,C31,C22
002079.SZ,5,G,C39
002080.SZ,5,C61,C30
002081.SZ,4,E05,E50
002082.SZ,5,C67,C32
002083.SZ,5,C11,C17
002084.SZ,5,C69,C33
002085.SZ,5,C75,C36
002086.SZ,4,A07,A04
002087.SZ,5,C11,C17
002088.SZ,5,C61,C30
002089.SZ,5,G,C39
002090.SZ,5,C76,C38
002091.SZ,6,H,F51
002092.SZ,5,C43,C26
002093.SZ,2,G87,I65
002094.SZ,5,C43,C26
002095.SZ,2,G87,I64
002096.SZ,5,C43,C26
002097.SZ,5,C73,C35
002098.SZ,5,C99,C41
002099.SZ,5,C81,C27
002100.SZ,5,C01,C13
002101.SZ,5,C75,C36
002102.SZ,5,C81,C27
002103.SZ,2,K99,L72
002104.SZ,5,G,C39
002105.SZ,5,C75,C37
002106.SZ,5,G,C39
002107.SZ,5,C81,C27
002108.SZ,5,C4,C29
002109.SZ,5,C43,C26
002110.SZ,5,C65,C31
002111.SZ,5,C73,C35
002112.SZ,5,C76,C38
002113.SZ,2,G87,I64
002114.SZ,5,C67,C32
002115.SZ,5,G,C39
002116.SZ,3,E01,E48
002117.SZ,5,C35,C23
002118.SZ,5,C81,C27
002119.SZ,5,G,C39
002120.SZ,2,K10,G60
002121.SZ,5,C78,C40
002122.SZ,5,C71,C34
002123.SZ,2,G87,I65
002124.SZ,5,C01,C13
002125.SZ,5,C43,C26
002126.SZ,5,C75,C36
002127.SZ,2,K99,L72
002128.SZ,5,B01,B06
002129.SZ,5,C76,C38
002130.SZ,5,G,C39
002131.SZ,2,G87,I64
002132.SZ,5,C69,C33
002133.SZ,3,J,K70
002134.SZ,5,G,C39
002135.SZ,5,C69,C33
002136.SZ,5,C43,C26
002137.SZ,5,G,C39
002138.SZ,5,G,C39
002139.SZ,5,C76,C38
002140.SZ,3,E01,E48
002141.SZ,5,C76,C38
002142.SZ,1,I01,J66
002143.SZ,2,K99,L72
002144.SZ,5,C11,C17
002145.SZ,5,C43,C26
002146.SZ,3,J,K70
002147.SZ,3,J,K70
002148.SZ,2,G87,I65
002149.SZ,5,C67,C32
002150.SZ,5,C69,C33
002151.SZ,5,G,C39
002152.SZ,5,C71,C34
002153.SZ,2,G87,I65
002154.SZ,5,C13,C18
002155.SZ,5,B07,B09
002156.SZ,5,G,C39
002157.SZ,5,C01,C13
002158.SZ,5,C71,C34
002159.SZ,2,K01,N78
002160.SZ,5,C67,C32
002161.SZ,5,G,C39
002162.SZ,5,C61,C30
002163.SZ,4,E05,E50
002164.SZ,5,C73,C35
002165.SZ,5,C43,C26
002166.SZ,5,C81,C27
002167.SZ,5,C67,C32
002168.SZ,2,G87,I64
002169.SZ,5,C76,C38
002170.SZ,5,C43,C26
002171.SZ,5,C67,C32
002172.SZ,5,C47,C28
002173.SZ,2,K37,Q83
002174.SZ,2,G87,I64
002175.SZ,5,C78,C40
002176.SZ,5,C76,C38
002177.SZ,5,C73,C35
002178.SZ,2,K20,M74
002179.SZ,5,G,C39
002180.SZ,5,G,C39
002181.SZ,2,K99,L72
002182.SZ,5,C67,C32
002183.SZ,2,K99,L72
002184.SZ,5,C76,C38
002185.SZ,5,G,C39
002186.SZ,6,K30,H62
002187.SZ,6,H11,F52
002188.SZ,2,K99,L72
002189.SZ,5,G,C39
002190.SZ,5,C75,C36
002191.SZ,5,C35,C23
002192.SZ,5,G,C39
002193.SZ,5,C11,C17
002194.SZ,5,G,C39
002195.SZ,2,G87,I65
002196.SZ,5,C73,C35
002197.SZ,5,C71,C34
002198.SZ,5,C81,C27
002199.SZ,5,G,C39
002200.SZ,4,A03,A02
002201.SZ,5,C61,C30
002202.SZ,5,C71,C34
002203.SZ,5,C67,C32
002204.SZ,5,C73,C35
002205.SZ,5,C61,C30
002206.SZ,5,C47,C28
002207.SZ,5,B50,B11
002208.SZ,3,J,K70
002209.SZ,5,C73,C35
002210.SZ,2,K99,L72
002211.SZ,5,C43,C26
002212.SZ,5,C76,C38
002213.SZ,5,C75,C36
002214.SZ,5,G,C39
002215.SZ,5,C43,C26
002216.SZ,5,C03,C14
002217.SZ,5,G,C39
002218.SZ,5,C76,C38
002219.SZ,5,C81,C27
002220.SZ,5,C01,C13
002221.SZ,6,H,F51
002222.SZ,5,G,C39
002223.SZ,5,C73,C35
002224.SZ,5,C4,C29
002225.SZ,5,C61,C30
002226.SZ,5,C43,C26
002227.SZ,5,C76,C38
002228.SZ,5,C31,C22
002229.SZ,5,C35,C23
002230.SZ,2,G87,I65
002231.SZ,5,G,C39
002232.SZ,2,G87,I65
002233.SZ,5,C61,C30
002234.SZ,4,A05,A03
002235.SZ,2,G87,I64
002236.SZ,5,G,C39
002237.SZ,5,C67,C32
002238.SZ,2,G85,I63
002239.SZ,5,C75,C36
002240.SZ,5,C21,C20
002241.SZ,5,G,C39
002242.SZ,5,C76,C38
002243.SZ,5,C4,C29
002244.SZ,3,J,K70
002245.SZ,2,F11,G58
002246.SZ,5,C43,C26
002247.SZ,2,G87,I64
002248.SZ,5,C71,C34
002249.SZ,5,C76,C38
002250.SZ,5,C43,C26
002251.SZ,6,H11,F52
002252.SZ,5,C81,C27
002253.SZ,2,G87,I65
002254.SZ,5,C47,C28
002255.SZ,5,C71,C34
002256.SZ,5,D01,D44
002258.SZ,5,C43,C26
002259.SZ,5,D03,D45
002260.SZ,5,C76,C38
002261.SZ,2,G87,I65
002262.SZ,5,C81,C27
002263.SZ,5,C4,C29
002264.SZ,6,H11,F52
002265.SZ,5,C75,C36
002266.SZ,2,K99,N77
002267.SZ,5,D03,D45
002268.SZ,2,G87,I65
002269.SZ,5,C13,C18
002270.SZ,5,C76,C38
002271.SZ,5,C61,C30
002272.SZ,5,C71,C34
002273.SZ,5,G,C39
002274.SZ,5,C43,C26
002275.SZ,5,C81,C27
002276.SZ,5,C76,C38
002277.SZ,6,H11,F52
002278.SZ,5,C73,C35
002279.SZ,2,G87,I65
002280.SZ,2,G87,I65
002281.SZ,5,G,C39
002282.SZ,5,C71,C34
002283.SZ,5,C75,C36
002284.SZ,5,C75,C36
002285.SZ,3,J,K70
002286.SZ,5,C01,C13
002287.SZ,5,C81,C27
002288.SZ,5,G,C39
002289.SZ,5,G,C39
002290.SZ,5,C76,C38
002291.SZ,5,C13,C18
002292.SZ,5,C37,C24
002293.SZ,5,C11,C17
002294.SZ,5,C81,C27
002295.SZ,5,C67,C32
002296.SZ,5,G,C39
002297.SZ,5,C61,C30
002298.SZ,2,G87,I65
002299.SZ,4,A05,A03
002300.SZ,5,C76,C38
002301.SZ,5,C37,C24
002302.SZ,5,C61,C30
002303.SZ,5,C31,C22
002304.SZ,5,C05,C15
002305.SZ,3,J,K70
002306.SZ,6,K30,H62
002307.SZ,3,E01,E48
002308.SZ,5,G,C39
002309.SZ,5,C76,C38
002310.SZ,2,K99,N77
002311.SZ,5,C01,C13
002312.SZ,5,C43,C26
002313.SZ,5,G,C39
002314.SZ,3,J,K70
002315.SZ,2,G87,I64
002316.SZ,2,G87,I65
002317.SZ,5,C81,C27
002318.SZ,5,C69,C33
002319.SZ,5,C43,C26
002320.SZ,2,F07,G55
002321.SZ,4,A05,A03
002322.SZ,2,G87,I65
002323.SZ,4,E05,E50
002324.SZ,5,C4,C29
002325.SZ,4,E05,E50
002326.SZ,5,C43,C26
002327.SZ,5,C11,C17
002328.SZ,5,C75,C36
002329.SZ,5,C03,C14
002330.SZ,5,C01,C13
002331.SZ,2,G87,I65
002332.SZ,5,C81,C27
002333.SZ,5,C67,C32
002334.SZ,5,C76,C38
002335.SZ,5,C76,C38
002336.SZ,6,H11,F52
002337.SZ,5,C73,C35
002338.SZ,5,C78,C40
002339.SZ,5,C76,C38
002340.SZ,5,B07,C42
002341.SZ,5,C43,C26
002342.SZ,5,C69,C33
002343.SZ,2,L10,R86
002344.SZ,2,K99,L72
002345.SZ,5,C99,C41
002346.SZ,5,C76,C38
002347.SZ,5,C71,C34
002348.SZ,5,C37,C24
002349.SZ,5,C81,C27
002350.SZ,5,C76,C38
002351.SZ,5,G,C39
002352.SZ,2,K10,G60
002353.SZ,5,C73,C35
002354.SZ,2,G87,I64
002355.SZ,5,C75,C36
002356.SZ,6,H11,F52
002357.SZ,2,F03,G54
002358.SZ,5,C76,C38
002359.SZ,2,G85,I63
002360.SZ,5,C43,C26
002361.SZ,5,C43,C26
002362.SZ,5,G,C39
002363.SZ,5,C75,C36
002364.SZ,5,C76,C38
002365.SZ,5,C81,C27
002366.SZ,5,C73,C35
002367.SZ,5,C71,C34
002368.SZ,2,G87,I65
002369.SZ,5,G,C39
002370.SZ,5,C81,C27
002371.SZ,5,C73,C35
002372.SZ,5,C4,C29
002373.SZ,2,G87,I65
002374.SZ,3,E01,E48
002375.SZ,4,E05,E50
002376.SZ,5,G,C39
002377.SZ,3,J,K70
002378.SZ,5,C67,C32
002379.SZ,5,C67,C32
002380.SZ,2,G87,I65
002381.SZ,5,C4,C29
002382.SZ,5,C73,C35
002383.SZ,5,G,C39
002384.SZ,5,G,C39
002385.SZ,5,C01,C13
002386.SZ,5,C43,C26
002387.SZ,5,G,C39
002388.SZ,5,G,C39
002389.SZ,5,G,C39
002390.SZ,5,C81,C27
002391.SZ,5,C43,C26
002392.SZ,5,C61,C30
002393.SZ,5,C81,C27
002394.SZ,5,C11,C17
002395.SZ,5,C4,C29
002396.SZ,5,G,C39
002397.SZ,5,C11,C17
002398.SZ,5,C43,C26
002399.SZ,5,C81,C27
002400.SZ,2,K99,L72
002401.SZ,2,G87,I65
002402.SZ,5,G,C39
002403.SZ,5,C69,C33
002404.SZ,5,C13,C18
002405.SZ,2,G87,I65
002406.SZ,5,C75,C36
002407.SZ,5,C43,C26
002408.SZ,5,C43,C26
002409.SZ,5,C43,C26
002410.SZ,2,G87,I65
002411.SZ,5,C81,C27
002412.SZ,5,C81,C27
002413.SZ,5,G,C39
002414.SZ,5,G,C39
002415.SZ,5,G,C39
002416.SZ,6,H,F51
002417.SZ,2,G87,I65
002418.SZ,5,C71,C34
002419.SZ,6,H11,F52
002420.SZ,5,C4,C29
002421.SZ,2,G87,I65
002422.SZ,5,C81,C27
002423.SZ,1,I99,J69
002424.SZ,5,C81,C27
002425.SZ,2,G87,I64
002426.SZ,5,G,C39
002427.SZ,5,C47,C28
002428.SZ,5,C67,C32
002429.SZ,5,G,C39
002430.SZ,5,C73,C35
002431.SZ,3,E01,E48
002432.SZ,5,C73,C35
002433.SZ,5,C81,C27
002434.SZ,5,C75,C36
002435.SZ,5,C81,C27
002436.SZ,5,G,C39
002437.SZ,5,C81,C27
002438.SZ,5,C71,C34
002439.SZ,2,G87,I64
002440.SZ,5,C43,C26
002441.SZ,6,H,F51
002442.SZ,5,C43,C26
002443.SZ,5,C69,C33
002444.SZ,5,C69,C33
002445.SZ,2,L10,R86
002446.SZ,5,G,C39
002447.SZ,2,G87,I64
002448.SZ,5,C75,C36
002449.SZ,5,G,C39
002450.SZ,5,C4,C29
002451.SZ,5,C76,C38
002452.SZ,5,C76,C38
002453.SZ,2,G87,I65
002454.SZ,5,C75,C36
002455.SZ,5,C43,C26
002456.SZ,5,G,C39
002457.SZ,5,C61,C30
002458.SZ,4,A05,A03
002459.SZ,5,C76,C38
002460.SZ,5,C67,C32
002461.SZ,5,C05,C15
002462.SZ,6,H,F51
002463.SZ,5,G,C39
002464.SZ,2,G87,I64
002465.SZ,5,G,C39
002466.SZ,5,C67,C32
002467.SZ,2,G87,I64
002468.SZ,2,K10,G60
002469.SZ,3,E01,E48
002470.SZ,5,C43,C26
002471.SZ,5,C76,C38
002472.SZ,5,C71,C34
002473.SZ,5,C76,C38
002474.SZ,2,G87,I65
002475.SZ,5,G,C39
002476.SZ,5,C43,C26
002477.SZ,4,A05,A03
002478.SZ,5,C69,C33
002479.SZ,5,D01,D44
002480.SZ,5,C71,C34
002481.SZ,5,C03,C14
002482.SZ,4,E05,E50
002483.SZ,5,C71,C34
002484.SZ,5,G,C39
002485.SZ,2,K01,N78
002486.SZ,5,C13,C18
002487.SZ,5,C69,C33
002488.SZ,5,C75,C36
002489.SZ,5,C25,C21
002490.SZ,5,C73,C35
002491.SZ,5,C76,C38
002492.SZ,2,F21,G59
002493.SZ,5,C47,C28
002494.SZ,5,C14,C19
002495.SZ,5,C03,C14
002496.SZ,5,C43,C26
002497.SZ,5,C43,C26
002498.SZ,5,C76,C38
002499.SZ,5,D01,D44
002500.SZ,1,I21,J67
002501.SZ,5,C67,C32
002502.SZ,2,L10,R86
002503.SZ,5,C13,C18
002504.SZ,4,E05,E50
002505.SZ,6,H,F51
002506.SZ,5,G,C39
002507.SZ,5,C03,C14
002508.SZ,5,C76,C38
002509.SZ,5,C73,C35
002510.SZ,5,C75,C36
002511.SZ,5,C31,C22
002512.SZ,5,G,C39
002513.SZ,5,C43,C26
002514.SZ,5,C69,C33
002515.SZ,5,C01,C13
002516.SZ,5,C11,C17
002517.SZ,2,G87,I64
002518.SZ,5,C76,C38
002519.SZ,5,G,C39
002520.SZ,5,C71,C34
002521.SZ,5,C31,C22
002522.SZ,5,C4,C29
002523.SZ,5,C71,C34
002524.SZ,2,K37,Q83
002526.SZ,5,C73,C35
002527.SZ,5,C76,C38
002528.SZ,5,G,C39
002529.SZ,5,C71,C34
002530.SZ,2,G87,I64
002531.SZ,5,C76,C38
002532.SZ,5,C71,C34
002533.SZ,5,C76,C38
002534.SZ,5,C71,C34
002535.SZ,5,C73,C35
002536.SZ,5,C75,C36
002537.SZ,5,C71,C34
002538.SZ,5,C43,C26
002539.SZ,5,C43,C26
002540.SZ,5,C67,C32
002541.SZ,5,C69,C33
002542.SZ,3,E01,E48
002543.SZ,5,C76,C38
002544.SZ,2,G87,I65
002545.SZ,5,C69,C33
002546.SZ,5,C76,C38
002547.SZ,5,C69,C33
002548.SZ,5,C01,C13
002549.SZ,2,K99,N77
002550.SZ,5,C81,C27
002551.SZ,5,C73,C35
002552.SZ,5,C71,C34
002553.SZ,5,C71,C34
002554.SZ,5,B50,B11
002555.SZ,2,G87,I64
002556.SZ,6,H11,F52
002557.SZ,5,C01,C13
002558.SZ,2,G87,I64
002559.SZ,5,C71,C34
002560.SZ,5,C76,C38
002561.SZ,6,H11,F52
002562.SZ,5,C81,C27
002563.SZ,5,C13,C18
002564.SZ,3,E01,E48
002565.SZ,5,C31,C22
002566.SZ,5,C81,C27
002567.SZ,5,C01,C13
002568.SZ,5,C05,C15
002569.SZ,5,C13,C18
002570.SZ,5,C03,C14
002571.SZ,5,C61,C30
002572.SZ,5,C25,C21
002573.SZ,2,K99,N77
002574.SZ,5,C99,C41
002575.SZ,5,C37,C24
002576.SZ,5,C76,C38
002577.SZ,5,G,C39
002578.SZ,5,C67,C32
002579.SZ,5,G,C39
002580.SZ,5,C76,C38
002581.SZ,5,C81,C27
002582.SZ,5,C01,C13
002583.SZ,5,G,C39
002584.SZ,5,C43,C26
002585.SZ,5,C4,C29
002586.SZ,3,E01,E48
002587.SZ,5,G,C39
002588.SZ,5,C43,C26
002589.SZ,6,H,F51
002590.SZ,5,C75,C36
002591.SZ,5,C43,C26
002592.SZ,5,C75,C36
002593.SZ,5,C75,C36
002594.SZ,5,C75,C36
002595.SZ,5,C73,C35
002596.SZ,5,C61,C30
002597.SZ,5,C03,C14
002598.SZ,5,C71,C34
002599.SZ,5,C35,C23
002600.SZ,5,G,C39
002601.SZ,5,C43,C26
002602.SZ,2,G87,I65
002603.SZ,5,C81,C27
002604.SZ,5,C01,C13
002605.SZ,2,G87,I64
002606.SZ,5,C76,C38
002607.SZ,2,K99,P82
002608.SZ,5,D01,D44
002609.SZ,2,G87,I65
002610.SZ,5,C76,C38
002611.SZ,5,C73,C35
002612.SZ,5,C13,C18
002613.SZ,5,C73,C35
002614.SZ,5,C76,C38
002615.SZ,5,C69,C33
002616.SZ,5,C76,C38
002617.SZ,5,C76,C38
002618.SZ,5,G,C39
002619.SZ,2,G87,I64
002620.SZ,4,E05,E50
002621.SZ,2,K99,P82
002622.SZ,5,C76,C38
002623.SZ,5,C61,C30
002624.SZ,2,G87,I64
002625.SZ,5,C75,C36
002626.SZ,5,C03,C14
002627.SZ,2,F03,G54
002628.SZ,3,E01,E48
002629.SZ,5,B50,B11
002630.SZ,5,C71,C34
002631.SZ,5,C21,C20
002632.SZ,5,C43,C26
002633.SZ,5,C71,C34
002634.SZ,5,C13,C18
002635.SZ,5,G,C39
002636.SZ,5,G,C39
002637.SZ,5,C43,C26
002638.SZ,5,C76,C38
002639.SZ,5,C71,C34
002640.SZ,6,H11,F52
002641.SZ,5,C4,C29
002642.SZ,2,G87,I65
002643.SZ,5,C43,C26
002644.SZ,5,C81,C27
002645.SZ,5,C73,C35
002646.SZ,5,C05,C15
002647.SZ,1,I99,J69
002648.SZ,5,C43,C26
002649.SZ,2,G87,I65
002650.SZ,5,C03,C14
002651.SZ,5,C73,C35
002652.SZ,5,C69,C33
002653.SZ,5,C81,C27
002654.SZ,2,K99,L72
002655.SZ,5,G,C39
002656.SZ,5,C13,C18
002657.SZ,2,G87,I65
002658.SZ,5,C78,C40
002659.SZ,2,K99,P82
002660.SZ,5,G,C39
002661.SZ,5,C03,C14
002662.SZ,5,C75,C36
002663.SZ,3,E01,E48
002664.SZ,5,C75,C36
002665.SZ,5,C76,C38
002666.SZ,5,C43,C26
002667.SZ,5,C73,C35
002668.SZ,5,C76,C38
002669.SZ,5,C43,C26
002670.SZ,1,I21,J67
002671.SZ,5,C61,C30
002672.SZ,5,B07,C42
002673.SZ,1,I21,J67
002674.SZ,5,C14,C19
002675.SZ,5,C81,C27
002676.SZ,5,C4,C29
002677.SZ,5,C76,C38
002678.SZ,5,C37,C24
002679.SZ,4,A03,A02
002680.SZ,5,C81,C27
002681.SZ,5,G,C39
002682.SZ,2,F03,G54
002683.SZ,5,B50,B11
002684.SZ,5,C76,C38
002685.SZ,5,C71,C34
002686.SZ,5,C71,C34
002687.SZ,5,C13,C18
002688.SZ,5,C81,C27
002689.SZ,5,C71,C34
002690.SZ,5,C73,C35
002691.SZ,5,C73,C35
002692.SZ,5,C76,C38
002693.SZ,5,C81,C27
002694.SZ,5,C4,C29
002695.SZ,5,C01,C13
002696.SZ,4,A07,A04
002697.SZ,6,H11,F52
002698.SZ,5,C73,C35
002699.SZ,2,L15,R87
002700.SZ,5,D03,D45
002701.SZ,5,C69,C33
002702.SZ,5,C01,C13
002703.SZ,5,C75,C36
002705.SZ,5,C76,C38
002706.SZ,5,C76,C38
002707.SZ,2,K99,L72
002708.SZ,5,C75,C36
002709.SZ,5,C43,C26
002711.SZ,2,F21,G59
002712.SZ,2,K99,L72
002713.SZ,4,E05,E50
002714.SZ,4,A05,A03
002715.SZ,5,C75,C36
002716.SZ,5,C67,C32
002717.SZ,2,K99,N77
002718.SZ,5,C99,C41
002719.SZ,5,C03,C14
002721.SZ,5,C99,C41
002722.SZ,5,C69,C33
002723.SZ,5,C76,C38
002724.SZ,5,C76,C38
002725.SZ,5,C75,C36
002726.SZ,5,C01,C13
002727.SZ,6,H11,F52
002728.SZ,5,C81,C27
002729.SZ,5,G,C39
002730.SZ,5,C73,C35
002731.SZ,5,C99,C41
002732.SZ,5,C03,C14
002733.SZ,5,C76,C38
002734.SZ,5,C43,C26
002735.SZ,5,C4,C29
002736.SZ,1,I21,J67
002737.SZ,5,C81,C27
002738.SZ,5,C67,C32
002739.SZ,2,L10,R86
002740.SZ,5,C13,C18
002741.SZ,5,C43,C26
002742.SZ,5,C61,C30
002743.SZ,5,C69,C33
002745.SZ,5,G,C39
002746.SZ,4,A05,A03
002747.SZ,5,C78,C40
002748.SZ,5,C43,C26
002749.SZ,5,C43,C26
002750.SZ,5,C81,C27
002751.SZ,5,C25,C21
002752.SZ,5,C69,C33
002753.SZ,5,C43,C26
002755.SZ,5,C81,C27
002756.SZ,5,C65,C31
002757.SZ,5,C73,C35
002758.SZ,6,H,F51
002759.SZ,5,C76,C38
002760.SZ,5,C69,C33
002761.SZ,3,E01,E48
002762.SZ,5,C13,C18
002763.SZ,5,C13,C18
002765.SZ,5,C75,C36
002766.SZ,5,G,C39
002767.SZ,5,C78,C40
002768.SZ,5,C4,C29
002769.SZ,2,K99,L72
002770.SZ,5,C03,C14
002771.SZ,2,G87,I65
002772.SZ,4,A01,A01
002773.SZ,5,C81,C27
002774.SZ,5,C71,C34
002775.SZ,3,E01,E48
002776.SZ,2,K20,M74
002777.SZ,2,G87,I65
002778.SZ,5,C41,C25
002779.SZ,5,C73,C35
002780.SZ,6,H11,F52
002781.SZ,4,E05,E50
002782.SZ,5,G,C39
002783.SZ,5,C43,C26
002785.SZ,5,C61,C30
002786.SZ,5,C73,C35
002787.SZ,5,C69,C33
002788.SZ,6,H,F51
002789.SZ,4,E05,E50
002790.SZ,5,C4,C29
002791.SZ,5,C69,C33
002792.SZ,5,G,C39
002793.SZ,5,C81,C27
002795.SZ,5,C71,C34
002796.SZ,5,G,C39
002797.SZ,1,I21,J67
002798.SZ,5,C61,C30
002799.SZ,5,C31,C22
002800.SZ,2,F03,G54
002801.SZ,5,C76,C38
002802.SZ,5,C43,C26
002803.SZ,2,G87,I64
002805.SZ,5,C43,C26
002806.SZ,5,G,C39
002807.SZ,1,I01,J66
002808.SZ,5,C71,C34
002809.SZ,5,C43,C26
002810.SZ,5,C43,C26
002811.SZ,4,E05,E50
002812.SZ,5,C4,C29
002813.SZ,5,G,C39
002815.SZ,5,G,C39
002816.SZ,5,C71,C34
002817.SZ,5,C81,C27
002818.SZ,2,K99,L72
002819.SZ,6,H,F51
002820.SZ,5,C03,C14
002821.SZ,5,C81,C27
002822.SZ,4,E05,E50
002823.SZ,5,C76,C38
002824.SZ,5,C67,C32
002825.SZ,5,C4,C29
002826.SZ,5,C81,C27
002827.SZ,5,C43,C26
002828.SZ,5,B50,B11
002829.SZ,5,G,C39
002830.SZ,4,E05,E50
002831.SZ,5,C31,C22
002832.SZ,5,C13,C18
002833.SZ,5,C73,C35
002835.SZ,5,G,C39
002836.SZ,5,C35,C23
002837.SZ,5,C73,C35
002838.SZ,5,C4,C29
002839.SZ,1,I01,J66
002840.SZ,5,C01,C13
002841.SZ,5,G,C39
002842.SZ,5,C67,C32
002843.SZ,5,C69,C33
002845.SZ,5,G,C39
002846.SZ,5,C69,C33
002847.SZ,5,C03,C14
002848.SZ,5,G,C39
002849.SZ,5,C78,C40
002850.SZ,5,C69,C33
002851.SZ,5,C76,C38
002852.SZ,5,C01,C13
002853.SZ,5,C25,C21
002855.SZ,5,G,C39
002856.SZ,4,E05,E50
002857.SZ,5,C78,C40
002858.SZ,2,L99,R88
002859.SZ,5,G,C39
002860.SZ,5,C76,C38
002861.SZ,5,G,C39
002862.SZ,5,C37,C24
002863.SZ,5,C75,C36
002864.SZ,5,C81,C27
002865.SZ,5,C75,C36
002866.SZ,5,G,C39
002867.SZ,5,C99,C41
002868.SZ,5,C81,C27
002869.SZ,5,G,C39
002870.SZ,5,C78,C40
002871.SZ,5,C71,C34
002872.SZ,6,H,F51
002873.SZ,5,C81,C27
002875.SZ,5,C13,C18
002876.SZ,5,G,C39
002877.SZ,5,C78,C40
002878.SZ,2,K99,L72
002879.SZ,5,C76,C38
002880.SZ,5,C81,C27
002881.SZ,5,G,C39
002882.SZ,5,C76,C38
002883.SZ,2,K20,M74
002884.SZ,5,C71,C34
002885.SZ,5,G,C39
002886.SZ,5,C4,C29
002887.SZ,2,K99,N77
002888.SZ,5,G,C39
002889.SZ,2,K99,L72
002890.SZ,5,C73,C35
002891.SZ,5,C01,C13
002892.SZ,5,C76,C38
002893.SZ,5,D01,D44
002895.SZ,5,C43,C26
002896.SZ,5,C71,C34
002897.SZ,5,G,C39
002898.SZ,5,C81,C27
002899.SZ,5,C37,C24
002900.SZ,5,C81,C27
002901.SZ,5,C73,C35
002902.SZ,5,G,C39
002903.SZ,5,C71,C34
002905.SZ,2,L10,R86
002906.SZ,5,G,C39
002907.SZ,5,C81,C27
002908.SZ,2,G87,I65
002909.SZ,5,C43,C26
002910.SZ,5,C03,C14
002911.SZ,5,D03,D45
002912.SZ,2,G87,I65
002913.SZ,5,G,C39
002915.SZ,5,C43,C26
002916.SZ,5,G,C39
002917.SZ,5,C43,C26
002918.SZ,5,C61,C30
002919.SZ,5,C43,C26
002920.SZ,5,C75,C36
002921.SZ,5,C69,C33
002922.SZ,5,C76,C38
002923.SZ,5,C81,C27
002925.SZ,5,G,C39
002926.SZ,1,I21,J67
002927.SZ,5,C76,C38
002928.SZ,2,F09,G56
002929.SZ,2,G87,I65
002930.SZ,2,F21,G59
002931.SZ,5,C73,C35
002932.SZ,5,C81,C27
002933.SZ,5,C75,C37
002935.SZ,5,G,C39
002936.SZ,1,I01,J66
002937.SZ,5,G,C39
002938.SZ,5,G,C39
002939.SZ,1,I21,J67
002940.SZ,5,C81,C27
002941.SZ,3,E01,E48
002942.SZ,5,C43,C26
002943.SZ,5,C71,C34
002945.SZ,1,I21,J67
002946.SZ,5,C03,C14
002947.SZ,5,G,C39
002948.SZ,1,I01,J66
002949.SZ,2,K20,M74
002950.SZ,5,C73,C35
002951.SZ,5,C35,C23
002952.SZ,5,G,C39
002953.SZ,5,C76,C38
002955.SZ,5,G,C39
002956.SZ,5,C03,C14
002957.SZ,5,C73,C35
002958.SZ,1,I01,J66
002959.SZ,5,C76,C38
002960.SZ,5,G,C39
002961.SZ,1,I21,J67
002962.SZ,5,G,C39
002963.SZ,4,E05,E50
002965.SZ,5,C69,C33
002966.SZ,1,I01,J66
002967.SZ,2,K20,M74
002968.SZ,3,J,K70
002969.SZ,5,C69,C33
002970.SZ,5,G,C39
002971.SZ,5,C43,C26
002972.SZ,5,G,C39
002973.SZ,2,K01,N78
002975.SZ,5,C73,C35
002976.SZ,5,C69,C33
002977.SZ,5,G,C39
002978.SZ,5,B05,B08
002979.SZ,5,C78,C40
002980.SZ,5,C78,C40
002981.SZ,5,G,C39
002982.SZ,4,A05,A03
002983.SZ,5,G,C39
002984.SZ,5,C4,C29
002985.SZ,5,C75,C37
002986.SZ,5,C43,C26
002987.SZ,2,G87,I65
002988.SZ,5,C67,C32
002989.SZ,4,E05,E50
002990.SZ,2,G87,I65
002991.SZ,5,C01,C13
002992.SZ,5,G,C39
002993.SZ,5,G,C39
002995.SZ,2,G87,I64
002996.SZ,5,B07,C42
002997.SZ,5,C73,C35
002998.SZ,5,C47,C28
002999.SZ,6,H11,F52
003000.SZ,5,C01,C13
003001.SZ,3,E01,E48
003002.SZ,5,C43,C26
003003.SZ,5,C35,C23
003004.SZ,2,G87,I65
003005.SZ,2,G87,I65
003006.SZ,5,C31,C22
003007.SZ,2,G87,I65
003008.SZ,2,K20,M74
003009.SZ,5,C75,C37
003010.SZ,2,G87,I64
003011.SZ,5,C4,C29
003012.SZ,5,C61,C30
003013.SZ,2,K20,M74
003015.SZ,5,G,C39
003016.SZ,5,C13,C18
003017.SZ,5,C43,C26
003018.SZ,5,C4,C29
003019.SZ,5,G,C39
003816.SZ,5,D01,D44
200002.SZ,3,J,K70
200011.SZ,3,J,K70
200012.SZ,5,C61,C30
200016.SZ,5,G,C39
200017.SZ,5,C75,C37
200018.SZ,4,E05,E50
200019.SZ,6,H,F51
200020.SZ,5,G,C39
200024.SZ,3,J01,K70
200025.SZ,6,H,F51
200026.SZ,6,H11,F52
200028.SZ,6,H,F51
200029.SZ,3,J,K70
200030.SZ,5,C75,C36
200037.SZ,5,D01,D44
200039.SZ,5,C69,C33
200041.SZ,5,C81,C27
200045.SZ,5,G,C39
200053.SZ,2,F21,G59
200054.SZ,5,C75,C37
200055.SZ,5,C69,C33
200056.SZ,2,K99,L72
200058.SZ,2,K99,L72
200152.SZ,2,F09,G56
200160.SZ,3,J,K70
200168.SZ,3,J,K70
200413.SZ,5,G,C39
200418.SZ,5,C76,C38
200429.SZ,2,F03,G54
200468.SZ,5,G,C39
200488.SZ,5,C31,C22
200505.SZ,5,C01,C13
200512.SZ,5,C76,C38
200513.SZ,5,C81,C27
200521.SZ,5,C76,C38
200530.SZ,5,C71,C34
200539.SZ,5,D01,D44
200541.SZ,5,C76,C38
200550.SZ,5,C75,C36
200553.SZ,5,C43,C26
200570.SZ,5,C71,C34
200581.SZ,5,C75,C36
200596.SZ,5,C05,C15
200613.SZ,6,K32,H61
200625.SZ,5,C75,C36
200706.SZ,5,C71,C34
200725.SZ,5,G,C39
200726.SZ,5,C11,C17
200761.SZ,5,C65,C31
200770.SZ,5,C76,C38
200771.SZ,5,C71,C34
200869.SZ,5,C05,C15
200986.SZ,5,C31,C22
200992.SZ,4,A07,A04
201872.SZ,2,F07,G55
300001.SZ,5,C76,C38
300002.SZ,2,G87,I65
300003.SZ,5,C73,C35
300004.SZ,5,C71,C34
300005.SZ,5,C13,C18
300006.SZ,5,C81,C27
300007.SZ,5,C78,C40
300008.SZ,3,E01,E48
300009.SZ,5,C81,C27
300010.SZ,2,G87,I65
300011.SZ,5,C75,C37
300012.SZ,2,K20,M74
300013.SZ,2,F21,G59
300014.SZ,5,C76,C38
300015.SZ,2,K37,Q83
300016.SZ,5,C81,C27
300017.SZ,2,G87,I65
300018.SZ,5,C76,C38
300019.SZ,5,C43,C26
300020.SZ,2,G87,I65
300021.SZ,5,C4,C29
300022.SZ,6,H11,F52
300023.SZ,1,I99,J69
300024.SZ,5,C71,C34
300025.SZ,2,G87,I65
300026.SZ,5,C81,C27
300027.SZ,2,L10,R86
300028.SZ,5,G,C39
300029.SZ,5,C73,C35
300030.SZ,5,C73,C35
300031.SZ,2,G87,I64
300032.SZ,5,C76,C38
300033.SZ,1,I99,J69
300034.SZ,5,C67,C32
300035.SZ,5,C76,C38
300036.SZ,2,G87,I65
300037.SZ,5,C43,C26
300038.SZ,2,G87,I64
300039.SZ,5,C81,C27
300040.SZ,5,C76,C38
300041.SZ,5,C43,C26
300042.SZ,5,G,C39
300043.SZ,2,G87,I64
300044.SZ,2,G87,I65
300045.SZ,5,C73,C35
300046.SZ,5,G,C39
300047.SZ,2,G87,I65
300048.SZ,5,C76,C38
300049.SZ,5,C73,C35
300050.SZ,2,G87,I65
300051.SZ,2,G87,I65
300052.SZ,2,G87,I64
300053.SZ,5,G,C39
300054.SZ,5,C43,C26
300055.SZ,3,E01,E48
300056.SZ,5,C73,C35
300057.SZ,5,C67,C32
300058.SZ,2,K99,L72
300059.SZ,1,I21,J67
300061.SZ,2,K99,L72
300062.SZ,5,C76,C38
300063.SZ,2,K99,L72
300064.SZ,5,C61,C30
300065.SZ,5,G,C39
300066.SZ,5,C78,C40
300067.SZ,5,C43,C26
300068.SZ,5,C76,C38
300069.SZ,5,C76,C38
300070.SZ,2,K99,N77
300071.SZ,2,K99,L72
300072.SZ,5,C43,C26
300073.SZ,5,C76,C38
300074.SZ,2,G87,I65
300075.SZ,2,G87,I65
300076.SZ,5,G,C39
300077.SZ,5,G,C39
300078.SZ,5,G,C39
300079.SZ,5,G,C39
300080.SZ,5,C61,C30
300081.SZ,2,K20,M74
300082.SZ,5,C43,C26
300083.SZ,5,G,C39
300084.SZ,5,B50,B11
300085.SZ,2,G87,I65
300086.SZ,5,C81,C27
300087.SZ,4,A01,A01
300088.SZ,5,G,C39
300089.SZ,5,C61,C30
300090.SZ,5,C71,C34
300091.SZ,5,C71,C34
300092.SZ,5,C73,C35
300093.SZ,5,C61,C30
300094.SZ,4,A07,A04
300095.SZ,5,C73,C35
300096.SZ,2,G87,I65
300097.SZ,5,C71,C34
300098.SZ,2,G87,I65
300099.SZ,5,C73,C35
300100.SZ,5,C75,C36
300101.SZ,5,G,C39
300102.SZ,5,G,C39
300103.SZ,2,K99,N77
300104.SZ,2,G87,I64
300105.SZ,5,C76,C38
300106.SZ,4,A05,A03
300107.SZ,5,C43,C26
300108.SZ,5,C81,C27
300109.SZ,5,C43,C26
300110.SZ,5,C81,C27
300111.SZ,5,C81,C27
300112.SZ,5,C78,C40
300113.SZ,2,G87,I64
300114.SZ,5,G,C39
300115.SZ,5,G,C39
300116.SZ,5,C76,C38
300117.SZ,4,E05,E50
300118.SZ,5,C76,C38
300119.SZ,5,C81,C27
300120.SZ,5,G,C39
300121.SZ,5,C43,C26
300122.SZ,5,C81,C27
300123.SZ,5,C75,C37
300124.SZ,5,C76,C38
300125.SZ,2,K20,M74
300126.SZ,5,C71,C34
300127.SZ,5,G,C39
300128.SZ,5,G,C39
300129.SZ,5,C76,C38
300130.SZ,5,C73,C35
300131.SZ,6,H,F51
300132.SZ,5,C43,C26
300133.SZ,2,L10,R86
300134.SZ,5,G,C39
300135.SZ,5,C43,C26
300136.SZ,5,G,C39
300137.SZ,5,C78,C40
300138.SZ,5,C01,C13
300139.SZ,5,G,C39
300140.SZ,5,C73,C35
300141.SZ,5,C76,C38
300142.SZ,5,C81,C27
300143.SZ,2,K37,Q83
300144.SZ,2,L15,R87
300145.SZ,5,C71,C34
300146.SZ,5,C03,C14
300147.SZ,5,C81,C27
300148.SZ,2,G87,I64
300149.SZ,2,K20,M73
300150.SZ,2,G87,I65
300151.SZ,5,C73,C35
300152.SZ,2,K99,N77
300153.SZ,5,C76,C38
300154.SZ,5,C71,C34
300155.SZ,5,G,C39
300156.SZ,5,C73,C35
300157.SZ,5,B50,B11
300158.SZ,5,C81,C27
300159.SZ,5,C75,C37
300160.SZ,5,C61,C30
300161.SZ,5,C71,C34
300162.SZ,5,G,C39
300163.SZ,5,C99,C41
300164.SZ,5,B50,B11
300165.SZ,5,C78,C40
300166.SZ,2,G87,I65
300167.SZ,2,G87,I65
300168.SZ,2,G87,I65
300169.SZ,5,C4,C29
300170.SZ,2,G87,I65
300171.SZ,5,C73,C35
300172.SZ,2,K99,N77
300173.SZ,5,C73,C35
300174.SZ,5,C43,C26
300175.SZ,5,C01,C13
300176.SZ,5,C75,C36
300177.SZ,5,G,C39
300178.SZ,2,K99,L72
300179.SZ,5,C61,C30
300180.SZ,5,C4,C29
300181.SZ,5,C81,C27
300182.SZ,2,L10,R86
300183.SZ,2,G87,I65
300184.SZ,6,H,F51
300185.SZ,5,C71,C34
300186.SZ,5,C81,C27
300187.SZ,2,K99,N77
300188.SZ,2,G87,I65
300189.SZ,4,A01,A01
300190.SZ,2,K99,N77
300191.SZ,5,B50,B11
300192.SZ,5,C43,C26
300193.SZ,5,C71,C34
300194.SZ,5,C81,C27
300195.SZ,5,C73,C35
300196.SZ,5,C61,C30
300197.SZ,2,K99,N77
300198.SZ,5,C4,C29
300199.SZ,5,C81,C27
300200.SZ,5,C43,C26
300201.SZ,5,C73,C35
300202.SZ,5,C71,C34
300203.SZ,5,C78,C40
300204.SZ,5,C81,C27
300205.SZ,5,G,C39
300206.SZ,5,C73,C35
300207.SZ,5,C76,C38
300208.SZ,5,C76,C38
300209.SZ,2,G87,I65
300210.SZ,5,C73,C35
300211.SZ,5,G,C39
300212.SZ,2,G87,I65
300213.SZ,5,G,C39
300214.SZ,5,C43,C26
300215.SZ,2,K20,M74
300216.SZ,5,C73,C35
300217.SZ,5,C76,C38
300218.SZ,5,C4,C29
300219.SZ,5,G,C39
300220.SZ,5,G,C39
300221.SZ,5,C4,C29
300222.SZ,5,C76,C38
300223.SZ,5,G,C39
300224.SZ,5,C61,C30
300225.SZ,5,C43,C26
300226.SZ,2,G87,I64
300227.SZ,5,G,C39
300228.SZ,5,C73,C35
300229.SZ,2,G87,I65
300230.SZ,5,C4,C29
300231.SZ,2,G87,I65
300232.SZ,5,G,C39
300233.SZ,5,C81,C27
300234.SZ,5,C61,C30
300235.SZ,2,G87,I65
300236.SZ,5,C43,C26
300237.SZ,3,E01,E48
300238.SZ,5,C73,C35
300239.SZ,5,C81,C27
300240.SZ,2,F21,G59
300241.SZ,5,G,C39
300242.SZ,2,G87,I64
300243.SZ,5,C43,C26
300244.SZ,2,K37,Q83
300245.SZ,2,G87,I65
300246.SZ,5,C73,C35
300247.SZ,5,C76,C38
300248.SZ,2,G87,I65
300249.SZ,2,G87,I65
300250.SZ,2,G87,I65
300251.SZ,2,L10,R86
300252.SZ,5,C76,C38
300253.SZ,2,G87,I65
300254.SZ,5,C81,C27
300255.SZ,5,C81,C27
300256.SZ,5,G,C39
300257.SZ,5,C71,C34
300258.SZ,5,C75,C36
300259.SZ,5,C78,C40
300260.SZ,5,C71,C34
300261.SZ,5,C43,C26
300262.SZ,2,K99,N77
300263.SZ,5,C71,C34
300264.SZ,2,G87,I65
300265.SZ,5,C76,C38
300266.SZ,2,K99,N77
300267.SZ,5,C81,C27
300268.SZ,5,C01,C13
300269.SZ,2,K99,L72
300270.SZ,5,G,C39
300271.SZ,2,G87,I65
300272.SZ,5,C76,C38
300273.SZ,5,C73,C35
300274.SZ,5,C76,C38
300275.SZ,2,G87,I65
300276.SZ,5,C73,C35
300277.SZ,2,G87,I65
300278.SZ,5,C73,C35
300279.SZ,5,C76,C38
300280.SZ,2,K99,L72
300281.SZ,5,C73,C35
300282.SZ,5,G,C39
300283.SZ,5,C76,C38
300284.SZ,2,K20,M74
300285.SZ,5,C43,C26
300286.SZ,5,C78,C40
300287.SZ,2,G87,I65
300288.SZ,2,G85,I63
300289.SZ,5,C81,C27
300290.SZ,2,G87,I65
300291.SZ,2,L10,R86
300292.SZ,2,G87,I65
300293.SZ,5,C73,C35
300294.SZ,5,C81,C27
300295.SZ,2,G87,I64
300296.SZ,5,G,C39
300297.SZ,2,G87,I65
300298.SZ,5,C73,C35
300299.SZ,2,G87,I65
300300.SZ,2,G87,I65
300301.SZ,5,G,C39
300302.SZ,2,G87,I65
300303.SZ,5,G,C39
300304.SZ,5,C75,C36
300305.SZ,5,C4,C29
300306.SZ,5,C78,C40
300307.SZ,5,C73,C35
300308.SZ,5,G,C39
300309.SZ,1,I21,J67
300310.SZ,2,G85,I63
300311.SZ,2,G87,I65
300312.SZ,2,G87,I65
300313.SZ,4,A05,A03
300314.SZ,5,C73,C35
300315.SZ,2,G87,I64
300316.SZ,5,C73,C35
300317.SZ,5,C76,C38
300318.SZ,5,C73,C35
300319.SZ,5,G,C39
300320.SZ,5,C4,C29
300321.SZ,5,C4,C29
300322.SZ,5,G,C39
300323.SZ,5,G,C39
300324.SZ,2,G87,I65
300325.SZ,5,C4,C29
300326.SZ,5,C73,C35
300327.SZ,5,G,C39
300328.SZ,5,C69,C33
300329.SZ,5,C37,C24
300330.SZ,2,G87,I65
300331.SZ,5,G,C39
300332.SZ,5,D03,D45
300333.SZ,2,G87,I65
300334.SZ,5,C73,C35
300335.SZ,5,D01,D44
300336.SZ,2,L10,R86
300337.SZ,5,C67,C32
300338.SZ,2,K99,P82
300339.SZ,2,G87,I65
300340.SZ,5,C76,C38
300341.SZ,5,C76,C38
300342.SZ,5,C76,C38
300343.SZ,2,G87,I64
300344.SZ,2,K99,L72
300345.SZ,5,C69,C33
300346.SZ,5,G,C39
300347.SZ,2,K37,Q83
300348.SZ,2,G87,I65
300349.SZ,2,G87,I65
300350.SZ,2,G87,I65
300351.SZ,5,G,C39
300352.SZ,2,G87,I65
300353.SZ,5,G,C39
300354.SZ,5,C78,C40
300355.SZ,2,K99,N77
300356.SZ,5,C76,C38
300357.SZ,5,C81,C27
300358.SZ,5,C73,C35
300359.SZ,2,G87,I65
300360.SZ,5,C78,C40
300362.SZ,5,C71,C34
300363.SZ,5,C81,C27
300364.SZ,2,L01,R85
300365.SZ,2,G87,I65
300366.SZ,2,G87,I65
300367.SZ,5,G,C39
300368.SZ,5,C73,C35
300369.SZ,2,G87,I65
300370.SZ,5,C78,C40
300371.SZ,5,C78,C40
300372.SZ,5,C76,C38
300373.SZ,5,G,C39
300374.SZ,5,C61,C30
300375.SZ,5,C4,C29
300376.SZ,5,C76,C38
300377.SZ,2,G87,I65
300378.SZ,2,G87,I65
300379.SZ,2,G87,I65
300380.SZ,2,G87,I65
300381.SZ,5,C81,C27
300382.SZ,5,C73,C35
300383.SZ,2,G87,I65
300384.SZ,2,K20,M74
300385.SZ,5,C73,C35
300386.SZ,2,G87,I65
300387.SZ,5,C43,C26
300388.SZ,2,K99,N77
300389.SZ,5,G,C39
300390.SZ,5,G,C39
300391.SZ,5,C76,C38
300392.SZ,2,G87,I64
300393.SZ,5,G,C39
300394.SZ,5,G,C39
300395.SZ,5,C61,C30
300396.SZ,5,C73,C35
300397.SZ,5,G,C39
300398.SZ,5,C43,C26
300399.SZ,2,G87,I65
300400.SZ,5,C73,C35
300401.SZ,5,C03,C14
300402.SZ,5,C73,C35
300403.SZ,5,C76,C38
300404.SZ,2,K20,M73
300405.SZ,5,C43,C26
300406.SZ,5,C81,C27
300407.SZ,5,C76,C38
300408.SZ,5,G,C39
300409.SZ,5,C61,C30
300410.SZ,5,C73,C35
300411.SZ,5,C71,C34
300412.SZ,5,C73,C35
300413.SZ,2,L15,R87
300414.SZ,5,G,C39
300415.SZ,5,C73,C35
300416.SZ,5,C78,C40
300417.SZ,5,C78,C40
300418.SZ,2,G87,I64
300419.SZ,2,G87,I65
300420.SZ,5,C71,C34
300421.SZ,5,C71,C34
300422.SZ,2,K99,N77
300423.SZ,5,C76,C38
300424.SZ,5,C75,C37
300425.SZ,5,C73,C35
300426.SZ,2,L10,R86
300427.SZ,5,C76,C38
300428.SZ,5,C75,C36
300429.SZ,5,C43,C26
300430.SZ,5,C78,C40
300431.SZ,2,G87,I64
300432.SZ,5,C75,C36
300433.SZ,5,G,C39
300434.SZ,5,C81,C27
300435.SZ,5,D03,D45
300436.SZ,5,C81,C27
300437.SZ,5,C43,C26
300438.SZ,5,C76,C38
300439.SZ,5,C81,C27
300440.SZ,2,G87,I65
300441.SZ,5,C71,C34
300442.SZ,5,C73,C35
300443.SZ,5,C73,C35
300444.SZ,5,C76,C38
300445.SZ,5,C78,C40
300446.SZ,5,C43,C26
300447.SZ,5,C76,C38
300448.SZ,2,G87,I65
300449.SZ,5,G,C39
300450.SZ,5,C73,C35
300451.SZ,2,G87,I65
300452.SZ,5,C81,C27
300453.SZ,5,C73,C35
300454.SZ,2,G87,I65
300455.SZ,5,G,C39
300456.SZ,5,G,C39
300457.SZ,5,C73,C35
300458.SZ,5,G,C39
300459.SZ,2,G87,I64
300460.SZ,5,G,C39
300461.SZ,5,C73,C35
300462.SZ,5,C73,C35
300463.SZ,5,C81,C27
300464.SZ,6,H11,F52
300465.SZ,2,G87,I65
300466.SZ,5,C78,C40
300467.SZ,2,G87,I64
300468.SZ,2,G87,I65
300469.SZ,2,G87,I65
300470.SZ,5,C71,C34
300471.SZ,5,C73,C35
300472.SZ,5,C73,C35
300473.SZ,5,C71,C34
300474.SZ,5,G,C39
300475.SZ,5,C76,C38
300476.SZ,5,G,C39
300477.SZ,5,C76,C38
300478.SZ,5,C4,C29
300479.SZ,5,G,C39
300480.SZ,5,C78,C40
300481.SZ,5,C43,C26
300482.SZ,5,C81,C27
300483.SZ,5,B03,B07
300484.SZ,5,C76,C38
300485.SZ,5,C81,C27
300486.SZ,5,C73,C35
300487.SZ,5,C43,C26
300488.SZ,5,C69,C33
300489.SZ,5,C67,C32
300490.SZ,5,C76,C38
300491.SZ,5,C76,C38
300492.SZ,2,K20,M74
300493.SZ,2,G87,I65
300494.SZ,2,G87,I64
300495.SZ,2,K99,N77
300496.SZ,2,G87,I65
300497.SZ,5,C81,C27
300498.SZ,4,A05,A03
300499.SZ,5,C76,C38
300500.SZ,2,K20,M74
300501.SZ,5,C81,C27
300502.SZ,5,G,C39
300503.SZ,5,C71,C34
300504.SZ,5,G,C39
300505.SZ,5,C43,C26
300506.SZ,4,E05,E50
300507.SZ,5,C75,C36
300508.SZ,2,G87,I65
300509.SZ,5,C73,C35
300510.SZ,5,C76,C38
300511.SZ,4,A01,A01
300512.SZ,5,C71,C34
300513.SZ,2,G87,I65
300514.SZ,5,G,C39
300515.SZ,5,C78,C40
300516.SZ,5,G,C39
300517.SZ,3,E01,E48
300518.SZ,2,G87,I65
300519.SZ,5,C81,C27
300520.SZ,2,G87,I65
300521.SZ,5,C73,C35
300522.SZ,5,C43,C26
300523.SZ,2,G87,I65
300525.SZ,2,G87,I65
300526.SZ,5,C73,C35
300527.SZ,5,C73,C35
300528.SZ,2,L10,R86
300529.SZ,5,C73,C35
300530.SZ,5,C43,C26
300531.SZ,5,G,C39
300532.SZ,2,G87,I65
300533.SZ,2,G87,I65
300534.SZ,5,C81,C27
300535.SZ,5,C43,C26
300536.SZ,3,E01,E48
300537.SZ,5,C43,C26
300538.SZ,6,H,F51
300539.SZ,5,C4,C29
300540.SZ,5,C71,C34
300541.SZ,2,G87,I65
300542.SZ,2,G87,I65
300543.SZ,5,G,C39
300545.SZ,5,C73,C35
300546.SZ,5,G,C39
300547.SZ,5,C4,C29
300548.SZ,5,G,C39
300549.SZ,5,C73,C35
300550.SZ,2,G87,I65
300551.SZ,5,C73,C35
300552.SZ,2,G87,I65
300553.SZ,5,C78,C40
300554.SZ,5,C61,C30
300555.SZ,5,G,C39
300556.SZ,2,G87,I65
300557.SZ,5,C78,C40
300558.SZ,5,C81,C27
300559.SZ,2,G87,I65
300560.SZ,2,G87,I65
300561.SZ,2,G87,I65
300562.SZ,5,C73,C35
300563.SZ,5,G,C39
300564.SZ,2,K20,M74
300565.SZ,5,G,C39
300566.SZ,5,G,C39
300567.SZ,5,C78,C40
300568.SZ,5,C43,C26
300569.SZ,5,C76,C38
300570.SZ,5,G,C39
300571.SZ,2,G87,I64
300572.SZ,5,C78,C40
300573.SZ,5,C81,C27
300575.SZ,5,C43,C26
300576.SZ,5,C43,C26
300577.SZ,5,C11,C17
300578.SZ,2,G87,I65
300579.SZ,2,G87,I65
300580.SZ,5,C75,C36
300581.SZ,5,G,C39
300582.SZ,5,G,C39
300583.SZ,5,C81,C27
300584.SZ,5,C81,C27
300585.SZ,5,C75,C36
300586.SZ,5,C4,C29
300587.SZ,5,C4,C29
300588.SZ,2,G87,I65
300589.SZ,5,C75,C37
300590.SZ,5,G,C39
300591.SZ,5,C14,C19
300592.SZ,2,L15,R87
300593.SZ,5,C76,C38
300594.SZ,5,C75,C37
300595.SZ,5,C73,C35
300596.SZ,5,C43,C26
300597.SZ,2,G87,I65
300598.SZ,2,G87,I65
300599.SZ,5,C4,C29
300600.SZ,5,C75,C37
300601.SZ,5,C81,C27
300602.SZ,5,G,C39
300603.SZ,2,G87,I65
300604.SZ,5,C73,C35
300605.SZ,2,G87,I65
300606.SZ,5,C61,C30
300607.SZ,5,C71,C34
300608.SZ,2,G87,I65
300609.SZ,2,G87,I65
300610.SZ,5,C43,C26
300611.SZ,5,C71,C34
300612.SZ,2,K99,L72
300613.SZ,2,G87,I65
300615.SZ,5,G,C39
300616.SZ,5,C25,C21
300617.SZ,5,C76,C38
300618.SZ,5,C67,C32
300619.SZ,5,C73,C35
300620.SZ,5,G,C39
300621.SZ,4,E05,E50
300622.SZ,6,H11,F52
300623.SZ,5,G,C39
300624.SZ,2,G87,I65
300625.SZ,5,C76,C38
300626.SZ,5,C76,C38
300627.SZ,5,G,C39
300628.SZ,5,G,C39
300629.SZ,5,G,C39
300630.SZ,5,C81,C27
300631.SZ,5,C73,C35
300632.SZ,5,G,C39
300633.SZ,5,C73,C35
300634.SZ,2,G87,I65
300635.SZ,2,K20,M74
300636.SZ,5,C81,C27
300637.SZ,5,C43,C26
300638.SZ,5,G,C39
300639.SZ,5,C81,C27
300640.SZ,5,C37,C24
300641.SZ,5,C43,C26
300642.SZ,5,C81,C27
300643.SZ,5,C75,C36
300644.SZ,5,C4,C29
300645.SZ,2,G87,I65
300647.SZ,5,G,C39
300648.SZ,5,C78,C40
300649.SZ,3,E01,E48
300650.SZ,5,C76,C38
300651.SZ,5,C37,C24
300652.SZ,5,C75,C36
300653.SZ,5,C73,C35
300654.SZ,2,L01,R85
300655.SZ,5,C43,C26
300656.SZ,5,G,C39
300657.SZ,5,G,C39
300658.SZ,5,C11,C17
300659.SZ,2,G87,I65
300660.SZ,5,C76,C38
300661.SZ,5,G,C39
300662.SZ,2,K99,L72
300663.SZ,2,G87,I65
300664.SZ,2,K99,N77
300665.SZ,5,C43,C26
300666.SZ,5,G,C39
300667.SZ,5,C78,C40
300668.SZ,2,K20,M74
300669.SZ,5,C71,C34
300670.SZ,5,C76,C38
300671.SZ,2,G87,I65
300672.SZ,5,G,C39
300673.SZ,5,C01,C13
300674.SZ,2,G87,I65
300675.SZ,2,K20,M74
300676.SZ,2,K20,M74
300677.SZ,5,C4,C29
300678.SZ,2,G87,I65
300679.SZ,5,G,C39
300680.SZ,5,C75,C36
300681.SZ,5,C76,C38
300682.SZ,2,G87,I65
300683.SZ,5,C81,C27
300684.SZ,5,C43,C26
300685.SZ,5,C81,C27
300686.SZ,5,G,C39
300687.SZ,2,G87,I65
300688.SZ,2,K99,L72
300689.SZ,5,G,C39
300690.SZ,5,C61,C30
300691.SZ,5,G,C39
300692.SZ,2,K99,N77
300693.SZ,5,C76,C38
300694.SZ,5,C71,C34
300695.SZ,5,C75,C36
300696.SZ,5,C75,C37
300697.SZ,5,C67,C32
300698.SZ,5,G,C39
300699.SZ,5,C47,C28
300700.SZ,5,C61,C30
300701.SZ,5,G,C39
300702.SZ,5,C81,C27
300703.SZ,5,C37,C24
300705.SZ,5,C81,C27
300706.SZ,5,C99,C41
300707.SZ,5,C73,C35
300708.SZ,5,G,C39
300709.SZ,5,G,C39
300710.SZ,5,G,C39
300711.SZ,5,G,C39
300712.SZ,3,E01,E48
300713.SZ,5,C76,C38
300715.SZ,5,C61,C30
300716.SZ,5,C4,C29
300717.SZ,5,C4,C29
300718.SZ,5,C71,C34
300719.SZ,5,C75,C37
300720.SZ,5,C78,C40
300721.SZ,5,C43,C26
300722.SZ,5,C99,C41
300723.SZ,5,C81,C27
300724.SZ,5,C76,C38
300725.SZ,5,C43,C26
300726.SZ,5,G,C39
300727.SZ,5,C43,C26
300729.SZ,5,C25,C21
300730.SZ,2,G87,I65
300731.SZ,5,C4,C29
300732.SZ,2,K20,M74
300733.SZ,5,C75,C36
300735.SZ,5,G,C39
300736.SZ,2,K99,O80
300737.SZ,5,C61,C30
300738.SZ,2,G87,I65
300739.SZ,5,G,C39
300740.SZ,5,C43,C26
300741.SZ,5,C43,C26
300742.SZ,5,C75,C36
300743.SZ,5,G,C39
300745.SZ,5,C75,C36
300746.SZ,2,K20,M74
300747.SZ,5,G,C39
300748.SZ,5,C61,C30
300749.SZ,5,C25,C21
300750.SZ,5,C76,C38
300751.SZ,5,C73,C35
300752.SZ,5,G,C39
300753.SZ,5,C73,C35
300755.SZ,6,H,F51
300756.SZ,5,C37,C24
300757.SZ,5,C73,C35
300758.SZ,5,C43,C26
300759.SZ,2,K20,M73
300760.SZ,5,C73,C35
300761.SZ,4,A05,A03
300762.SZ,5,G,C39
300763.SZ,5,C76,C38
300765.SZ,5,C03,C14
300766.SZ,2,G87,I64
300767.SZ,5,C4,C29
300768.SZ,2,G87,I65
300769.SZ,5,C43,C26
300770.SZ,2,G85,I63
300771.SZ,5,C73,C35
300772.SZ,5,C71,C34
300773.SZ,2,G87,I64
300775.SZ,5,C75,C37
300776.SZ,5,C73,C35
300777.SZ,5,C47,C28
300778.SZ,2,K20,M74
300779.SZ,5,B07,C42
300780.SZ,5,C71,C34
300781.SZ,2,K99,L72
300782.SZ,5,G,C39
300783.SZ,6,H11,F52
300785.SZ,2,G87,I64
300786.SZ,5,C73,C35
300787.SZ,5,G,C39
300788.SZ,2,L01,R85
300789.SZ,2,G87,I65
300790.SZ,5,G,C39
300791.SZ,5,C03,C14
300792.SZ,2,G87,I64
300793.SZ,5,G,C39
300795.SZ,2,K99,L72
300796.SZ,5,C43,C26
300797.SZ,2,K20,M74
300798.SZ,5,C43,C26
300799.SZ,2,G87,I65
300800.SZ,5,C78,C40
300801.SZ,5,C43,C26
300802.SZ,5,G,C39
300803.SZ,1,I99,J69
300805.SZ,2,K99,L72
300806.SZ,5,C4,C29
300807.SZ,5,G,C39
300808.SZ,5,C76,C38
300809.SZ,5,C71,C34
300810.SZ,2,G87,I65
300811.SZ,5,G,C39
300812.SZ,5,C73,C35
300813.SZ,5,C73,C35
300815.SZ,2,K01,N78
300816.SZ,2,K99,N77
300817.SZ,5,C71,C34
300818.SZ,5,C73,C35
300819.SZ,5,C11,C17
300820.SZ,5,C76,C38
300821.SZ,5,C43,C26
300822.SZ,5,G,C39
300823.SZ,5,C73,C35
300824.SZ,5,C76,C38
300825.SZ,2,K20,M74
300826.SZ,2,K20,M74
300827.SZ,5,C76,C38
300828.SZ,5,C69,C33
300829.SZ,5,C03,C14
300830.SZ,2,G87,I65
300831.SZ,5,G,C39
300832.SZ,5,C81,C27
300833.SZ,5,C76,C38
300835.SZ,5,G,C39
300836.SZ,5,C73,C35
300837.SZ,5,C73,C35
300838.SZ,5,C78,C40
300839.SZ,5,C41,C25
300840.SZ,5,C13,C18
300841.SZ,5,C81,C27
300842.SZ,5,G,C39
300843.SZ,5,G,C39
300845.SZ,2,G87,I65
300846.SZ,2,G87,I65
300847.SZ,5,G,C39
300848.SZ,5,C43,C26
300849.SZ,5,C4,C29
300850.SZ,5,C71,C34
300851.SZ,2,G87,I65
300852.SZ,5,G,C39
300853.SZ,5,C71,C34
300855.SZ,5,C67,C32
300856.SZ,5,C43,C26
300857.SZ,5,G,C39
300858.SZ,5,C03,C14
300859.SZ,2,K01,N78
300860.SZ,2,L15,R87
300861.SZ,5,C61,C30
300862.SZ,5,C78,C40
300863.SZ,5,C75,C36
300864.SZ,2,K99,N77
300865.SZ,5,C73,C35
300866.SZ,5,G,C39
300867.SZ,2,K99,N77
300868.SZ,5,C4,C29
300869.SZ,5,C73,C35
300870.SZ,5,G,C39
300871.SZ,5,C81,C27
300872.SZ,2,G87,I65
300873.SZ,2,F11,G58
300875.SZ,5,C73,C35
300876.SZ,5,C47,C28
300877.SZ,5,C11,C17
300878.SZ,5,C81,C27
300879.SZ,5,C73,C35
300880.SZ,5,C78,C40
300881.SZ,5,C69,C33
300882.SZ,5,C78,C40
300883.SZ,5,C31,C22
300884.SZ,5,G,C39
300885.SZ,5,C69,C33
300886.SZ,5,C43,C26
300887.SZ,2,K20,M74
300888.SZ,5,C11,C17
300889.SZ,5,C76,C38
300890.SZ,5,C61,C30
300891.SZ,5,C43,C26
300892.SZ,6,H11,F52
300893.SZ,5,C75,C36
300895.SZ,2,G87,I65
300896.SZ,5,C73,C35
300897.SZ,5,C78,C40
300898.SZ,5,C03,C14
300899.SZ,2,K99,N77
300900.SZ,5,C75,C37
300901.SZ,2,K20,M74
300902.SZ,5,C73,C35
300903.SZ,5,G,C39
300905.SZ,5,C4,C29
300906.SZ,5,C75,C37
300907.SZ,5,C71,C34
300908.SZ,5,C03,C14
300909.SZ,5,G,C39
300910.SZ,5,C43,C26
300999.SZ,5,C01,C13
600000.SH,1,I01,J66
600001.SH,5,C65,C31
600003.SH,2,F11,G58
600004.SH,2,F09,G56
600005.SH,5,C65,C31
600006.SH,5,C75,C36
600007.SH,3,J,K70
600008.SH,2,D05,D46
600009.SH,2,F09,G56
600010.SH,5,C65,C31
600011.SH,5,D01,D44
600012.SH,2,F03,G54
600015.SH,1,I01,J66
600016.SH,1,I01,J66
600017.SH,2,F07,G55
600018.SH,2,F07,G55
600019.SH,5,C65,C31
600020.SH,2,F03,G54
600021.SH,5,D01,D44
600022.SH,5,C65,C31
600023.SH,5,D01,D44
600025.SH,5,D01,D44
600026.SH,2,F07,G55
600027.SH,5,D01,D44
600028.SH,5,B03,B07
600029.SH,2,F09,G56
600030.SH,1,I21,J67
600031.SH,5,C73,C35
600033.SH,2,F03,G54
600035.SH,2,F03,G54
600036.SH,1,I01,J66
600037.SH,2,G85,I63
600038.SH,5,C75,C37
600039.SH,3,E01,E48
600048.SH,3,J,K70
600050.SH,2,G85,I63
600051.SH,6,H,F51
600052.SH,2,L10,R86
600053.SH,1,I99,J69
600054.SH,2,K01,N78
600055.SH,5,C73,C35
600056.SH,5,C81,C27
600057.SH,2,K99,L72
600058.SH,6,H,F51
600059.SH,5,C05,C15
600060.SH,5,G,C39
600061.SH,1,I21,J67
600062.SH,5,C81,C27
600063.SH,5,C47,C28
600064.SH,3,J,K70
600065.SH,5,C41,C25
600066.SH,5,C75,C36
600067.SH,3,J,K70
600068.SH,3,E01,E48
600069.SH,5,C31,C22
600070.SH,2,G87,I64
600071.SH,5,C78,C40
600072.SH,3,E01,E48
600073.SH,5,C03,C14
600074.SH,5,G,C39
600075.SH,5,C43,C26
600076.SH,5,C21,C20
600077.SH,3,J,K70
600078.SH,5,C43,C26
600079.SH,5,C81,C27
600080.SH,5,C81,C27
600081.SH,5,C75,C36
600082.SH,3,J,K70
600083.SH,6,H,F51
600084.SH,5,C05,C15
600085.SH,5,C81,C27
600086.SH,5,C99,C41
600087.SH,2,F07,G55
600088.SH,2,L10,R86
600089.SH,5,C76,C38
600090.SH,6,H,F51
600091.SH,5,C43,C26
600093.SH,2,K99,L72
600094.SH,3,J,K70
600095.SH,1,I21,J67
600096.SH,5,C43,C26
600097.SH,4,A07,A04
600098.SH,5,D01,D44
600099.SH,5,C75,C37
600100.SH,5,G,C39
600101.SH,5,D01,D44
600102.SH,5,C65,C31
600103.SH,5,C31,C22
600104.SH,5,C75,C36
600105.SH,5,C76,C38
600106.SH,2,F03,G54
600107.SH,5,C13,C18
600108.SH,4,A01,A01
600109.SH,1,I21,J67
600110.SH,5,C67,C32
600111.SH,5,C67,C32
600112.SH,5,C76,C38
600113.SH,2,K99,L72
600114.SH,5,C69,C33
600115.SH,2,F09,G56
600116.SH,5,D01,D44
600117.SH,5,C65,C31
600118.SH,5,G,C39
600119.SH,2,F03,G54
600120.SH,1,I99,J69
600121.SH,5,B01,B06
600122.SH,6,H11,F52
600123.SH,5,B01,B06
600125.SH,2,F01,G53
600126.SH,5,C65,C31
600127.SH,5,C01,C13
600128.SH,6,H,F51
600129.SH,5,C81,C27
600130.SH,5,G,C39
600131.SH,5,D01,D44
600132.SH,5,C05,C15
600133.SH,3,E01,E48
600135.SH,5,C43,C26
600136.SH,2,L10,R86
600137.SH,5,C13,C18
600138.SH,2,K99,L72
600139.SH,1,I01,J66
600141.SH,5,C43,C26
600143.SH,5,C4,C29
600145.SH,5,C61,C30
600146.SH,5,C13,C18
600148.SH,5,C75,C36
600149.SH,5,D01,D44
600150.SH,5,C75,C37
600151.SH,5,G,C39
600152.SH,5,C76,C38
600153.SH,6,H,F51
600155.SH,1,I21,J67
600156.SH,5,C11,C17
600157.SH,5,D01,D44
600158.SH,3,J,K70
600159.SH,3,J,K70
600160.SH,5,C43,C26
600161.SH,5,C81,C27
600162.SH,3,J,K70
600163.SH,5,D01,D44
600165.SH,5,C43,C26
600166.SH,5,C75,C36
600167.SH,5,D01,D44
600168.SH,2,D05,D46
600169.SH,5,C73,C35
600170.SH,3,E01,E48
600171.SH,5,G,C39
600172.SH,5,C61,C30
600173.SH,3,J,K70
600175.SH,4,M,S90
600176.SH,5,C61,C30
600177.SH,5,C13,C18
600178.SH,5,C75,C36
600179.SH,2,F11,G58
600180.SH,6,H,F51
600181.SH,5,C43,C26
600182.SH,5,C4,C29
600183.SH,5,G,C39
600184.SH,5,C73,C35
600185.SH,3,J,K70
600186.SH,5,C03,C14
600187.SH,2,D05,D46
600188.SH,5,B01,B06
600189.SH,5,C05,C15
600190.SH,2,F07,G55
600191.SH,5,C01,C13
600192.SH,5,C76,C38
600193.SH,4,E05,E50
600195.SH,5,C81,C27
600196.SH,5,C81,C27
600197.SH,5,C05,C15
600198.SH,5,G,C39
600199.SH,5,C05,C15
600200.SH,4,M,S90
600201.SH,5,C81,C27
600202.SH,5,C76,C38
600203.SH,5,G,C39
600205.SH,5,C67,C32
600206.SH,5,C67,C32
600207.SH,5,D03,D45
600208.SH,3,J,K70
600209.SH,4,E05,E50
600210.SH,5,C4,C29
600211.SH,5,C81,C27
600212.SH,4,M,S90
600213.SH,5,C75,C36
600215.SH,3,J,K70
600216.SH,5,C81,C27
600217.SH,5,B07,C42
600218.SH,5,C71,C34
600219.SH,5,C67,C32
600220.SH,5,C11,C17
600221.SH,2,F09,G56
600222.SH,5,C81,C27
600223.SH,3,J,K70
600225.SH,3,J,K70
600226.SH,2,G87,I64
600227.SH,5,C81,C27
600228.SH,5,C43,C26
600229.SH,2,L01,R85
600230.SH,5,C43,C26
600231.SH,5,C65,C31
600232.SH,5,C11,C17
600233.SH,2,K10,G60
600234.SH,5,G,C39
600235.SH,5,C31,C22
600236.SH,5,D01,D44
600237.SH,5,G,C39
600238.SH,5,C05,C15
600239.SH,3,J,K70
600240.SH,3,J,K70
600241.SH,6,H,F51
600242.SH,2,G87,I64
600243.SH,5,C71,C34
600246.SH,3,J,K70
600247.SH,6,H,F51
600248.SH,3,E01,E48
600249.SH,5,C43,C26
600250.SH,6,H,F51
600251.SH,5,C01,C13
600252.SH,5,C81,C27
600253.SH,5,C81,C27
600255.SH,5,C67,C32
600256.SH,5,B03,B07
600257.SH,4,A07,A04
600258.SH,6,K32,H61
600259.SH,5,B07,B09
600260.SH,5,G,C39
600261.SH,5,C76,C38
600262.SH,5,C73,C35
600263.SH,3,E01,E48
600265.SH,4,A03,A02
600266.SH,3,J,K70
600267.SH,5,C81,C27
600268.SH,5,C76,C38
600269.SH,2,F03,G54
600270.SH,2,F11,G58
600271.SH,5,G,C39
600272.SH,6,H11,F52
600273.SH,5,C43,C26
600275.SH,5,C01,C13
600276.SH,5,C81,C27
600277.SH,5,C43,C26
600278.SH,6,H,F51
600279.SH,2,F07,G55
600280.SH,6,H11,F52
600281.SH,5,C41,C25
600282.SH,5,C65,C31
600283.SH,2,D05,D46
600284.SH,3,E01,E48
600285.SH,5,C81,C27
600286.SH,5,C61,C30
600287.SH,6,H,F51
600288.SH,5,G,C39
600289.SH,2,G87,I65
600290.SH,5,C76,C38
600291.SH,1,I11,J68
600292.SH,2,K99,N77
600293.SH,6,H11,F52
600295.SH,5,C65,C31
600296.SH,5,C67,C32
600297.SH,6,H11,F52
600298.SH,5,C03,C14
600299.SH,5,C81,C27
600300.SH,5,C05,C15
600301.SH,5,C43,C26
600302.SH,5,C73,C35
600303.SH,5,C75,C36
600305.SH,5,C03,C14
600306.SH,6,H11,F52
600307.SH,5,C65,C31
600308.SH,5,C31,C22
600309.SH,5,C43,C26
600310.SH,5,D01,D44
600311.SH,5,B07,B09
600312.SH,5,C76,C38
600313.SH,4,A01,A01
600315.SH,5,C43,C26
600316.SH,5,C75,C37
600317.SH,2,F07,G55
600318.SH,1,I99,J69
600319.SH,5,C43,C26
600320.SH,5,C73,C35
600321.SH,5,C21,C20
600322.SH,3,J,K70
600323.SH,2,K99,N77
600325.SH,3,J,K70
600326.SH,5,C61,C30
600327.SH,6,H11,F52
600328.SH,5,C43,C26
600329.SH,5,C81,C27
600330.SH,5,G,C39
600331.SH,5,C67,C32
600332.SH,5,C81,C27
600333.SH,5,D03,D45
600335.SH,6,H,F51
600336.SH,5,C76,C38
600337.SH,6,H11,F52
600338.SH,5,B07,B09
600339.SH,5,B50,B11
600340.SH,3,J,K70
600343.SH,5,C73,C35
600345.SH,5,G,C39
600346.SH,5,C47,C28
600348.SH,5,B01,B06
600350.SH,2,F03,G54
600351.SH,5,C81,C27
600352.SH,5,C43,C26
600353.SH,5,G,C39
600354.SH,4,A01,A01
600355.SH,5,G,C39
600356.SH,5,C31,C22
600357.SH,5,C65,C31
600358.SH,2,G87,I64
600359.SH,4,A01,A01
600360.SH,5,G,C39
600361.SH,6,H11,F52
600362.SH,5,C67,C32
600363.SH,5,G,C39
600365.SH,5,C05,C15
600366.SH,5,C61,C30
600367.SH,5,C43,C26
600368.SH,2,F03,G54
600369.SH,1,I21,J67
600370.SH,5,C11,C17
600371.SH,4,A01,A01
600372.SH,5,C75,C37
600373.SH,2,L01,R85
600375.SH,5,C75,C36
600376.SH,3,J,K70
600377.SH,2,F03,G54
600378.SH,5,C43,C26
600379.SH,5,C76,C38
600380.SH,5,C81,C27
600381.SH,5,C03,C14
600382.SH,6,H,F51
600383.SH,3,J,K70
600385.SH,5,C81,C27
600386.SH,6,H11,F52
600387.SH,6,H,F51
600388.SH,5,C73,C35
600389.SH,5,C43,C26
600390.SH,1,I99,J69
600391.SH,5,C75,C37
600392.SH,5,C67,C32
600393.SH,3,J,K70
600395.SH,5,B01,B06
600396.SH,5,D01,D44
600397.SH,5,B01,B06
600398.SH,5,C13,C18
600399.SH,5,C65,C31
600400.SH,5,C13,C18
600401.SH,5,G,C39
600403.SH,5,B01,B06
600405.SH,5,G,C39
600406.SH,2,G87,I65
600408.SH,5,C65,C31
600409.SH,5,C43,C26
600410.SH,2,G87,I65
600415.SH,2,K99,L72
600416.SH,5,C71,C34
600418.SH,5,C75,C36
600419.SH,5,C03,C14
600420.SH,5,C81,C27
600421.SH,5,C71,C34
600422.SH,5,C81,C27
600423.SH,5,C43,C26
600425.SH,5,C61,C30
600426.SH,5,C43,C26
600428.SH,2,F07,G55
600429.SH,5,C03,C14
600432.SH,5,C67,C32
600433.SH,5,C31,C22
600435.SH,5,G,C39
600436.SH,5,C81,C27
600438.SH,5,C01,C13
600439.SH,5,C14,C19
600444.SH,5,C71,C34
600446.SH,2,G87,I65
600448.SH,5,C11,C17
600449.SH,5,C61,C30
600452.SH,5,D01,D44
600455.SH,4,M,S90
600456.SH,5,C67,C32
600458.SH,5,C4,C29
600459.SH,5,C67,C32
600460.SH,5,G,C39
600461.SH,2,D05,D46
600462.SH,2,K99,L72
600463.SH,3,E01,E48
600466.SH,3,J,K70
600467.SH,4,A07,A04
600468.SH,5,C76,C38
600469.SH,5,C4,C29
600470.SH,5,C43,C26
600472.SH,5,B07,B09
600475.SH,2,K99,N77
600476.SH,2,G87,I65
600477.SH,5,C69,C33
600478.SH,5,C76,C38
600479.SH,5,C81,C27
600480.SH,5,C75,C36
600481.SH,5,C76,C38
600482.SH,5,C75,C37
600483.SH,5,D01,D44
600485.SH,5,G,C39
600486.SH,5,C43,C26
600487.SH,5,C76,C38
600488.SH,5,C81,C27
600489.SH,5,B07,B09
600490.SH,5,C67,C32
600491.SH,3,E01,E48
600493.SH,5,C11,C17
600495.SH,5,C75,C37
600496.SH,5,C69,C33
600497.SH,5,B07,B09
600498.SH,5,G,C39
600499.SH,5,C73,C35
600500.SH,5,C43,C26
600501.SH,5,C75,C36
600502.SH,3,E01,E48
600503.SH,3,J,K70
600505.SH,5,D01,D44
600506.SH,4,A01,A01
600507.SH,5,C65,C31
600508.SH,5,B01,B06
600509.SH,5,D01,D44
600510.SH,3,J,K70
600511.SH,6,H,F51
600512.SH,3,E01,E48
600513.SH,5,C81,C27
600515.SH,3,J,K70
600516.SH,5,C61,C30
600517.SH,1,I99,J69
600518.SH,5,C81,C27
600519.SH,5,C05,C15
600520.SH,5,C76,C38
600521.SH,5,C81,C27
600522.SH,5,C76,C38
600523.SH,5,C75,C36
600525.SH,5,G,C39
600526.SH,5,C73,C35
600527.SH,5,C47,C28
600528.SH,5,C73,C35
600529.SH,5,C61,C30
600530.SH,5,C81,C27
600531.SH,5,C67,C32
600532.SH,5,B05,B08
600533.SH,3,J,K70
600535.SH,5,C81,C27
600536.SH,2,G87,I65
600537.SH,5,C76,C38
600538.SH,6,H,F51
600539.SH,5,C61,C30
600540.SH,4,A01,A01
600543.SH,5,C05,C15
600545.SH,5,C73,C35
600546.SH,6,H,F51
600547.SH,5,B07,B09
600548.SH,2,F03,G54
600549.SH,5,C67,C32
600550.SH,5,C76,C38
600551.SH,2,L01,R85
600552.SH,5,G,C39
600553.SH,5,C61,C30
600555.SH,3,J,K70
600556.SH,2,G87,I65
600557.SH,5,C81,C27
600558.SH,5,C69,C33
600559.SH,5,C05,C15
600560.SH,5,C73,C35
600561.SH,2,F03,G54
600562.SH,5,G,C39
600563.SH,5,G,C39
600565.SH,3,J,K70
600566.SH,5,C81,C27
600567.SH,5,C31,C22
600568.SH,5,C81,C27
600569.SH,5,C65,C31
600570.SH,2,G87,I65
600571.SH,2,G87,I65
600572.SH,5,C81,C27
600573.SH,5,C05,C15
600575.SH,2,F07,G55
600576.SH,2,L15,R87
600577.SH,5,C76,C38
600578.SH,5,D01,D44
600579.SH,5,C73,C35
600580.SH,5,C76,C38
600581.SH,5,C65,C31
600582.SH,5,C73,C35
600583.SH,5,B50,B11
600584.SH,5,G,C39
600585.SH,5,C61,C30
600586.SH,5,C61,C30
600587.SH,5,C73,C35
600588.SH,2,G87,I65
600589.SH,5,C43,C26
600590.SH,5,C76,C38
600591.SH,2,F09,G56
600592.SH,5,C71,C34
600593.SH,2,K01,N78
600594.SH,5,C81,C27
600595.SH,5,C67,C32
600596.SH,5,C43,C26
600597.SH,5,C03,C14
600598.SH,4,A01,A01
600599.SH,1,I99,J69
600600.SH,5,C05,C15
600601.SH,5,G,C39
600602.SH,2,G87,I65
600603.SH,4,M,S90
600604.SH,3,J,K70
600605.SH,6,H,F51
600606.SH,3,J,K70
600607.SH,4,M,S90
600608.SH,5,C65,C31
600609.SH,5,C75,C36
600610.SH,5,C43,C26
600611.SH,2,F03,G54
600612.SH,5,C99,C41
600613.SH,5,C81,C27
600614.SH,5,B07,C42
600615.SH,5,C69,C33
600616.SH,5,C05,C15
600617.SH,5,D03,D45
600618.SH,5,C43,C26
600619.SH,5,C71,C34
600620.SH,4,M,S90
600621.SH,1,I21,J67
600622.SH,3,J,K70
600623.SH,5,C43,C26
600624.SH,4,M,S90
600626.SH,6,H,F51
600627.SH,5,C76,C38
600628.SH,6,H11,F52
600629.SH,2,K20,M74
600630.SH,5,C11,C17
600631.SH,6,H11,F52
600633.SH,2,G87,I64
600634.SH,2,G87,I64
600635.SH,5,D03,D45
600636.SH,5,C43,C26
600637.SH,2,G85,I63
600638.SH,3,J,K70
600639.SH,3,J,K70
600640.SH,2,G87,I64
600641.SH,3,J,K70
600642.SH,5,D03,D45
600643.SH,1,I99,J69
600644.SH,5,D01,D44
600645.SH,2,K20,M73
600647.SH,6,H,F51
600648.SH,6,H,F51
600649.SH,3,J,K70
600650.SH,2,F03,G54
600651.SH,5,C76,C38
600652.SH,2,G87,I64
600653.SH,6,H11,F52
600654.SH,2,G87,I65
600655.SH,6,H11,F52
600656.SH,6,H11,F52
600657.SH,3,J,K70
600658.SH,3,J,K70
600660.SH,5,C61,C30
600661.SH,2,K99,P82
600662.SH,2,F03,G54
600663.SH,3,J,K70
600664.SH,5,C81,C27
600665.SH,3,J,K70
600666.SH,5,G,C39
600667.SH,5,G,C39
600668.SH,5,C61,C30
600671.SH,5,C81,C27
600673.SH,4,M,S90
600674.SH,5,D01,D44
600675.SH,3,J,K70
600676.SH,2,F03,G54
600677.SH,6,H,F51
600678.SH,5,C61,C30
600679.SH,5,C75,C37
600680.SH,5,G,C39
600681.SH,5,D03,D45
600682.SH,6,H11,F52
600683.SH,3,J,K70
600684.SH,3,J,K70
600685.SH,5,C75,C37
600686.SH,5,C75,C36
600687.SH,5,C99,C41
600688.SH,5,C41,C25
600689.SH,5,C11,C17
600690.SH,5,C76,C38
600691.SH,5,C43,C26
600692.SH,3,J,K70
600693.SH,6,H11,F52
600694.SH,6,H11,F52
600695.SH,1,I21,J67
600696.SH,3,J,K70
600697.SH,6,H11,F52
600698.SH,5,C75,C36
600699.SH,5,C75,C36
600701.SH,2,G87,I65
600702.SH,5,C05,C15
600703.SH,5,G,C39
600704.SH,6,H,F51
600705.SH,1,I99,J69
600706.SH,2,K01,N78
600707.SH,5,G,C39
600708.SH,3,J,K70
600710.SH,6,H,F51
600711.SH,5,B07,B09
600712.SH,6,H11,F52
600713.SH,6,H11,F52
600714.SH,5,C43,C26
600715.SH,2,L10,R86
600716.SH,3,J,K70
600717.SH,2,F07,G55
600718.SH,2,G87,I65
600719.SH,5,D01,D44
600720.SH,5,C61,C30
600721.SH,2,K20,M73
600722.SH,5,C43,C26
600723.SH,6,H11,F52
600724.SH,5,C61,C30
600725.SH,5,C41,C25
600726.SH,5,D01,D44
600727.SH,5,C43,C26
600728.SH,2,G87,I65
600729.SH,6,H11,F52
600730.SH,2,K99,P82
600731.SH,5,C43,C26
600732.SH,5,C76,C38
600733.SH,5,C75,C36
600734.SH,5,G,C39
600735.SH,5,C14,C19
600736.SH,3,J,K70
600737.SH,5,C01,C13
600738.SH,6,H11,F52
600739.SH,6,H,F51
600740.SH,5,C41,C25
600741.SH,5,C75,C36
600742.SH,5,C75,C36
600743.SH,3,J,K70
600744.SH,5,D01,D44
600745.SH,5,G,C39
600746.SH,5,C43,C26
600747.SH,6,H,F51
600748.SH,3,J,K70
600749.SH,2,K01,N78
600750.SH,5,C81,C27
600751.SH,6,H,F51
600753.SH,6,H,F51
600754.SH,6,K32,H61
600755.SH,6,H,F51
600756.SH,2,G87,I65
600757.SH,2,L01,R85
600758.SH,5,B01,B06
600759.SH,5,B03,B07
600760.SH,5,C75,C37
600761.SH,5,C73,C35
600762.SH,4,A01,A01
600763.SH,2,K37,Q83
600764.SH,5,G,C39
600765.SH,5,C75,C37
600766.SH,5,B07,B09
600767.SH,2,G87,I65
600768.SH,5,C67,C32
600769.SH,3,E01,E48
600770.SH,4,M,S90
600771.SH,5,C81,C27
600773.SH,3,J,K70
600774.SH,6,H11,F52
600775.SH,5,G,C39
600776.SH,5,G,C39
600777.SH,5,B03,B07
600778.SH,6,H11,F52
600779.SH,5,C05,C15
600780.SH,5,D01,D44
600781.SH,5,C81,C27
600782.SH,5,C65,C31
600783.SH,1,I21,J67
600784.SH,5,C03,C14
600785.SH,6,H11,F52
600786.SH,5,C71,C34
600787.SH,2,F21,G59
600789.SH,5,C81,C27
600790.SH,2,K99,L72
600791.SH,3,J,K70
600792.SH,5,C41,C25
600793.SH,5,C31,C22
600794.SH,2,F21,G59
600795.SH,5,D01,D44
600796.SH,5,C43,C26
600797.SH,2,G87,I65
600798.SH,2,F07,G55
600800.SH,5,C43,C26
600801.SH,5,C61,C30
600802.SH,5,C61,C30
600803.SH,5,C43,C26
600804.SH,2,G87,I64
600805.SH,4,M,S90
600806.SH,5,C71,C34
600807.SH,3,J,K70
600808.SH,5,C65,C31
600809.SH,5,C05,C15
600810.SH,5,C47,C28
600811.SH,5,C01,C13
600812.SH,5,C81,C27
600814.SH,6,H11,F52
600815.SH,5,C73,C35
600816.SH,1,I99,J69
600817.SH,3,J,K70
600818.SH,5,C75,C37
600819.SH,5,C61,C30
600820.SH,3,E01,E48
600821.SH,6,H11,F52
600822.SH,6,H,F51
600823.SH,3,J,K70
600824.SH,6,H11,F52
600825.SH,2,L01,R85
600826.SH,6,H,F51
600827.SH,6,H11,F52
600828.SH,6,H11,F52
600829.SH,6,H,F51
600830.SH,2,K39,L71
600831.SH,2,G85,I63
600832.SH,2,K01,N78
600833.SH,6,H11,F52
600834.SH,2,F03,G54
600835.SH,5,C71,C34
600836.SH,5,C35,C23
600837.SH,1,I21,J67
600838.SH,6,H11,F52
600839.SH,5,G,C39
600840.SH,3,J,K70
600841.SH,5,C71,C34
600842.SH,5,C81,C27
600843.SH,5,C73,C35
600844.SH,5,C43,C26
600845.SH,2,G87,I65
600846.SH,3,E01,E48
600847.SH,5,C76,C38
600848.SH,3,J,K70
600850.SH,2,G87,I65
600851.SH,5,C81,C27
600853.SH,3,E01,E48
600854.SH,5,C76,C38
600855.SH,5,C73,C35
600856.SH,5,D03,D45
600857.SH,6,H11,F52
600858.SH,6,H11,F52
600859.SH,6,H11,F52
600860.SH,5,C73,C35
600861.SH,6,H11,F52
600862.SH,5,C75,C37
600863.SH,5,D01,D44
600864.SH,1,I21,J67
600865.SH,6,H11,F52
600866.SH,5,C03,C14
600867.SH,5,C81,C27
600868.SH,5,D01,D44
600869.SH,5,C76,C38
600870.SH,5,G,C39
600871.SH,5,B50,B11
600872.SH,5,C03,C14
600873.SH,5,C03,C14
600874.SH,2,D05,D46
600875.SH,5,C71,C34
600876.SH,5,C61,C30
600877.SH,5,C76,C38
600879.SH,5,C73,C35
600880.SH,2,L01,R85
600881.SH,5,C61,C30
600882.SH,5,C03,C14
600883.SH,5,C61,C30
600884.SH,5,C76,C38
600885.SH,5,C76,C38
600886.SH,5,D01,D44
600887.SH,5,C03,C14
600888.SH,5,G,C39
600889.SH,5,C47,C28
600890.SH,3,J,K70
600891.SH,5,C99,C41
600892.SH,2,G87,I65
600893.SH,5,C75,C37
600894.SH,5,C71,C34
600895.SH,3,J,K70
600896.SH,2,K37,Q83
600897.SH,2,F09,G56
600898.SH,5,G,C39
600900.SH,5,D01,D44
600901.SH,1,I01,J66
600903.SH,5,D03,D45
600908.SH,1,I01,J66
600909.SH,1,I21,J67
600917.SH,5,D03,D45
600918.SH,1,I21,J67
600919.SH,1,I01,J66
600926.SH,1,I01,J66
600928.SH,1,I01,J66
600929.SH,5,C03,C14
600933.SH,5,C75,C36
600936.SH,2,G85,I63
600939.SH,3,E01,E47
600956.SH,5,D03,D45
600958.SH,1,I21,J67
600959.SH,2,G85,I63
600960.SH,5,C75,C36
600961.SH,5,C67,C32
600962.SH,5,C05,C15
600963.SH,5,C31,C22
600965.SH,4,A05,A03
600966.SH,5,C31,C22
600967.SH,5,C75,C37
600968.SH,5,B50,B11
600969.SH,5,D01,D44
600970.SH,3,E01,E48
600971.SH,5,B01,B06
600973.SH,5,C76,C38
600975.SH,4,A05,A03
600976.SH,6,H11,F52
600977.SH,2,L10,R86
600978.SH,5,C25,C21
600979.SH,5,D01,D44
600980.SH,5,G,C39
600981.SH,6,H,F51
600982.SH,5,D01,D44
600983.SH,5,C76,C38
600984.SH,5,C73,C35
600985.SH,5,B01,B06
600986.SH,2,G87,I64
600987.SH,5,C11,C17
600988.SH,5,B07,B09
600989.SH,5,C43,C26
600990.SH,5,G,C39
600991.SH,5,C75,C36
600992.SH,5,C69,C33
600993.SH,6,H,F51
600995.SH,5,D01,D44
600996.SH,2,G85,I63
600997.SH,5,C41,C25
600998.SH,6,H,F51
600999.SH,1,I21,J67
601000.SH,2,F07,G55
601001.SH,5,B01,B06
601002.SH,5,C71,C34
601003.SH,5,C65,C31
601005.SH,5,C65,C31
601006.SH,2,F01,G53
601007.SH,6,K32,H61
601008.SH,2,F07,G55
601009.SH,1,I01,J66
601010.SH,6,H11,F52
601011.SH,5,C41,C25
601012.SH,5,C61,C30
601015.SH,5,C41,C25
601016.SH,5,D01,D44
601018.SH,2,F07,G55
601019.SH,2,L01,R85
601020.SH,5,B07,B09
601021.SH,2,F09,G56
601028.SH,5,C69,C33
601038.SH,5,C73,C35
601058.SH,5,C4,C29
601066.SH,1,I21,J67
601068.SH,3,E01,E48
601069.SH,5,B07,B09
601077.SH,1,I01,J66
601086.SH,6,H11,F52
601088.SH,5,B01,B06
601098.SH,2,L01,R85
601099.SH,1,I21,J67
601100.SH,5,C73,C35
601101.SH,5,B01,B06
601106.SH,5,C73,C35
601107.SH,2,F03,G54
601108.SH,1,I21,J67
601111.SH,2,F09,G56
601113.SH,5,C47,C28
601116.SH,6,H11,F52
601117.SH,3,E01,E48
601118.SH,4,A01,A01
601126.SH,5,C76,C38
601127.SH,5,C75,C36
601128.SH,1,I01,J66
601137.SH,5,C67,C32
601138.SH,5,G,C39
601139.SH,5,D03,D45
601155.SH,3,J,K70
601158.SH,2,D05,D46
601162.SH,1,I21,J67
601163.SH,5,C4,C29
601166.SH,1,I01,J66
601168.SH,5,B07,B09
601169.SH,1,I01,J66
601177.SH,5,C71,C34
601179.SH,5,C76,C38
601186.SH,3,E01,E48
601187.SH,1,I01,J66
601188.SH,2,F03,G54
601198.SH,1,I21,J67
601199.SH,2,D05,D46
601200.SH,2,K99,N77
601208.SH,5,C43,C26
601211.SH,1,I21,J67
601212.SH,5,C67,C32
601216.SH,5,C43,C26
601218.SH,5,C73,C35
601222.SH,5,C78,C40
601225.SH,5,B01,B06
601226.SH,2,K20,M74
601228.SH,2,F07,G55
601229.SH,1,I01,J66
601231.SH,5,G,C39
601233.SH,5,C47,C28
601236.SH,1,I21,J67
601238.SH,5,C75,C36
601258.SH,6,H11,F52
601268.SH,5,C73,C35
601288.SH,1,I01,J66
601298.SH,2,F07,G55
601299.SH,5,C75,C37
601311.SH,5,C76,C38
601313.SH,5,C71,C34
601318.SH,1,I11,J68
601319.SH,1,I11,J68
601326.SH,2,F07,G55
601328.SH,1,I01,J66
601330.SH,2,K99,N77
601333.SH,2,F01,G53
601336.SH,1,I11,J68
601339.SH,5,C11,C17
601360.SH,2,G87,I64
601366.SH,6,H11,F52
601368.SH,2,D05,D46
601369.SH,5,C76,C38
601375.SH,1,I21,J67
601377.SH,1,I21,J67
601388.SH,5,C67,C32
601390.SH,3,E01,E48
601398.SH,1,I01,J66
601399.SH,3,E01,E48
601456.SH,1,I21,J67
601500.SH,5,C4,C29
601512.SH,3,J,K70
601515.SH,5,C35,C23
601518.SH,2,F03,G54
601519.SH,1,I99,J69
601555.SH,1,I21,J67
601558.SH,5,C71,C34
601566.SH,5,C13,C18
601567.SH,5,C78,C40
601568.SH,5,C43,C26
601577.SH,1,I01,J66
601579.SH,5,C05,C15
601588.SH,3,J,K70
601595.SH,2,L10,R86
601598.SH,2,F11,G58
601599.SH,5,C11,C17
601600.SH,5,C67,C32
601601.SH,1,I11,J68
601606.SH,5,C99,C41
601607.SH,6,H11,F52
601608.SH,5,C73,C35
601609.SH,5,C67,C32
601611.SH,3,E01,E48
601615.SH,5,C71,C34
601616.SH,5,C76,C38
601618.SH,3,E01,E48
601619.SH,5,D01,D44
601628.SH,1,I11,J68
601633.SH,5,C75,C36
601636.SH,5,C61,C30
601658.SH,1,I01,J66
601666.SH,5,B01,B06
601668.SH,3,E01,E48
601669.SH,3,E01,E48
601677.SH,5,C67,C32
601678.SH,5,C43,C26
601688.SH,1,I21,J67
601689.SH,5,C75,C36
601696.SH,1,I21,J67
601698.SH,2,G85,I63
601699.SH,5,B01,B06
601700.SH,5,C69,C33
601702.SH,5,C67,C32
601717.SH,5,C75,C36
601718.SH,5,C13,C18
601727.SH,5,C71,C34
601766.SH,5,C75,C37
601777.SH,5,C75,C36
601778.SH,5,D01,D44
601788.SH,1,I21,J67
601789.SH,3,E01,E48
601798.SH,5,C73,C35
601799.SH,5,C75,C36
601800.SH,3,E01,E48
601801.SH,2,L01,R85
601808.SH,5,B50,B11
601811.SH,2,L01,R85
601816.SH,2,F01,G53
601818.SH,1,I01,J66
601827.SH,2,K99,N77
601828.SH,2,K99,L72
601838.SH,1,I01,J66
601857.SH,5,B03,B07
601858.SH,2,L01,R85
601860.SH,1,I01,J66
601865.SH,5,C61,C30
601866.SH,2,F07,G55
601869.SH,5,G,C39
601872.SH,2,F07,G55
601877.SH,5,C76,C38
601878.SH,1,I21,J67
601880.SH,2,F07,G55
601881.SH,1,I21,J67
601882.SH,5,C71,C34
601886.SH,4,E05,E50
601888.SH,2,K99,L72
601890.SH,5,C75,C37
601898.SH,5,B01,B06
601899.SH,5,B07,B09
601900.SH,2,L01,R85
601901.SH,1,I21,J67
601908.SH,5,C73,C35
601916.SH,1,I01,J66
601918.SH,5,B01,B06
601919.SH,2,F07,G55
601928.SH,2,L01,R85
601929.SH,2,G85,I63
601933.SH,6,H11,F52
601939.SH,1,I01,J66
601949.SH,2,L01,R85
601952.SH,5,C01,C13
601958.SH,5,B07,B09
601965.SH,2,K20,M74
601966.SH,5,C4,C29
601968.SH,5,C69,C33
601969.SH,5,B05,B08
601975.SH,2,F07,G55
601985.SH,5,D01,D44
601988.SH,1,I01,J66
601989.SH,5,C75,C37
601990.SH,1,I21,J67
601991.SH,5,D01,D44
601992.SH,5,C61,C30
601995.SH,1,I21,J67
601996.SH,5,C21,C20
601997.SH,1,I01,J66
601998.SH,1,I01,J66
601999.SH,2,L01,R85
603000.SH,2,G87,I64
603001.SH,5,C14,C19
603002.SH,5,C43,C26
603003.SH,6,H,F51
603005.SH,5,G,C39
603006.SH,5,C75,C36
603007.SH,3,E01,E48
603008.SH,5,C25,C21
603009.SH,5,C75,C36
603010.SH,5,C43,C26
603011.SH,5,C71,C34
603012.SH,5,C73,C35
603013.SH,5,C75,C36
603015.SH,5,C76,C38
603016.SH,5,C76,C38
603017.SH,2,K20,M74
603018.SH,2,K20,M74
603019.SH,5,G,C39
603020.SH,5,C03,C14
603021.SH,5,C61,C30
603022.SH,5,C31,C22
603023.SH,5,G,C39
603025.SH,5,G,C39
603026.SH,5,C43,C26
603027.SH,5,C03,C14
603028.SH,5,C69,C33
603029.SH,5,C73,C35
603030.SH,4,E05,E50
603031.SH,6,H11,F52
603032.SH,2,F03,G54
603033.SH,5,C4,C29
603035.SH,5,C75,C36
603036.SH,5,C73,C35
603037.SH,5,C75,C36
603038.SH,5,C99,C41
603039.SH,2,G87,I65
603040.SH,5,C69,C33
603041.SH,5,C43,C26
603042.SH,5,G,C39
603043.SH,5,C03,C14
603045.SH,5,C76,C38
603050.SH,5,C76,C38
603053.SH,5,D03,D45
603055.SH,5,C11,C17
603056.SH,2,K10,G60
603058.SH,5,C35,C23
603059.SH,5,C99,C41
603060.SH,2,K20,M74
603063.SH,5,C76,C38
603066.SH,2,F21,G59
603067.SH,5,C43,C26
603068.SH,5,G,C39
603069.SH,2,F03,G54
603076.SH,5,C73,C35
603077.SH,5,C43,C26
603078.SH,5,C43,C26
603079.SH,5,C03,C14
603080.SH,5,D03,D45
603081.SH,5,C73,C35
603083.SH,5,G,C39
603085.SH,5,C73,C35
603086.SH,5,C43,C26
603087.SH,5,C81,C27
603088.SH,5,C73,C35
603089.SH,5,C75,C36
603090.SH,5,C71,C34
603093.SH,1,I21,J67
603095.SH,5,C73,C35
603096.SH,2,L01,R85
603098.SH,4,E05,E50
603099.SH,2,K01,N78
603100.SH,5,C78,C40
603101.SH,6,H11,F52
603103.SH,2,L10,R86
603105.SH,5,C76,C38
603106.SH,5,G,C39
603108.SH,6,H,F51
603109.SH,5,C71,C34
603110.SH,5,C43,C26
603111.SH,5,C75,C37
603112.SH,5,C69,C33
603113.SH,5,C41,C25
603115.SH,5,G,C39
603116.SH,5,C14,C19
603117.SH,2,K99,L72
603118.SH,5,G,C39
603121.SH,5,C75,C36
603123.SH,6,H11,F52
603126.SH,2,K20,M74
603127.SH,2,K20,M73
603128.SH,2,F11,G58
603129.SH,5,C75,C37
603131.SH,5,C71,C34
603133.SH,5,G,C39
603136.SH,2,K01,N78
603138.SH,2,G87,I65
603139.SH,5,C81,C27
603155.SH,5,C43,C26
603156.SH,5,C05,C15
603157.SH,5,C13,C18
603158.SH,5,C75,C36
603159.SH,5,C73,C35
603160.SH,5,G,C39
603161.SH,5,C75,C36
603165.SH,5,C31,C22
603166.SH,5,C75,C36
603167.SH,2,F07,G55
603168.SH,5,C81,C27
603169.SH,5,C73,C35
603177.SH,2,K99,N77
603178.SH,5,C75,C36
603179.SH,5,C75,C36
603180.SH,5,C25,C21
603181.SH,5,C43,C26
603183.SH,2,K20,M74
603185.SH,5,C73,C35
603186.SH,5,G,C39
603187.SH,5,C71,C34
603188.SH,5,C43,C26
603189.SH,2,G87,I65
603192.SH,5,C43,C26
603195.SH,5,C76,C38
603196.SH,5,C13,C18
603197.SH,5,C75,C36
603198.SH,5,C05,C15
603199.SH,2,K01,N78
603200.SH,2,K99,N77
603203.SH,5,C73,C35
603208.SH,5,C25,C21
603212.SH,5,C4,C29
603214.SH,6,H11,F52
603217.SH,5,C43,C26
603218.SH,5,C71,C34
603220.SH,2,G87,I65
603221.SH,5,C4,C29
603222.SH,5,C81,C27
603223.SH,2,F03,G54
603225.SH,5,C47,C28
603226.SH,5,C21,C20
603227.SH,5,C43,C26
603228.SH,5,G,C39
603229.SH,5,C81,C27
603232.SH,2,G87,I65
603233.SH,6,H11,F52
603236.SH,5,G,C39
603238.SH,5,C11,C17
603239.SH,5,C75,C36
603256.SH,5,C61,C30
603258.SH,2,G87,I64
603259.SH,2,K20,M73
603260.SH,5,C43,C26
603266.SH,5,C4,C29
603267.SH,5,G,C39
603268.SH,5,C61,C30
603269.SH,5,C71,C34
603277.SH,5,C71,C34
603278.SH,5,C69,C33
603279.SH,5,C71,C34
603283.SH,5,C73,C35
603286.SH,5,C75,C36
603288.SH,5,C03,C14
603289.SH,5,C73,C35
603290.SH,5,G,C39
603297.SH,5,C78,C40
603298.SH,5,C71,C34
603299.SH,5,C03,C14
603300.SH,2,K39,L71
603301.SH,5,C73,C35
603303.SH,5,C76,C38
603305.SH,5,C67,C32
603306.SH,5,C75,C36
603308.SH,5,C73,C35
603309.SH,5,C73,C35
603311.SH,5,C73,C35
603313.SH,5,C25,C21
603315.SH,5,C71,C34
603316.SH,3,E01,E48
603317.SH,5,C03,C14
603318.SH,5,C73,C35
603319.SH,5,C75,C36
603320.SH,5,C71,C34
603321.SH,5,C71,C34
603322.SH,2,G87,I65
603323.SH,1,I01,J66
603326.SH,5,C25,C21
603327.SH,5,G,C39
603328.SH,5,G,C39
603329.SH,2,F11,G58
603330.SH,5,C43,C26
603331.SH,5,C76,C38
603332.SH,5,C47,C28
603333.SH,5,C76,C38
603335.SH,5,C75,C36
603336.SH,5,C01,C13
603337.SH,5,C73,C35
603338.SH,5,C73,C35
603339.SH,5,C71,C34
603345.SH,5,C01,C13
603348.SH,5,C69,C33
603351.SH,5,C81,C27
603353.SH,6,H11,F52
603355.SH,5,C76,C38
603356.SH,5,C71,C34
603357.SH,2,K20,M74
603358.SH,5,C75,C36
603359.SH,2,K99,N77
603360.SH,5,C43,C26
603363.SH,5,C01,C13
603365.SH,5,C11,C17
603366.SH,5,C76,C38
603367.SH,5,C81,C27
603368.SH,6,H,F51
603369.SH,5,C05,C15
603377.SH,2,K99,P82
603378.SH,5,C43,C26
603379.SH,5,C43,C26
603380.SH,5,G,C39
603383.SH,2,G87,I65
603385.SH,5,C61,C30
603386.SH,5,G,C39
603387.SH,5,C81,C27
603388.SH,3,E01,E48
603389.SH,5,C25,C21
603390.SH,5,G,C39
603392.SH,5,C81,C27
603393.SH,5,D03,D45
603396.SH,5,C73,C35
603398.SH,5,C37,C24
603399.SH,5,C67,C32
603408.SH,5,C4,C29
603416.SH,5,C78,C40
603421.SH,2,G87,I65
603429.SH,5,C35,C23
603439.SH,5,C81,C27
603444.SH,2,G87,I64
603456.SH,5,C81,C27
603458.SH,2,K20,M74
603466.SH,2,L15,R87
603477.SH,4,A05,A03
603486.SH,5,C76,C38
603488.SH,5,C76,C38
603489.SH,5,C76,C38
603496.SH,5,G,C39
603499.SH,5,C35,C23
603500.SH,5,C75,C37
603501.SH,5,G,C39
603505.SH,5,B09,B10
603506.SH,3,J,K70
603507.SH,5,C76,C38
603508.SH,5,C75,C37
603515.SH,5,C76,C38
603516.SH,5,G,C39
603517.SH,5,C01,C13
603518.SH,5,C13,C18
603519.SH,5,C76,C38
603520.SH,5,C81,C27
603527.SH,5,C67,C32
603528.SH,5,G,C39
603530.SH,5,C76,C38
603533.SH,2,G87,I64
603535.SH,2,F21,G59
603536.SH,5,C01,C13
603538.SH,5,C81,C27
603551.SH,5,C76,C38
603555.SH,5,C13,C18
603556.SH,5,C78,C40
603557.SH,5,C14,C19
603558.SH,5,C11,C17
603559.SH,2,G85,I63
603565.SH,2,F07,G55
603566.SH,5,C81,C27
603567.SH,5,C81,C27
603568.SH,2,K99,N77
603569.SH,2,K99,L72
603577.SH,5,C69,C33
603578.SH,5,C61,C30
603579.SH,5,C76,C38
603580.SH,5,C4,C29
603583.SH,5,C76,C38
603585.SH,5,C43,C26
603586.SH,5,C75,C36
603587.SH,5,C13,C18
603588.SH,2,K99,N77
603589.SH,5,C05,C15
603590.SH,5,C81,C27
603595.SH,5,G,C39
603596.SH,5,C75,C36
603598.SH,2,K99,L72
603599.SH,5,C43,C26
603600.SH,5,C25,C21
603601.SH,5,C61,C30
603602.SH,2,G87,I65
603603.SH,2,K99,N77
603605.SH,5,C43,C26
603606.SH,5,C76,C38
603607.SH,5,C31,C22
603608.SH,5,C14,C19
603609.SH,5,C01,C13
603610.SH,5,C25,C21
603611.SH,5,C71,C34
603612.SH,5,C61,C30
603613.SH,2,G87,I64
603615.SH,5,C4,C29
603616.SH,5,C61,C30
603617.SH,5,C71,C34
603618.SH,5,C76,C38
603619.SH,5,B50,B11
603626.SH,5,C69,C33
603628.SH,5,C99,C41
603629.SH,5,C69,C33
603630.SH,5,C43,C26
603633.SH,5,G,C39
603636.SH,2,G87,I65
603637.SH,3,E01,E48
603638.SH,5,C73,C35
603639.SH,5,C43,C26
603648.SH,2,K99,L72
603650.SH,5,C43,C26
603655.SH,5,C4,C29
603656.SH,5,C73,C35
603657.SH,5,C4,C29
603658.SH,5,C81,C27
603659.SH,5,C76,C38
603660.SH,5,G,C39
603661.SH,5,C25,C21
603662.SH,5,C78,C40
603663.SH,5,C61,C30
603665.SH,5,C11,C17
603666.SH,5,C73,C35
603667.SH,5,C71,C34
603668.SH,5,C01,C13
603669.SH,5,C81,C27
603676.SH,5,C81,C27
603677.SH,5,C76,C38
603678.SH,5,G,C39
603679.SH,5,C76,C38
603680.SH,5,C75,C37
603681.SH,5,C43,C26
603682.SH,2,K99,L72
603683.SH,5,C43,C26
603685.SH,5,C76,C38
603686.SH,5,C73,C35
603687.SH,5,C31,C22
603688.SH,5,C61,C30
603689.SH,5,D03,D45
603690.SH,5,C73,C35
603693.SH,5,D01,D44
603696.SH,5,C03,C14
603697.SH,5,C03,C14
603698.SH,2,K20,M74
603699.SH,5,C71,C34
603700.SH,5,C78,C40
603701.SH,5,C76,C38
603703.SH,5,C76,C38
603706.SH,5,D03,D45
603707.SH,5,C81,C27
603708.SH,6,H11,F52
603709.SH,5,C25,C21
603711.SH,5,C05,C15
603712.SH,5,G,C39
603713.SH,2,F11,G58
603716.SH,6,H,F51
603717.SH,3,E01,E48
603718.SH,5,C81,C27
603719.SH,6,H11,F52
603721.SH,2,L10,R86
603722.SH,5,C43,C26
603725.SH,5,C4,C29
603726.SH,5,C4,C29
603727.SH,5,B50,B11
603728.SH,5,C76,C38
603729.SH,2,K99,L72
603730.SH,5,C75,C36
603733.SH,5,C31,C22
603737.SH,5,C43,C26
603738.SH,5,C99,C41
603739.SH,5,C03,C14
603755.SH,5,C03,C14
603757.SH,5,C71,C34
603758.SH,5,C75,C36
603766.SH,5,C75,C37
603767.SH,5,C75,C36
603768.SH,5,C75,C36
603773.SH,5,G,C39
603776.SH,2,K20,M74
603777.SH,6,H11,F52
603778.SH,3,E01,E48
603779.SH,5,C05,C15
603786.SH,5,C75,C36
603787.SH,5,C75,C37
603788.SH,5,C75,C36
603789.SH,5,C73,C35
603790.SH,5,C43,C26
603797.SH,2,K99,N77
603798.SH,5,C41,C25
603799.SH,5,C67,C32
603800.SH,5,C73,C35
603801.SH,5,C25,C21
603803.SH,5,G,C39
603806.SH,5,C4,C29
603808.SH,5,C13,C18
603809.SH,5,C75,C36
603810.SH,5,C43,C26
603811.SH,5,C81,C27
603813.SH,2,F03,G54
603815.SH,3,E01,E48
603816.SH,5,C25,C21
603817.SH,2,D05,D46
603818.SH,5,C25,C21
603819.SH,5,C76,C38
603822.SH,5,C43,C26
603823.SH,5,C43,C26
603825.SH,2,G87,I64
603826.SH,5,C61,C30
603828.SH,4,E05,E50
603829.SH,5,C76,C38
603833.SH,5,C25,C21
603838.SH,5,C61,C30
603839.SH,5,C13,C18
603843.SH,3,E01,E48
603848.SH,5,C69,C33
603855.SH,5,C73,C35
603856.SH,5,C4,C29
603858.SH,5,C81,C27
603859.SH,2,K20,M74
603860.SH,2,K20,M74
603861.SH,5,C76,C38
603863.SH,5,C31,C22
603866.SH,5,C03,C14
603867.SH,5,C43,C26
603868.SH,5,C76,C38
603869.SH,2,G87,I65
603871.SH,2,F11,G58
603876.SH,5,C67,C32
603877.SH,5,C13,C18
603878.SH,5,C65,C31
603879.SH,5,C43,C26
603880.SH,5,C81,C27
603881.SH,2,G87,I64
603882.SH,2,K37,Q83
603883.SH,6,H11,F52
603885.SH,2,F09,G56
603886.SH,5,C03,C14
603887.SH,2,G87,I65
603888.SH,2,G87,I64
603889.SH,5,C11,C17
603890.SH,5,G,C39
603893.SH,5,G,C39
603895.SH,5,C73,C35
603896.SH,5,C81,C27
603897.SH,5,C76,C38
603898.SH,5,C25,C21
603899.SH,5,C37,C24
603900.SH,6,H11,F52
603901.SH,5,C73,C35
603903.SH,2,K99,N77
603906.SH,5,C43,C26
603908.SH,5,C13,C18
603909.SH,2,K20,M74
603912.SH,5,C73,C35
603915.SH,5,C71,C34
603916.SH,5,C43,C26
603917.SH,5,C73,C35
603918.SH,2,G87,I65
603919.SH,5,C05,C15
603920.SH,5,G,C39
603922.SH,5,C75,C36
603926.SH,5,C75,C36
603927.SH,2,G87,I65
603928.SH,5,C43,C26
603929.SH,3,E01,E49
603931.SH,5,C43,C26
603933.SH,5,G,C39
603936.SH,5,G,C39
603937.SH,5,C69,C33
603938.SH,5,C43,C26
603939.SH,6,H11,F52
603948.SH,5,C43,C26
603949.SH,5,C75,C36
603950.SH,5,C75,C36
603955.SH,3,E01,E48
603956.SH,5,C73,C35
603958.SH,5,C14,C19
603959.SH,3,E01,E48
603960.SH,5,C73,C35
603963.SH,5,C81,C27
603966.SH,5,C71,C34
603967.SH,2,F11,G58
603968.SH,5,C43,C26
603969.SH,5,C69,C33
603970.SH,6,H,F51
603976.SH,5,C81,C27
603977.SH,5,C43,C26
603978.SH,5,C67,C32
603979.SH,5,B50,B11
603980.SH,5,C43,C26
603982.SH,5,C75,C36
603983.SH,5,C43,C26
603985.SH,5,C69,C33
603986.SH,5,G,C39
603987.SH,5,C73,C35
603988.SH,5,C76,C38
603989.SH,5,G,C39
603990.SH,2,G87,I65
603991.SH,5,C4,C29
603992.SH,5,C4,C29
603993.SH,5,B07,B09
603995.SH,5,C65,C31
603996.SH,5,G,C39
603997.SH,5,C75,C36
603998.SH,5,C81,C27
603999.SH,2,L01,R85
605001.SH,5,C75,C37
605003.SH,5,C11,C17
605006.SH,5,C61,C30
605007.SH,5,C31,C22
605008.SH,5,C43,C26
605009.SH,5,C31,C22
605018.SH,5,C75,C36
605050.SH,2,F11,G58
605058.SH,5,G,C39
605066.SH,5,C76,C38
605068.SH,5,C14,C19
605088.SH,5,C75,C36
605099.SH,5,C37,C24
605100.SH,5,C71,C34
605108.SH,6,K30,H62
605111.SH,5,G,C39
605116.SH,5,C81,C27
605118.SH,5,G,C39
605123.SH,5,C69,C33
605128.SH,5,C75,C36
605136.SH,6,H11,F52
605158.SH,5,C69,C33
605166.SH,5,C43,C26
605168.SH,2,K99,L72
605169.SH,5,D03,D45
605177.SH,5,C81,C27
605178.SH,4,E05,E50
605188.SH,6,H11,F52
605198.SH,5,C05,C15
605199.SH,5,C81,C27
605218.SH,5,G,C39
605222.SH,5,C76,C38
605255.SH,5,C4,C29
605288.SH,5,C76,C38
605318.SH,5,C99,C41
605333.SH,5,C75,C36
605336.SH,5,C76,C38
605338.SH,5,C03,C14
605358.SH,5,G,C39
605366.SH,5,C43,C26
605369.SH,5,C73,C35
605388.SH,5,C05,C15
605399.SH,5,C43,C26
688001.SH,5,C73,C35
688002.SH,5,G,C39
688003.SH,5,C73,C35
688004.SH,2,G87,I65
688005.SH,5,G,C39
688006.SH,5,C73,C35
688007.SH,5,G,C39
688008.SH,5,G,C39
688009.SH,5,C75,C37
688010.SH,5,C78,C40
688011.SH,5,G,C39
688012.SH,5,C73,C35
688013.SH,5,C73,C35
688015.SH,5,C75,C37
688016.SH,5,C73,C35
688017.SH,5,C71,C34
688018.SH,2,G87,I65
688019.SH,5,G,C39
688020.SH,5,G,C39
688021.SH,5,C73,C35
688022.SH,5,C73,C35
688023.SH,2,G87,I65
688025.SH,5,G,C39
688026.SH,5,C4,C29
688027.SH,5,G,C39
688028.SH,5,C73,C35
688029.SH,5,C73,C35
688030.SH,2,G87,I65
688033.SH,5,C75,C37
688036.SH,5,G,C39
688037.SH,5,C73,C35
688039.SH,2,G87,I65
688050.SH,5,C73,C35
688051.SH,2,G87,I65
688055.SH,5,G,C39
688056.SH,5,C78,C40
688057.SH,2,K99,N77
688058.SH,2,G87,I65
688060.SH,2,G87,I65
688065.SH,5,C47,C28
688066.SH,2,G87,I65
688068.SH,5,C81,C27
688069.SH,2,K99,N77
688077.SH,5,C61,C30
688078.SH,2,G87,I65
688080.SH,5,G,C39
688081.SH,5,G,C39
688085.SH,5,C73,C35
688086.SH,5,G,C39
688088.SH,2,G87,I65
688089.SH,5,C03,C14
688090.SH,5,C73,C35
688093.SH,5,G,C39
688095.SH,2,G87,I65
688096.SH,5,C73,C35
688098.SH,5,C81,C27
688099.SH,2,G87,I65
688100.SH,5,G,C39
688101.SH,5,C73,C35
688106.SH,5,C43,C26
688108.SH,5,C73,C35
688111.SH,2,G87,I65
688116.SH,5,C43,C26
688118.SH,2,G87,I65
688122.SH,5,C67,C32
688123.SH,5,G,C39
688126.SH,5,G,C39
688127.SH,5,C99,C41
688128.SH,5,C73,C35
688129.SH,5,C43,C26
688133.SH,2,K20,M73
688135.SH,5,G,C39
688138.SH,5,G,C39
688139.SH,5,C73,C35
688155.SH,5,C73,C35
688156.SH,2,K99,N77
688157.SH,5,C43,C26
688158.SH,2,G87,I64
688159.SH,5,G,C39
688160.SH,5,C78,C40
688165.SH,5,C71,C34
688166.SH,5,C81,C27
688168.SH,2,G87,I65
688169.SH,5,C76,C38
688177.SH,5,C81,C27
688178.SH,2,K99,N77
688179.SH,2,K20,M73
688180.SH,5,C81,C27
688181.SH,5,G,C39
688185.SH,5,C81,C27
688186.SH,5,C69,C33
688188.SH,2,G87,I65
688189.SH,5,C81,C27
688196.SH,5,B07,C42
688198.SH,5,C73,C35
688199.SH,5,C43,C26
688200.SH,5,C73,C35
688202.SH,2,K20,M73
688208.SH,5,G,C39
688215.SH,5,C73,C35
688218.SH,5,C73,C35
688219.SH,5,C4,C29
688221.SH,5,C81,C27
688222.SH,2,K20,M73
688228.SH,2,G87,I65
688229.SH,2,G87,I65
688233.SH,5,C61,C30
688256.SH,2,G87,I65
688258.SH,2,G87,I65
688266.SH,5,C81,C27
688268.SH,5,C43,C26
688277.SH,5,C73,C35
688278.SH,5,C81,C27
688286.SH,5,G,C39
688288.SH,5,G,C39
688289.SH,5,C81,C27
688298.SH,5,C81,C27
688299.SH,5,C4,C29
688300.SH,5,C61,C30
688301.SH,5,C73,C35
688309.SH,5,C73,C35
688310.SH,5,C73,C35
688311.SH,5,G,C39
688312.SH,5,C73,C35
688313.SH,5,G,C39
688318.SH,2,G87,I65
688321.SH,5,C81,C27
688330.SH,5,C76,C38
688333.SH,5,C71,C34
688335.SH,5,C73,C35
688336.SH,5,C81,C27
688338.SH,5,C81,C27
688339.SH,5,C76,C38
688356.SH,5,C43,C26
688357.SH,5,C43,C26
688358.SH,5,C73,C35
688360.SH,5,C71,C34
688363.SH,5,C81,C27
688365.SH,2,G87,I65
688366.SH,5,C81,C27
688368.SH,2,G87,I65
688369.SH,2,G87,I65
688377.SH,5,C73,C35
688378.SH,5,C73,C35
688379.SH,5,C69,C33
688386.SH,5,C4,C29
688388.SH,5,G,C39
688389.SH,5,C73,C35
688390.SH,5,C76,C38
688393.SH,5,C81,C27
688396.SH,5,G,C39
688398.SH,5,C61,C30
688399.SH,5,C81,C27
688408.SH,5,C76,C38
688418.SH,5,G,C39
688466.SH,2,K99,N77
688488.SH,5,C99,C41
688500.SH,2,G87,I65
688505.SH,5,C81,C27
688508.SH,2,G87,I65
688513.SH,5,C81,C27
688516.SH,5,C73,C35
688518.SH,5,C73,C35
688519.SH,5,G,C39
688520.SH,5,C81,C27
688521.SH,2,G87,I65
688526.SH,5,C81,C27
688528.SH,5,C78,C40
688529.SH,5,C73,C35
688536.SH,2,G87,I65
688550.SH,5,C43,C26
688551.SH,5,C73,C35
688555.SH,2,G87,I65
688556.SH,5,C73,C35
688558.SH,5,C71,C34
688559.SH,5,C73,C35
688561.SH,2,G87,I65
688566.SH,5,C81,C27
688567.SH,5,C76,C38
688568.SH,2,G87,I65
688569.SH,5,C75,C37
688577.SH,5,C71,C34
688579.SH,2,G87,I65
688580.SH,5,C73,C35
688585.SH,5,C43,C26
688586.SH,5,C75,C37
688588.SH,2,G87,I65
688589.SH,2,G87,I65
688595.SH,5,G,C39
688596.SH,5,C71,C34
688598.SH,5,C61,C30
688599.SH,5,C76,C38
688600.SH,5,C78,C40
688777.SH,2,G87,I65
688788.SH,5,G,C39
688981.SH,5,G,C39
689009.SH,5,G,C39
900901.SH,2,G87,I65
900902.SH,3,J,K70
900903.SH,2,F03,G54
900904.SH,5,C81,C27
900905.SH,5,C99,C41
900906.SH,5,C43,C26
900907.SH,5,B07,C42
900908.SH,5,C43,C26
900909.SH,5,C43,C26
900910.SH,5,C71,C34
900911.SH,3,J,K70
900912.SH,6,H,F51
900913.SH,5,D03,D45
900914.SH,2,F03,G54
900915.SH,5,C75,C37
900916.SH,5,C75,C37
900917.SH,5,C81,C27
900918.SH,5,C61,C30
900919.SH,1,I21,J67
900920.SH,5,C71,C34
900921.SH,5,C43,C26
900922.SH,5,C11,C17
900923.SH,6,H11,F52
900924.SH,5,C73,C35
900925.SH,5,C71,C34
900926.SH,2,G87,I65
900927.SH,6,H,F51
900928.SH,3,J,K70
900929.SH,2,K99,L72
900930.SH,5,G,C39
900932.SH,3,J,K70
900933.SH,5,C61,C30
900934.SH,6,K32,H61
900935.SH,2,D05,D46
900936.SH,5,C65,C31
900937.SH,5,D01,D44
900938.SH,6,H,F51
900939.SH,4,E05,E50
900940.SH,3,J,K70
900941.SH,5,G,C39
900942.SH,2,K01,N78
900943.SH,6,H11,F52
900945.SH,2,F09,G56
900946.SH,5,C75,C36
900947.SH,5,C73,C35
900948.SH,5,B01,B06
900949.SH,5,D01,D44
900950.SH,3,J,K70
900951.SH,5,C43,C26
900952.SH,2,F07,G55
900953.SH,5,C75,C36
900955.SH,3,J,K70
900956.SH,5,C71,C34
900957.SH,3,J,K70
