Unnamed: 0,PRICE_BID,PRICE_ASK,PRICE_LAST
2007-02-28,118.18,118.18,118.18
2007-03-01,118.29,118.29,118.29
2007-03-02,117.67,117.67,117.67
2007-03-05,115.58,115.58,115.58
2007-03-06,116.41,116.41,116.41
2007-03-07,116.35,116.35,116.35
2007-03-08,116.72,116.72,116.72
2007-03-09,117.41,117.41,117.41
2007-03-12,118.18,118.18,118.18
2007-03-13,117.45,117.45,117.45
2007-03-14,116.14,116.14,116.14
2007-03-15,117.16,117.16,117.16
2007-03-16,117.06,117.06,117.06
2007-03-19,117.31,117.31,117.31
2007-03-20,117.79,117.79,117.79
2007-03-21,117.26,117.26,117.26
2007-03-22,117.48,117.48,117.48
2007-03-23,118.12,118.12,118.12
2007-03-26,117.92,117.92,117.92
2007-03-27,118.09,118.09,118.09
2007-03-28,117.31,117.31,117.31
2007-03-29,117.13,117.13,117.13
2007-03-30,117.65,117.65,117.65
2007-04-02,117.69,117.69,117.69
2007-04-03,118.18,118.18,118.18
2007-04-04,118.94,118.94,118.94
2007-04-05,118.71,118.71,118.71
2007-04-06,118.84,118.84,118.84
2007-04-09,119.29,119.29,119.29
2007-04-10,119.04,119.04,119.04
2007-04-11,119.22,119.22,119.22
2007-04-12,119.43,119.43,119.43
2007-04-13,118.75,118.75,118.75
2007-04-16,119.43,119.43,119.43
2007-04-17,119.4,119.4,119.4
2007-04-18,118.72,118.72,118.72
2007-04-19,117.93,117.93,117.93
2007-04-20,118.67,118.67,118.67
2007-04-23,118.39,118.39,118.39
2007-04-24,118.44,118.44,118.44
2007-04-25,118.4,118.4,118.4
2007-04-26,118.67,118.67,118.67
2007-04-27,119.56,119.56,119.56
2007-04-30,119.55,119.55,119.55
2007-05-01,119.56,119.56,119.56
2007-05-02,119.6,119.6,119.6
2007-05-03,120.19,120.19,120.19
2007-05-04,120.3,120.3,120.3
2007-05-07,119.93,119.93,119.93
2007-05-08,119.86,119.86,119.86
2007-05-09,119.79,119.79,119.79
2007-05-10,120.1,120.1,120.1
2007-05-11,119.87,119.87,119.87
2007-05-14,120.2,120.2,120.2
2007-05-15,120.33,120.33,120.33
2007-05-16,120.33,120.33,120.33
2007-05-17,120.82,120.82,120.82
2007-05-18,121.3,121.3,121.3
2007-05-21,121.28,121.28,121.28
2007-05-22,121.48,121.48,121.48
2007-05-23,121.67,121.67,121.67
2007-05-24,121.59,121.59,121.59
2007-05-25,121.23,121.23,121.23
2007-05-28,121.68,121.68,121.68
2007-05-29,121.43,121.43,121.43
2007-05-30,121.58,121.58,121.58
2007-05-31,121.56,121.56,121.56
2007-06-01,121.95,121.95,121.95
2007-06-04,122.01,122.01,122.01
2007-06-05,121.85,121.85,121.85
2007-06-06,121.32,121.32,121.32
2007-06-07,121.22,121.22,121.22
2007-06-08,121.21,121.21,121.21
2007-06-11,121.62,121.62,121.62
2007-06-12,121.67,121.67,121.67
2007-06-13,122.14,122.14,122.14
2007-06-14,122.81,122.81,122.81
2007-06-15,123.01,123.01,123.01
2007-06-18,123.59,123.59,123.59
2007-06-19,123.62,123.62,123.62
2007-06-20,123.33,123.33,123.33
2007-06-21,123.68,123.68,123.68
2007-06-22,123.89,123.89,123.89
2007-06-25,123.88,123.88,123.88
2007-06-26,123.38,123.38,123.38
2007-06-27,122.69,122.69,122.69
2007-06-28,123.15,123.15,123.15
2007-06-29,123.36,123.36,123.36
2007-07-02,123.01,123.01,123.01
2007-07-03,122.51,122.51,122.51
2007-07-04,122.37,122.37,122.37
2007-07-05,122.69,122.69,122.69
2007-07-06,123.24,123.24,123.24
2007-07-09,123.65,123.65,123.65
2007-07-10,123.43,123.43,123.43
2007-07-11,121.19,121.19,121.19
2007-07-12,122.27,122.27,122.27
2007-07-13,122.38,122.38,122.38
2007-07-16,121.91,121.91,121.91
2007-07-17,121.94,121.94,121.94
2007-07-18,121.76,121.76,121.76
2007-07-19,121.99,121.99,121.99
2007-07-20,122.23,122.23,122.23
2007-07-23,120.88,120.88,120.88
2007-07-24,120.64,120.64,120.64
2007-07-25,120.25,120.25,120.25
2007-07-26,120.43,120.43,120.43
2007-07-27,118.65,118.65,118.65
2007-07-30,118.51,118.51,118.51
2007-07-31,118.85,118.85,118.85
2007-08-01,117.84,117.84,117.84
2007-08-02,118.75,118.75,118.75
2007-08-03,119.1,119.1,119.1
2007-08-06,117.55,117.55,117.55
2007-08-07,118.68,118.68,118.68
2007-08-08,118.96,118.96,118.96
2007-08-09,119.63,119.63,119.63
2007-08-10,117.94,117.94,117.94
2007-08-13,118.23,118.23,118.23
2007-08-14,117.88,117.88,117.88
2007-08-15,117.19,117.19,117.19
2007-08-16,116.15,116.15,116.15
2007-08-17,112.4,112.4,112.4
2007-08-20,114.6,114.6,114.6
2007-08-21,114.86,114.86,114.86
2007-08-22,114.37,114.37,114.37
2007-08-23,115.82,115.82,115.82
2007-08-24,115.93,115.93,115.93
2007-08-27,116.29,116.29,116.29
2007-08-28,115.57,115.57,115.57
2007-08-29,114.27,114.27,114.27
2007-08-30,115.3,115.3,115.3
2007-08-31,116.17,116.17,116.17
2007-09-03,116.1,116.1,116.1
2007-09-04,115.88,115.88,115.88
2007-09-05,115.82,115.82,115.82
2007-09-06,115.31,115.31,115.31
2007-09-07,115.08,115.08,115.08
2007-09-10,113.19,113.19,113.19
2007-09-11,113.83,113.83,113.83
2007-09-12,113.91,113.91,113.91
2007-09-13,114.22,114.22,114.22
2007-09-14,115.04,115.04,115.04
2007-09-17,115.27,115.27,115.27
2007-09-18,114.88,114.88,114.88
2007-09-19,115.86,115.86,115.86
2007-09-20,115.81,115.81,115.81
2007-09-21,114.8,114.8,114.8
2007-09-24,115.05,115.05,115.05
2007-09-25,114.69,114.69,114.69
2007-09-26,114.76,114.76,114.76
2007-09-27,115.55,115.55,115.55
2007-09-28,115.13,115.13,115.13
2007-10-01,115.08,115.08,115.08
2007-10-02,115.43,115.43,115.43
2007-10-03,115.76,115.76,115.76
2007-10-04,116.49,116.49,116.49
2007-10-05,116.61,116.61,116.61
2007-10-08,117.08,117.08,117.08
2007-10-09,117.18,117.18,117.18
2007-10-10,117.27,117.27,117.27
2007-10-11,117.28,117.28,117.28
2007-10-12,117.2,117.2,117.2
2007-10-15,117.63,117.63,117.63
2007-10-16,117.36,117.36,117.36
2007-10-17,116.34,116.34,116.34
2007-10-18,116.57,116.57,116.57
2007-10-19,114.99,114.99,114.99
2007-10-22,114.18,114.18,114.18
2007-10-23,114.56,114.56,114.56
2007-10-24,114.3,114.3,114.3
2007-10-25,113.94,113.94,113.94
2007-10-26,114.29,114.29,114.29
2007-10-29,114.17,114.17,114.17
2007-10-30,114.52,114.52,114.52
2007-10-31,114.66,114.66,114.66
2007-11-01,115.3,115.3,115.3
2007-11-02,114.58,114.58,114.58
2007-11-05,114.72,114.72,114.72
2007-11-06,114.63,114.63,114.63
2007-11-07,113.87,113.87,113.87
2007-11-08,112.76,112.76,112.76
2007-11-09,112.63,112.63,112.63
2007-11-12,110.38,110.38,110.38
2007-11-13,110.02,110.02,110.02
2007-11-14,111.13,111.13,111.13
2007-11-15,111.27,111.27,111.27
2007-11-16,110.13,110.13,110.13
2007-11-19,110.43,110.43,110.43
2007-11-20,110.38,110.38,110.38
2007-11-21,109.08,109.08,109.08
2007-11-22,108.94,108.94,108.94
2007-11-23,107.81,107.81,107.81
2007-11-26,108.56,108.56,108.56
2007-11-27,108.36,108.36,108.36
2007-11-28,108.48,108.48,108.48
2007-11-29,110.03,110.03,110.03
2007-11-30,110.23,110.23,110.23
2007-12-03,110.62,110.62,110.62
2007-12-04,110.2,110.2,110.2
2007-12-05,110.31,110.31,110.31
2007-12-06,110.94,110.94,110.94
2007-12-07,111.34,111.34,111.34
2007-12-10,111.75,111.75,111.75
2007-12-11,111.8,111.8,111.8
2007-12-12,111.07,111.07,111.07
2007-12-13,111.75,111.75,111.75
2007-12-14,112.44,112.44,112.44
2007-12-17,113.1,113.1,113.1
2007-12-18,113.24,113.24,113.24
2007-12-19,113.24,113.24,113.24
2007-12-20,113.22,113.22,113.22
2007-12-21,113.08,113.08,113.08
2007-12-24,114.03,114.03,114.03
2007-12-25,114.14,114.14,114.14
2007-12-26,114.17,114.17,114.17
2007-12-27,114.27,114.27,114.27
2007-12-28,112.99,112.99,112.99
2007-12-31,111.95,111.95,111.95
2008-01-01,111.74,111.74,111.74
2008-01-02,111.46,111.46,111.46
2008-01-03,109.66,109.66,109.66
2008-01-04,109.46,109.46,109.46
2008-01-07,108.99,108.99,108.99
2008-01-08,109.3,109.3,109.3
2008-01-09,109.5,109.5,109.5
2008-01-10,109.57,109.57,109.57
2008-01-11,109.0,109.0,109.0
2008-01-14,108.66,108.66,108.66
2008-01-15,107.77,107.77,107.77
2008-01-16,106.14,106.14,106.14
2008-01-17,107.18,107.18,107.18
2008-01-18,106.96,106.96,106.96
2008-01-21,106.73,106.73,106.73
2008-01-22,106.1,106.1,106.1
2008-01-23,106.37,106.37,106.37
2008-01-24,106.58,106.58,106.58
2008-01-25,107.51,107.51,107.51
2008-01-28,106.26,106.26,106.26
2008-01-29,106.64,106.64,106.64
2008-01-30,106.79,106.79,106.79
2008-01-31,106.47,106.47,106.47
2008-02-01,106.42,106.42,106.42
2008-02-04,106.82,106.82,106.82
2008-02-05,106.87,106.87,106.87
2008-02-06,106.38,106.38,106.38
2008-02-07,106.53,106.53,106.53
2008-02-08,107.34,107.34,107.34
2008-02-11,107.09,107.09,107.09
2008-02-12,106.98,106.98,106.98
2008-02-13,107.2,107.2,107.2
2008-02-14,108.23,108.23,108.23
2008-02-15,108.02,108.02,108.02
2008-02-18,107.84,107.84,107.84
2008-02-19,107.84,107.84,107.84
2008-02-20,107.74,107.74,107.74
2008-02-21,108.22,108.22,108.22
2008-02-22,107.47,107.47,107.47
2008-02-25,,,107.41
2008-02-26,,,107.9
2008-02-27,,,107.04
2008-02-28,,,106.36
2008-02-29,,,104.85
2008-03-03,,,103.16
2008-03-04,,,103.39
2008-03-05,,,103.46
2008-03-06,,,103.81
2008-03-07,,,102.65
2008-03-10,,,102.03
2008-03-11,,,101.95
2008-03-12,,,102.97
2008-03-13,,,100.27
2008-03-14,,,100.21
2008-03-17,,,96.95
2008-03-18,,,97.15
2008-03-19,,,99.08
2008-03-20,,,99.2
2008-03-21,,,99.64
2008-03-24,,,99.85
2008-03-25,,,100.16
2008-03-26,,,100.06
2008-03-27,,,98.93
2008-03-28,,,99.57
2008-03-31,,,99.75
2008-04-01,,,99.61
2008-04-02,,,102.23
2008-04-03,,,102.78
2008-04-04,,,102.56
2008-04-07,,,102.56
2008-04-08,,,102.3
2008-04-09,,,102.44
2008-04-10,,,100.81
2008-04-11,,,102.05
2008-04-14,,,100.91
2008-04-15,,,101.22
2008-04-16,,,101.67
2008-04-17,,,102.13
2008-04-18,,,102.48
2008-04-21,,,103.85
2008-04-22,,,103.06
2008-04-23,,,103.12
2008-04-24,,,103.69
2008-04-25,,,104.29
2008-04-28,,,104.61
2008-04-29,,,104.28
2008-04-30,,,103.84
2008-05-01,,,103.76
2008-05-02,,,104.68
2008-05-05,,,105.24
2008-05-06,,,104.93
2008-05-07,,,104.9
2008-05-08,,,104.45
2008-05-09,,,103.45
2008-05-12,,,103.34
2008-05-13,,,103.74
2008-05-14,,,104.87
2008-05-15,,,104.92
2008-05-16,,,104.54
2008-05-19,,,104.08
2008-05-20,,,104.04
2008-05-21,,,103.33
2008-05-22,,,103.06
2008-05-23,,,104.03
2008-05-26,,,103.3
2008-05-27,,,103.54
2008-05-28,,,103.97
2008-05-29,,,105.0
2008-05-30,,,105.34
2008-06-02,,,105.43
2008-06-03,,,104.25
2008-06-04,,,105.18
2008-06-05,,,105.51
2008-06-06,,,106.2
2008-06-09,,,105.17
2008-06-10,,,106.78
2008-06-11,,,107.72
2008-06-12,,,107.31
2008-06-13,,,107.82
2008-06-16,,,108.31
2008-06-17,,,107.87
2008-06-18,,,108.11
2008-06-19,,,107.65
2008-06-20,,,107.88
2008-06-23,,,107.45
2008-06-24,,,108.08
2008-06-25,,,107.86
2008-06-26,,,107.98
2008-06-27,,,107.09
2008-06-30,,,105.88
2008-07-01,,,105.8
2008-07-02,,,105.95
2008-07-03,,,106.13
2008-07-04,,,106.79
2008-07-07,,,107.35
2008-07-08,,,106.93
2008-07-09,,,107.16
2008-07-10,,,106.82
2008-07-11,,,107.19
2008-07-14,,,106.56
2008-07-15,,,105.89
2008-07-16,,,104.45
2008-07-17,,,104.96
2008-07-18,,,106.07
2008-07-21,,,106.79
2008-07-22,,,106.51
2008-07-23,,,107.34
2008-07-24,,,107.84
2008-07-25,,,106.8
2008-07-28,,,107.82
2008-07-29,,,107.42
2008-07-30,,,108.08
2008-07-31,,,108.0
2008-08-01,,,107.61
2008-08-04,,,107.68
2008-08-05,,,108.13
2008-08-06,,,108.34
2008-08-07,,,109.61
2008-08-08,,,109.63
2008-08-11,,,110.09
2008-08-12,,,110.2
2008-08-13,,,108.73
2008-08-14,,,109.49
2008-08-15,,,110.27
2008-08-18,,,110.15
2008-08-19,,,110.09
2008-08-20,,,109.84
2008-08-21,,,108.99
2008-08-22,,,108.84
2008-08-25,,,110.13
2008-08-26,,,109.7
2008-08-27,,,109.12
2008-08-28,,,109.06
2008-08-29,,,109.03
2008-09-01,,,108.51
2008-09-02,,,108.02
2008-09-03,,,108.91
2008-09-04,,,108.13
2008-09-05,,,106.57
2008-09-08,,,108.66
2008-09-09,,,107.48
2008-09-10,,,106.98
2008-09-11,,,107.33
2008-09-12,,,107.35
2008-09-15,,,105.64
2008-09-16,,,104.31
2008-09-17,,,106.1
2008-09-18,,,104.64
2008-09-19,,,106.75
2008-09-22,,,106.61
2008-09-23,,,105.31
2008-09-24,,,106.1
2008-09-25,,,105.84
2008-09-26,,,105.69
2008-09-29,,,106.33
2008-09-30,,,104.3
2008-10-01,,,106.02
2008-10-02,,,105.84
2008-10-03,,,105.33
2008-10-06,,,103.39
2008-10-07,,,102.93
2008-10-08,,,99.98
2008-10-09,,,100.44
2008-10-10,,,99.15
2008-10-13,,,100.29
2008-10-14,,,102.48
2008-10-15,,,101.85
2008-10-16,,,100.07
2008-10-17,,,101.42
2008-10-20,,,102.13
2008-10-21,,,101.63
2008-10-22,,,99.71
2008-10-23,,,97.74
2008-10-24,,,95.27
2008-10-27,,,93.38
2008-10-28,,,95.45
2008-10-29,,,96.93
2008-10-30,,,98.28
2008-10-31,,,98.08
2008-11-03,,,99.48
2008-11-04,,,98.82
2008-11-05,,,99.58
2008-11-06,,,97.8
2008-11-07,,,97.5
2008-11-10,,,99.0
2008-11-11,,,97.98
2008-11-12,,,97.72
2008-11-13,,,95.65
2008-11-14,,,97.07
2008-11-17,,,96.89
2008-11-18,,,96.72
2008-11-19,,,96.59
2008-11-20,,,95.24
2008-11-21,,,94.88
2008-11-24,,,95.44
2008-11-25,,,96.37
2008-11-26,,,95.12
2008-11-27,,,95.13
2008-11-28,,,95.32
2008-12-01,,,95.24
2008-12-02,,,93.13
2008-12-03,,,93.25
2008-12-04,,,93.03
2008-12-05,,,92.32
2008-12-08,,,92.88
2008-12-09,,,92.54
2008-12-10,,,92.58
2008-12-11,,,92.3
2008-12-12,,,89.71
2008-12-15,,,90.93
2008-12-16,,,90.37
2008-12-17,,,88.77
2008-12-18,,,87.88
2008-12-19,,,89.23
2008-12-22,,,89.89
2008-12-23,,,90.29
2008-12-24,,,90.38
2008-12-25,,,90.33
2008-12-26,,,90.4
2008-12-29,,,90.54
2008-12-30,,,90.19
2008-12-31,,,90.34
2009-01-02,,,91.16
2009-01-05,,,92.0
2009-01-06,,,93.14
2009-01-07,,,93.96
2009-01-08,,,92.49
2009-01-09,,,91.15
2009-01-12,,,90.14
2009-01-13,,,89.34
2009-01-14,,,89.79
2009-01-15,,,88.97
2009-01-16,,,90.46
2009-01-19,,,90.89
2009-01-20,,,90.28
2009-01-21,,,89.89
2009-01-22,,,89.23
2009-01-23,,,88.53
2009-01-26,,,88.96
2009-01-27,,,89.42
2009-01-28,,,89.22
2009-01-29,,,89.88
2009-01-30,,,89.41
2009-02-02,,,89.67
2009-02-03,,,89.47
2009-02-04,,,89.62
2009-02-05,,,89.28
2009-02-06,,,90.92
2009-02-09,,,91.17
2009-02-10,,,91.49
2009-02-11,,,89.97
2009-02-12,,,90.07
2009-02-13,,,91.03
2009-02-16,,,91.81
2009-02-17,,,92.48
2009-02-18,,,92.39
2009-02-19,,,93.46
2009-02-20,,,94.16
2009-02-23,,,93.02
2009-02-24,,,95.31
2009-02-25,,,97.21
2009-02-26,,,97.8
2009-02-27,,,97.66
2009-03-02,,,97.49
2009-03-03,,,97.54
2009-03-04,,,98.43
2009-03-05,,,99.28
2009-03-06,,,98.24
2009-03-09,,,98.32
2009-03-10,,,98.58
2009-03-11,,,98.44
2009-03-12,,,96.38
2009-03-13,,,97.75
2009-03-16,,,98.16
2009-03-17,,,98.5
2009-03-18,,,98.52
2009-03-19,,,95.41
2009-03-20,,,94.61
2009-03-23,,,96.18
2009-03-24,,,98.3
2009-03-25,,,97.63
2009-03-26,,,97.79
2009-03-27,,,98.26
2009-03-30,,,97.06
2009-03-31,,,97.96
2009-04-01,,,98.81
2009-04-02,,,98.79
2009-04-03,,,99.62
2009-04-06,,,100.77
2009-04-07,,,100.54
2009-04-08,,,99.87
2009-04-09,,,100.0
2009-04-10,,,100.36
2009-04-13,,,100.43
2009-04-14,,,99.84
2009-04-15,,,98.48
2009-04-16,,,98.9
2009-04-17,,,99.53
2009-04-20,,,98.9
2009-04-21,,,98.4
2009-04-22,,,98.3
2009-04-23,,,98.06
2009-04-24,,,97.04
2009-04-27,,,96.68
2009-04-28,,,95.96
2009-04-29,,,96.83
2009-04-30,,,97.37
2009-05-01,,,98.86
2009-05-04,,,99.44
2009-05-05,,,98.82
2009-05-06,,,98.27
2009-05-07,,,98.65
2009-05-08,,,99.29
2009-05-11,,,98.42
2009-05-12,,,97.29
2009-05-13,,,96.47
2009-05-14,,,95.53
2009-05-15,,,95.9
2009-05-18,,,95.03
2009-05-19,,,96.41
2009-05-20,,,95.52
2009-05-21,,,94.56
2009-05-22,,,94.17
2009-05-25,,,95.07
2009-05-26,,,94.79
2009-05-27,,,95.45
2009-05-28,,,96.45
2009-05-29,,,96.54
2009-06-01,,,95.27
2009-06-02,,,96.3
2009-06-03,,,95.94
2009-06-04,,,96.13
2009-06-05,,,96.72
2009-06-08,,,98.54
2009-06-09,,,98.0
2009-06-10,,,97.57
2009-06-11,,,97.97
2009-06-12,,,97.96
2009-06-15,,,98.51
2009-06-16,,,96.17
2009-06-17,,,96.55
2009-06-18,,,95.88
2009-06-19,,,96.63
2009-06-22,,,96.02
2009-06-23,,,95.18
2009-06-24,,,95.55
2009-06-25,,,96.19
2009-06-26,,,95.89
2009-06-29,,,95.44
2009-06-30,,,95.84
2009-07-01,,,96.72
2009-07-02,,,96.59
2009-07-03,,,96.04
2009-07-06,,,95.46
2009-07-07,,,95.34
2009-07-08,,,94.26
2009-07-09,,,93.08
2009-07-10,,,92.98
2009-07-13,,,92.24
2009-07-14,,,93.26
2009-07-15,,,93.57
2009-07-16,,,93.86
2009-07-17,,,93.73
2009-07-20,,,94.63
2009-07-21,,,94.0
2009-07-22,,,93.62
2009-07-23,,,94.18
2009-07-24,,,94.83
2009-07-27,,,94.79
2009-07-28,,,95.14
2009-07-29,,,94.23
2009-07-30,,,95.08
2009-07-31,,,95.34
2009-08-03,,,94.65
2009-08-04,,,95.12
2009-08-05,,,94.89
2009-08-06,,,95.13
2009-08-07,,,95.44
2009-08-10,,,97.23
2009-08-11,,,96.81
2009-08-12,,,95.51
2009-08-13,,,96.12
2009-08-14,,,95.34
2009-08-17,,,94.5
2009-08-18,,,94.97
2009-08-19,,,94.42
2009-08-20,,,94.46
2009-08-21,,,93.77
2009-08-24,,,94.92
2009-08-25,,,93.95
2009-08-26,,,94.25
2009-08-27,,,93.73
2009-08-28,,,93.74
2009-08-31,,,92.82
2009-09-01,,,93.05
2009-09-02,,,92.87
2009-09-03,,,92.37
2009-09-04,,,92.61
2009-09-07,,,93.18
2009-09-08,,,92.81
2009-09-09,,,92.32
2009-09-10,,,92.14
2009-09-11,,,91.17
2009-09-14,,,90.56
2009-09-15,,,91.1
2009-09-16,,,90.95
2009-09-17,,,91.08
2009-09-18,,,91.09
2009-09-21,,,91.93
2009-09-22,,,91.74
2009-09-23,,,90.71
2009-09-24,,,90.85
2009-09-25,,,90.65
2009-09-28,,,89.21
2009-09-29,,,89.99
2009-09-30,,,89.56
2009-10-01,,,90.07
2009-10-02,,,89.48
2009-10-05,,,89.89
2009-10-06,,,88.98
2009-10-07,,,88.69
2009-10-08,,,88.34
2009-10-09,,,89.24
2009-10-12,,,90.21
2009-10-13,,,89.94
2009-10-14,,,89.01
2009-10-15,,,89.44
2009-10-16,,,90.93
2009-10-19,,,90.88
2009-10-20,,,90.18
2009-10-21,,,90.75
2009-10-22,,,91.44
2009-10-23,,,91.66
2009-10-26,,,91.94
2009-10-27,,,92.12
2009-10-28,,,91.25
2009-10-29,,,90.41
2009-10-30,,,91.02
2009-11-02,,,90.04
2009-11-03,,,90.27
2009-11-04,,,90.37
2009-11-05,,,90.46
2009-11-06,,,90.65
2009-11-09,,,90.14
2009-11-10,,,89.78
2009-11-11,,,89.59
2009-11-12,,,89.84
2009-11-13,,,90.23
2009-11-16,,,89.57
2009-11-17,,,89.08
2009-11-18,,,89.17
2009-11-19,,,89.13
2009-11-20,,,88.92
2009-11-23,,,88.84
2009-11-24,,,88.83
2009-11-25,,,88.35
2009-11-26,,,86.57
2009-11-27,,,86.0
2009-11-30,,,86.23
2009-12-01,,,87.38
2009-12-02,,,86.99
2009-12-03,,,87.86
2009-12-04,,,88.25
2009-12-07,,,89.99
2009-12-08,,,88.89
2009-12-09,,,88.37
2009-12-10,,,87.79
2009-12-11,,,88.88
2009-12-14,,,88.69
2009-12-15,,,88.85
2009-12-16,,,89.51
2009-12-17,,,90.09
2009-12-18,,,89.72
2009-12-21,,,90.29
2009-12-22,,,91.27
2009-12-23,,,91.72
2009-12-24,,,91.31
2009-12-25,,,91.44
2009-12-28,,,91.54
2009-12-29,,,91.7
2009-12-30,,,92.1
2009-12-31,,,92.41
2010-01-04,,,92.87
2010-01-05,,,91.69
2010-01-06,,,92.06
2010-01-07,,,92.2
2010-01-08,,,93.32
2010-01-11,,,92.23
2010-01-12,,,92.23
2010-01-13,,,91.12
2010-01-14,,,91.79
2010-01-15,,,91.17
2010-01-18,,,91.04
2010-01-19,,,90.47
2010-01-20,,,91.22
2010-01-21,,,91.6
2010-01-22,,,89.96
2010-01-25,,,90.09
2010-01-26,,,89.77
2010-01-27,,,89.22
2010-01-28,,,90.27
2010-01-29,,,89.85
2010-02-01,,,90.23
2010-02-02,,,90.76
2010-02-03,,,90.52
2010-02-04,,,90.91
2010-02-05,,,89.55
2010-02-08,,,89.38
2010-02-09,,,89.43
2010-02-10,,,89.64
2010-02-11,,,89.91
2010-02-12,,,89.74
2010-02-15,,,90.13
2010-02-16,,,89.82
2010-02-17,,,90.3
2010-02-18,,,90.91
2010-02-19,,,91.84
2010-02-22,,,91.69
2010-02-23,,,91.08
2010-02-24,,,90.25
2010-02-25,,,89.68
2010-02-26,,,89.31
2010-03-01,,,89.1
2010-03-02,,,89.3
2010-03-03,,,88.87
2010-03-04,,,88.39
2010-03-05,,,89.29
2010-03-08,,,90.44
2010-03-09,,,90.0
2010-03-10,,,90.1
2010-03-11,,,90.38
2010-03-12,,,90.63
2010-03-15,,,90.6
2010-03-16,,,90.1
2010-03-17,,,90.61
2010-03-18,,,90.13
2010-03-19,,,90.48
2010-03-22,,,90.52
2010-03-23,,,90.32
2010-03-24,,,90.61
2010-03-25,,,92.07
2010-03-26,,,92.56
2010-03-29,,,92.65
2010-03-30,,,92.41
2010-03-31,,,93.25
2010-04-01,,,93.52
2010-04-02,,,93.85
2010-04-05,,,94.46
2010-04-06,,,93.98
2010-04-07,,,94.08
2010-04-08,,,93.29
2010-04-09,,,93.56
2010-04-12,,,93.15
2010-04-13,,,92.82
2010-04-14,,,93.3
2010-04-15,,,93.27
2010-04-16,,,92.74
2010-04-19,,,92.01
2010-04-20,,,92.6
2010-04-21,,,93.23
2010-04-22,,,92.88
2010-04-23,,,93.43
2010-04-26,,,94.24
2010-04-27,,,93.94
2010-04-28,,,93.18
2010-04-29,,,93.96
2010-04-30,,,94.07
2010-05-03,,,94.02
2010-05-04,,,94.94
2010-05-05,,,94.81
2010-05-06,,,93.86
2010-05-07,,,92.2
2010-05-10,,,92.73
2010-05-11,,,92.6
2010-05-12,,,92.67
2010-05-13,,,93.32
2010-05-14,,,92.78
2010-05-17,,,91.99
2010-05-18,,,92.55
2010-05-19,,,91.95
2010-05-20,,,91.33
2010-05-21,,,90.26
2010-05-24,,,90.16
2010-05-25,,,89.78
2010-05-26,,,90.14
2010-05-27,,,90.32
2010-05-28,,,91.24
2010-05-31,,,91.52
2010-06-01,,,91.16
2010-06-02,,,91.4
2010-06-03,,,92.32
2010-06-04,,,92.69
2010-06-07,,,91.26
2010-06-08,,,91.77
2010-06-09,,,91.37
2010-06-10,,,91.21
2010-06-11,,,91.54
2010-06-14,,,91.97
2010-06-15,,,91.48
2010-06-16,,,91.47
2010-06-17,,,91.29
2010-06-18,,,90.85
2010-06-21,,,90.73
2010-06-22,,,90.81
2010-06-23,,,90.42
2010-06-24,,,89.84
2010-06-25,,,89.58
2010-06-28,,,89.37
2010-06-29,,,88.75
2010-06-30,,,88.55
2010-07-01,,,88.33
2010-07-02,,,88.0
2010-07-05,,,87.96
2010-07-06,,,87.76
2010-07-07,,,87.49
2010-07-08,,,88.32
2010-07-09,,,88.66
2010-07-12,,,88.91
2010-07-13,88.56,88.57,88.57
2010-07-14,88.92,88.93,88.92
2010-07-15,88.1,88.12,88.11
2010-07-16,87.05,87.06,87.06
2010-07-19,86.65,86.66,86.66
2010-07-20,87.03,87.04,87.04
2010-07-21,87.09,87.1,87.1
2010-07-22,86.48,86.49,86.48
2010-07-23,86.92,86.93,86.92
2010-07-26,87.47,87.48,87.48
2010-07-27,86.97,86.98,86.98
2010-07-28,87.83,87.84,87.83
2010-07-29,87.25,87.26,87.26
2010-07-30,86.43,86.45,86.44
2010-08-02,86.58,86.59,86.58
2010-08-03,86.43,86.45,86.44
2010-08-04,85.42,85.43,85.42
2010-08-05,86.22,86.24,86.23
2010-08-06,86.13,86.14,86.14
2010-08-09,85.54,85.55,85.55
2010-08-10,85.86,85.87,85.87
2010-08-11,85.29,85.3,85.29
2010-08-12,85.42,85.43,85.43
2010-08-13,86.07,86.08,86.08
2010-08-16,85.85,85.86,85.85
2010-08-17,85.31,85.32,85.32
2010-08-18,85.43,85.44,85.44
2010-08-19,85.74,85.75,85.74
2010-08-20,85.27,85.28,85.28
2010-08-23,85.36,85.37,85.36
2010-08-24,84.96,84.97,84.97
2010-08-25,84.32,84.33,84.32
2010-08-26,84.78,84.79,84.78
2010-08-27,84.63,84.64,84.64
2010-08-30,85.24,85.25,85.25
2010-08-31,84.17,84.18,84.17
2010-09-01,84.37,84.38,84.37
2010-09-02,84.16,84.17,84.17
2010-09-03,84.24,84.26,84.25
2010-09-06,84.36,84.37,84.37
2010-09-07,84.1,84.11,84.1
2010-09-08,83.45,83.46,83.46
2010-09-09,83.63,83.64,83.64
2010-09-10,83.89,83.9,83.9
2010-09-13,84.05,84.06,84.06
2010-09-14,83.57,83.58,83.57
2010-09-15,84.85,84.86,84.86
2010-09-16,85.35,85.36,85.36
2010-09-17,85.71,85.73,85.72
2010-09-20,85.67,85.68,85.68
2010-09-21,85.57,85.58,85.57
2010-09-22,84.89,84.9,84.9
2010-09-23,84.54,84.55,84.54
2010-09-24,84.91,84.92,84.92
2010-09-27,84.28,84.29,84.29
2010-09-28,84.21,84.22,84.22
2010-09-29,83.7,83.71,83.7
2010-09-30,83.35,83.36,83.35
2010-10-01,83.48,83.49,83.49
2010-10-04,83.37,83.38,83.37
2010-10-05,83.8,83.81,83.81
2010-10-06,83.13,83.14,83.13
2010-10-07,82.86,82.87,82.86
2010-10-08,82.37,82.38,82.37
2010-10-11,82.01,82.02,82.01
2010-10-12,81.83,81.84,81.83
2010-10-13,81.84,81.85,81.84
2010-10-14,81.22,81.24,81.23
2010-10-15,81.3,81.31,81.3
2010-10-18,81.19,81.2,81.2
2010-10-19,81.52,81.53,81.52
2010-10-20,81.38,81.39,81.38
2010-10-21,81.14,81.15,81.15
2010-10-22,81.12,81.13,81.13
2010-10-25,80.77,80.78,80.77
2010-10-26,80.68,80.69,80.69
2010-10-27,81.76,81.77,81.76
2010-10-28,81.61,81.62,81.62
2010-10-29,80.68,80.69,80.68
2010-11-01,80.46,80.47,80.46
2010-11-02,80.59,80.6,80.6
2010-11-03,80.63,80.64,80.63
2010-11-04,80.82,80.83,80.83
2010-11-05,80.81,80.82,80.81
2010-11-08,81.23,81.24,81.24
2010-11-09,80.94,80.95,80.95
2010-11-10,81.78,81.78,81.78
2010-11-11,82.28,82.29,82.28
2010-11-12,82.33,82.34,82.33
2010-11-15,82.74,82.75,82.75
2010-11-16,82.92,82.93,82.92
2010-11-17,83.43,83.44,83.43
2010-11-18,83.22,83.23,83.22
2010-11-19,83.34,83.35,83.35
2010-11-22,83.45,83.46,83.45
2010-11-23,83.42,83.43,83.42
2010-11-24,83.19,83.2,83.2
2010-11-25,83.48,83.5,83.49
2010-11-26,83.8,83.81,83.81
2010-11-29,84.0,84.01,84.0
2010-11-30,84.11,84.12,84.11
2010-12-01,83.47,83.48,83.48
2010-12-02,84.09,84.1,84.1
2010-12-03,83.66,83.67,83.67
2010-12-06,82.86,82.87,82.87
2010-12-07,82.51,82.52,82.51
2010-12-08,83.93,83.93,83.93
2010-12-09,83.83,83.84,83.84
2010-12-10,83.66,83.67,83.67
2010-12-13,84.14,84.15,84.15
2010-12-14,83.46,83.47,83.46
2010-12-15,83.87,83.88,83.87
2010-12-16,84.33,84.33,84.33
2010-12-17,84.01,84.02,84.01
2010-12-20,83.86,83.87,83.87
2010-12-21,83.67,83.68,83.68
2010-12-22,83.72,83.73,83.73
2010-12-23,83.1,83.12,83.11
2010-12-24,82.96,82.98,82.97
2010-12-27,82.79,82.8,82.8
2010-12-28,82.46,82.47,82.46
2010-12-29,82.26,82.27,82.26
2010-12-30,81.45,81.46,81.46
2010-12-31,81.49,81.5,81.49
2011-01-03,81.25,81.26,81.25
2011-01-04,82.14,82.15,82.15
2011-01-05,82.03,82.04,82.03
2011-01-06,83.16,83.18,83.17
2011-01-07,83.51,83.53,83.52
2011-01-10,83.12,83.13,83.12
2011-01-11,83.02,83.03,83.03
2011-01-12,83.12,83.13,83.12
2011-01-13,83.06,83.07,83.07
2011-01-14,82.53,82.54,82.54
2011-01-17,82.92,82.93,82.93
2011-01-18,82.51,82.52,82.51
2011-01-19,82.23,82.24,82.23
2011-01-20,82.11,82.12,82.12
2011-01-21,82.94,82.94,82.94
2011-01-24,82.76,82.77,82.76
2011-01-25,82.41,82.42,82.42
2011-01-26,82.04,82.06,82.05
2011-01-27,82.18,82.19,82.19
2011-01-28,82.65,82.66,82.65
2011-01-31,81.98,81.99,81.98
2011-02-01,81.89,81.9,81.9
2011-02-02,81.49,81.5,81.49
2011-02-03,81.62,81.63,81.63
2011-02-04,81.57,81.58,81.58
2011-02-07,82.22,82.23,82.22
2011-02-08,82.28,82.29,82.28
2011-02-09,82.43,82.44,82.44
2011-02-10,82.57,82.58,82.57
2011-02-11,83.48,83.49,83.49
2011-02-14,83.15,83.17,83.16
2011-02-15,83.45,83.46,83.46
2011-02-16,83.74,83.75,83.75
2011-02-17,83.57,83.58,83.58
2011-02-18,83.27,83.28,83.28
2011-02-21,83.15,83.16,83.16
2011-02-22,83.31,83.32,83.31
2011-02-23,82.63,82.64,82.64
2011-02-24,82.02,82.03,82.03
2011-02-25,81.95,81.96,81.96
2011-02-28,81.65,81.67,81.66
2011-03-01,82.2,82.21,82.2
2011-03-02,81.93,81.94,81.93
2011-03-03,81.87,81.88,81.88
2011-03-04,82.32,82.33,82.33
2011-03-07,82.24,82.25,82.25
2011-03-08,82.28,82.28,82.28
2011-03-09,82.89,82.89,82.89
2011-03-10,82.83,82.84,82.83
2011-03-11,82.9,82.91,82.9
2011-03-14,82.18,82.19,82.18
2011-03-15,81.68,81.69,81.68
2011-03-16,80.87,80.88,80.87
2011-03-17,79.26,79.27,79.26
2011-03-18,81.72,81.73,81.73
2011-03-21,80.96,80.97,80.96
2011-03-22,80.92,80.93,80.92
2011-03-23,80.85,80.85,80.85
2011-03-24,81.01,81.01,81.01
2011-03-25,80.98,80.99,80.98
2011-03-28,81.79,81.8,81.79
2011-03-29,81.64,81.65,81.64
2011-03-30,82.92,82.93,82.93
2011-03-31,82.76,82.77,82.76
2011-04-01,83.55,83.56,83.55
2011-04-04,84.17,84.18,84.18
2011-04-05,84.35,84.36,84.36
2011-04-06,85.27,85.28,85.27
2011-04-07,85.19,85.2,85.2
2011-04-08,85.11,85.11,85.11
2011-04-11,84.77,84.78,84.77
2011-04-12,83.94,83.95,83.95
2011-04-13,84.21,84.22,84.22
2011-04-14,83.49,83.5,83.5
2011-04-15,83.21,83.22,83.21
2011-04-18,82.91,82.91,82.91
2011-04-19,82.44,82.45,82.44
2011-04-20,82.89,82.9,82.89
2011-04-21,81.97,81.98,81.98
2011-04-22,81.86,81.87,81.87
2011-04-25,82.22,82.23,82.22
2011-04-26,81.68,81.69,81.69
2011-04-27,81.68,81.69,81.68
2011-04-28,81.71,81.72,81.72
2011-04-29,81.57,81.58,81.57
2011-05-02,81.57,81.58,81.58
2011-05-03,80.92,80.93,80.92
2011-05-04,80.87,80.88,80.87
2011-05-05,80.47,80.48,80.48
2011-05-06,80.49,80.5,80.49
2011-05-09,80.62,80.63,80.63
2011-05-10,80.48,80.49,80.49
2011-05-11,80.88,80.89,80.89
2011-05-12,81.09,81.1,81.09
2011-05-13,80.62,80.63,80.63
2011-05-16,80.97,80.98,80.98
2011-05-17,81.4,81.41,81.4
2011-05-18,81.11,81.12,81.11
2011-05-19,81.67,81.68,81.68
2011-05-20,81.75,81.76,81.75
2011-05-23,81.98,81.99,81.98
2011-05-24,81.83,81.84,81.84
2011-05-25,81.83,81.84,81.83
2011-05-26,81.75,81.76,81.75
2011-05-27,81.07,81.08,81.07
2011-05-30,80.78,80.79,80.79
2011-05-31,81.38,81.39,81.38
2011-06-01,81.3,81.31,81.3
2011-06-02,80.95,80.96,80.96
2011-06-03,80.68,80.69,80.69
2011-06-06,80.32,80.33,80.32
2011-06-07,80.3,80.31,80.31
2011-06-08,80.04,80.05,80.04
2011-06-09,80.09,80.1,80.09
2011-06-10,80.12,80.13,80.12
2011-06-13,80.48,80.49,80.49
2011-06-14,80.29,80.3,80.3
2011-06-15,80.49,80.5,80.49
2011-06-16,80.77,80.78,80.77
2011-06-17,80.62,80.63,80.63
2011-06-20,80.21,80.22,80.22
2011-06-21,80.2,80.2,80.2
2011-06-22,80.26,80.27,80.27
2011-06-23,80.38,80.38,80.38
2011-06-24,80.5,80.5,80.5
2011-06-27,80.69,80.7,80.7
2011-06-28,80.78,80.79,80.78
2011-06-29,81.06,81.07,81.06
2011-06-30,80.4,80.41,80.41
2011-07-01,80.7,80.71,80.7
2011-07-04,80.74,80.75,80.74
2011-07-05,81.02,81.03,81.02
2011-07-06,80.91,80.92,80.92
2011-07-07,80.97,80.98,80.97
2011-07-08,81.27,81.28,81.27
2011-07-11,80.76,80.77,80.76
2011-07-12,80.13,80.14,80.13
2011-07-13,79.56,79.57,79.56
2011-07-14,78.97,78.98,78.97
2011-07-15,79.16,79.17,79.17
2011-07-18,79.01,79.02,79.01
2011-07-19,79.02,79.03,79.03
2011-07-20,79.07,79.08,79.07
2011-07-21,78.81,78.81,78.81
2011-07-22,78.59,78.6,78.6
2011-07-25,78.46,78.47,78.47
2011-07-26,78.05,78.06,78.05
2011-07-27,77.76,77.76,77.76
2011-07-28,77.76,77.77,77.77
2011-07-29,77.51,77.52,77.52
2011-08-01,77.65,77.66,77.65
2011-08-02,77.41,77.42,77.42
2011-08-03,77.14,77.15,77.15
2011-08-04,79.4,79.41,79.41
2011-08-05,78.5,78.51,78.5
2011-08-08,77.8,77.81,77.8
2011-08-09,77.36,77.37,77.37
2011-08-10,76.89,76.9,76.89
2011-08-11,76.61,76.62,76.62
2011-08-12,76.81,76.82,76.81
2011-08-15,76.92,76.92,76.92
2011-08-16,76.86,76.87,76.87
2011-08-17,76.66,76.67,76.66
2011-08-18,76.64,76.65,76.65
2011-08-19,76.51,76.52,76.52
2011-08-22,76.73,76.73,76.73
2011-08-23,76.79,76.8,76.79
2011-08-24,76.63,76.64,76.63
2011-08-25,77.04,77.04,77.04
2011-08-26,77.18,77.19,77.19
2011-08-29,76.66,76.67,76.66
2011-08-30,76.8,76.82,76.81
2011-08-31,76.55,76.56,76.56
2011-09-01,76.77,76.78,76.77
2011-09-02,76.83,76.84,76.84
2011-09-05,76.73,76.74,76.74
2011-09-06,76.83,76.84,76.83
2011-09-07,77.2,77.21,77.2
2011-09-08,77.32,77.34,77.33
2011-09-09,77.48,77.49,77.49
2011-09-12,77.08,77.09,77.09
2011-09-13,77.06,77.07,77.06
2011-09-14,76.9,76.91,76.9
2011-09-15,76.74,76.75,76.75
2011-09-16,76.79,76.8,76.8
2011-09-19,76.89,76.9,76.9
2011-09-20,76.52,76.53,76.53
2011-09-21,76.36,76.37,76.36
2011-09-22,76.75,76.76,76.75
2011-09-23,76.28,76.29,76.29
2011-09-26,76.28,76.29,76.28
2011-09-27,76.32,76.33,76.32
2011-09-28,76.57,76.58,76.58
2011-09-29,76.53,76.54,76.54
2011-09-30,76.56,76.57,76.57
2011-10-03,77.07,77.08,77.08
2011-10-04,76.65,76.66,76.66
2011-10-05,76.69,76.7,76.7
2011-10-06,76.73,76.74,76.74
2011-10-07,76.63,76.64,76.63
2011-10-10,76.74,76.75,76.75
2011-10-11,76.68,76.7,76.69
2011-10-12,76.71,76.72,76.71
2011-10-13,77.1,77.11,77.11
2011-10-14,76.9,76.91,76.9
2011-10-17,77.1,77.11,77.1
2011-10-18,76.85,76.86,76.85
2011-10-19,76.74,76.75,76.74
2011-10-20,76.73,76.74,76.73
2011-10-21,76.76,76.77,76.76
2011-10-24,76.25,76.26,76.25
2011-10-25,76.08,76.09,76.08
2011-10-26,76.01,76.02,76.02
2011-10-27,75.93,75.95,75.94
2011-10-28,75.89,75.89,75.89
2011-10-31,79.4,79.42,79.41
2011-11-01,78.12,78.13,78.13
2011-11-02,78.12,78.13,78.12
2011-11-03,78.03,78.04,78.04
2011-11-04,78.06,78.07,78.07
2011-11-07,78.13,78.14,78.13
2011-11-08,78.04,78.05,78.04
2011-11-09,77.57,77.58,77.58
2011-11-10,77.68,77.69,77.68
2011-11-11,77.55,77.56,77.56
2011-11-14,77.1,77.11,77.11
2011-11-15,77.12,77.13,77.12
2011-11-16,76.97,76.98,76.98
2011-11-17,77.01,77.02,77.02
2011-11-18,76.86,76.86,76.86
2011-11-21,76.83,76.84,76.83
2011-11-22,77.05,77.06,77.06
2011-11-23,77.03,77.04,77.04
2011-11-24,77.14,77.15,77.15
2011-11-25,77.43,77.44,77.43
2011-11-28,77.62,77.63,77.63
2011-11-29,78.05,78.06,78.06
2011-11-30,77.87,77.88,77.88
2011-12-01,77.69,77.7,77.7
2011-12-02,77.78,77.79,77.79
2011-12-05,77.95,77.96,77.96
2011-12-06,77.74,77.75,77.74
2011-12-07,77.73,77.74,77.73
2011-12-08,77.65,77.66,77.65
2011-12-09,77.61,77.62,77.62
2011-12-12,77.65,77.66,77.66
2011-12-13,77.87,77.88,77.87
2011-12-14,77.96,77.97,77.97
2011-12-15,78.09,78.1,78.09
2011-12-16,77.88,77.89,77.88
2011-12-19,77.97,77.98,77.97
2011-12-20,77.99,78.0,77.99
2011-12-21,77.78,77.79,77.79
2011-12-22,78.04,78.05,78.05
2011-12-23,78.08,78.09,78.09
2011-12-26,77.97,78.0,77.98
2011-12-27,77.93,77.94,77.93
2011-12-28,77.78,77.79,77.79
2011-12-29,77.75,77.76,77.76
2011-12-30,77.52,77.53,77.52
2012-01-02,76.94,76.98,76.96
2012-01-03,76.77,76.78,76.78
2012-01-04,76.71,76.72,76.71
2012-01-05,76.73,76.74,76.73
2012-01-06,77.23,77.24,77.23
2012-01-09,76.93,76.94,76.94
2012-01-10,76.81,76.82,76.82
2012-01-11,76.93,76.94,76.93
2012-01-12,76.88,76.89,76.88
2012-01-13,76.77,76.78,76.78
2012-01-16,76.84,76.85,76.84
2012-01-17,76.68,76.69,76.69
2012-01-18,76.66,76.66,76.66
2012-01-19,76.75,76.76,76.76
2012-01-20,77.15,77.16,77.15
2012-01-23,77.04,77.05,77.05
2012-01-24,77.02,77.03,77.03
2012-01-25,77.95,77.96,77.95
2012-01-26,77.63,77.64,77.63
2012-01-27,77.04,77.05,77.05
2012-01-30,76.67,76.68,76.67
2012-01-31,76.18,76.19,76.19
2012-02-01,76.21,76.22,76.22
2012-02-02,76.14,76.15,76.14
2012-02-03,76.18,76.19,76.19
2012-02-06,76.75,76.75,76.75
2012-02-07,76.72,76.73,76.72
2012-02-08,77.09,77.1,77.09
2012-02-09,77.17,77.18,77.17
2012-02-10,77.63,77.64,77.63
2012-02-13,77.62,77.63,77.63
2012-02-14,77.93,77.94,77.93
2012-02-15,78.43,78.44,78.43
2012-02-16,78.42,78.43,78.42
2012-02-17,79.04,79.05,79.05
2012-02-20,79.51,79.52,79.52
2012-02-21,79.74,79.75,79.74
2012-02-22,80.03,80.04,80.04
2012-02-23,80.2,80.21,80.21
2012-02-24,80.41,80.42,80.42
2012-02-27,81.15,81.16,81.16
2012-02-28,80.52,80.53,80.53
2012-02-29,80.29,80.3,80.29
2012-03-01,81.0,81.01,81.0
2012-03-02,81.46,81.47,81.47
2012-03-05,81.28,81.29,81.28
2012-03-06,81.46,81.47,81.47
2012-03-07,80.72,80.73,80.73
2012-03-08,81.33,81.35,81.34
2012-03-09,81.78,81.79,81.78
2012-03-12,82.25,82.26,82.25
2012-03-13,82.07,82.08,82.08
2012-03-14,83.31,83.32,83.31
2012-03-15,84.04,84.05,84.05
2012-03-16,83.54,83.55,83.55
2012-03-19,83.4,83.41,83.41
2012-03-20,83.43,83.44,83.44
2012-03-21,83.72,83.73,83.72
2012-03-22,83.38,83.39,83.39
2012-03-23,82.83,82.84,82.83
2012-03-26,82.6,82.61,82.61
2012-03-27,82.84,82.85,82.84
2012-03-28,82.92,82.93,82.93
2012-03-29,82.68,82.69,82.68
2012-03-30,81.93,81.94,81.93
2012-04-02,83.04,83.05,83.05
2012-04-03,82.02,82.03,82.02
2012-04-04,82.62,82.63,82.62
2012-04-05,82.21,82.22,82.22
2012-04-06,82.27,82.28,82.27
2012-04-09,81.42,81.43,81.42
2012-04-10,81.36,81.37,81.36
2012-04-11,80.83,80.84,80.84
2012-04-12,80.94,80.95,80.95
2012-04-13,81.01,81.02,81.02
2012-04-16,80.61,80.62,80.62
2012-04-17,80.39,80.4,80.39
2012-04-18,81.33,81.34,81.34
2012-04-19,81.5,81.51,81.5
2012-04-20,81.54,81.55,81.54
2012-04-23,81.31,81.32,81.31
2012-04-24,80.9,80.91,80.91
2012-04-25,81.37,81.38,81.37
2012-04-26,81.16,81.17,81.17
2012-04-27,80.87,80.88,80.87
2012-04-30,80.13,80.14,80.14
2012-05-01,79.76,79.77,79.76
2012-05-02,80.36,80.37,80.37
2012-05-03,80.19,80.2,80.2
2012-05-04,80.19,80.2,80.2
2012-05-07,79.82,79.83,79.82
2012-05-08,79.98,79.99,79.99
2012-05-09,79.73,79.74,79.74
2012-05-10,79.68,79.69,79.69
2012-05-11,79.82,79.83,79.82
2012-05-14,79.99,80.0,80.0
2012-05-15,79.88,79.89,79.88
2012-05-16,80.35,80.36,80.36
2012-05-17,80.31,80.32,80.32
2012-05-18,79.24,79.25,79.24
2012-05-21,79.25,79.26,79.26
2012-05-22,79.46,79.47,79.47
2012-05-23,79.55,79.56,79.55
2012-05-24,79.5,79.51,79.5
2012-05-25,79.69,79.7,79.7
2012-05-28,79.36,79.37,79.36
2012-05-29,79.55,79.56,79.55
2012-05-30,79.45,79.46,79.46
2012-05-31,78.77,78.78,78.78
2012-06-01,78.48,78.49,78.49
2012-06-04,78.17,78.18,78.17
2012-06-05,78.45,78.46,78.45
2012-06-06,78.81,78.82,78.81
2012-06-07,79.44,79.45,79.45
2012-06-08,79.23,79.24,79.23
2012-06-11,79.63,79.64,79.63
2012-06-12,79.51,79.52,79.52
2012-06-13,79.67,79.68,79.68
2012-06-14,79.43,79.44,79.43
2012-06-15,78.84,78.85,78.84
2012-06-18,79.18,79.19,79.19
2012-06-19,78.98,78.99,78.98
2012-06-20,78.87,78.88,78.87
2012-06-21,79.68,79.69,79.68
2012-06-22,80.44,80.45,80.45
2012-06-25,80.16,80.17,80.17
2012-06-26,79.59,79.6,79.59
2012-06-27,79.46,79.47,79.46
2012-06-28,79.46,79.47,79.46
2012-06-29,79.37,79.38,79.37
2012-07-02,79.53,79.54,79.54
2012-07-03,79.79,79.8,79.8
2012-07-04,79.76,79.77,79.77
2012-07-05,79.75,79.76,79.75
2012-07-06,79.9,79.91,79.9
2012-07-09,79.7,79.71,79.71
2012-07-10,79.49,79.5,79.5
2012-07-11,79.34,79.35,79.35
2012-07-12,79.47,79.48,79.48
2012-07-13,79.29,79.3,79.3
2012-07-16,79.12,79.13,79.12
2012-07-17,78.92,78.93,78.92
2012-07-18,78.99,79.0,79.0
2012-07-19,78.6,78.61,78.6
2012-07-20,78.59,78.6,78.59
2012-07-23,78.09,78.1,78.1
2012-07-24,78.33,78.34,78.33
2012-07-25,78.13,78.14,78.14
2012-07-26,78.17,78.18,78.17
2012-07-27,78.24,78.25,78.24
2012-07-30,78.36,78.37,78.37
2012-07-31,78.24,78.25,78.24
2012-08-01,78.17,78.18,78.17
2012-08-02,78.44,78.45,78.45
2012-08-03,78.2,78.21,78.21
2012-08-06,78.43,78.44,78.43
2012-08-07,78.27,78.28,78.28
2012-08-08,78.42,78.43,78.42
2012-08-09,78.49,78.5,78.5
2012-08-10,78.55,78.56,78.55
2012-08-13,78.3,78.31,78.3
2012-08-14,78.44,78.45,78.45
2012-08-15,78.78,78.79,78.79
2012-08-16,79.31,79.32,79.32
2012-08-17,79.36,79.37,79.37
2012-08-20,79.51,79.52,79.51
2012-08-21,79.29,79.3,79.29
2012-08-22,79.27,79.28,79.27
2012-08-23,78.55,78.56,78.56
2012-08-24,78.58,78.6,78.59
2012-08-27,78.74,78.75,78.74
2012-08-28,78.51,78.52,78.51
2012-08-29,78.55,78.56,78.55
2012-08-30,78.63,78.64,78.63
2012-08-31,78.46,78.47,78.46
2012-09-03,78.27,78.28,78.28
2012-09-04,78.39,78.4,78.39
2012-09-05,78.4,78.41,78.4
2012-09-06,78.42,78.43,78.42
2012-09-07,78.92,78.93,78.93
2012-09-10,78.24,78.25,78.24
2012-09-11,78.23,78.24,78.23
2012-09-12,77.9,77.91,77.9
2012-09-13,77.71,77.72,77.71
2012-09-14,77.56,77.57,77.57
2012-09-17,78.29,78.3,78.29
2012-09-18,78.64,78.65,78.64
2012-09-19,79.16,79.17,79.17
2012-09-20,78.07,78.08,78.08
2012-09-21,78.15,78.16,78.16
2012-09-24,78.03,78.04,78.03
2012-09-25,77.78,77.79,77.78
2012-09-26,77.7,77.71,77.71
2012-09-27,77.72,77.74,77.73
2012-09-28,77.45,77.46,77.46
2012-10-01,77.87,77.88,77.87
2012-10-02,78.06,78.07,78.07
2012-10-03,78.24,78.25,78.24
2012-10-04,78.6,78.61,78.6
2012-10-05,78.4,78.41,78.41
2012-10-08,78.57,78.58,78.58
2012-10-09,78.37,78.38,78.38
2012-10-10,78.23,78.24,78.23
2012-10-11,78.01,78.02,78.01
2012-10-12,78.36,78.37,78.36
2012-10-15,78.56,78.57,78.56
2012-10-16,78.88,78.89,78.88
2012-10-17,78.64,78.65,78.64
2012-10-18,79.13,79.14,79.14
2012-10-19,79.35,79.36,79.35
2012-10-22,79.55,79.56,79.56
2012-10-23,79.88,79.89,79.89
2012-10-24,79.81,79.82,79.82
2012-10-25,80.07,80.08,80.08
2012-10-26,80.08,80.09,80.08
2012-10-29,79.68,79.69,79.68
2012-10-30,79.45,79.46,79.46
2012-10-31,79.58,79.59,79.58
2012-11-01,80.01,80.02,80.02
2012-11-02,80.24,80.26,80.25
2012-11-05,80.39,80.4,80.4
2012-11-06,80.02,80.04,80.03
2012-11-07,80.1,80.11,80.1
2012-11-08,79.89,79.9,79.9
2012-11-09,79.53,79.54,79.53
2012-11-12,79.49,79.5,79.49
2012-11-13,79.28,79.29,79.28
2012-11-14,79.53,79.54,79.53
2012-11-15,80.91,80.92,80.92
2012-11-16,81.0,81.01,81.0
2012-11-19,81.24,81.25,81.24
2012-11-20,81.27,81.28,81.27
2012-11-21,81.89,81.9,81.9
2012-11-22,82.47,82.48,82.48
2012-11-23,82.25,82.26,82.26
2012-11-26,82.26,82.27,82.26
2012-11-27,82.29,82.3,82.29
2012-11-28,81.82,81.83,81.83
2012-11-29,82.17,82.18,82.17
2012-11-30,82.39,82.4,82.39
2012-12-03,82.28,82.3,82.29
2012-12-04,82.12,82.13,82.13
2012-12-05,82.26,82.27,82.27
2012-12-06,82.5,82.51,82.51
2012-12-07,82.42,82.43,82.42
2012-12-10,82.4,82.41,82.4
2012-12-11,82.33,82.34,82.34
2012-12-12,82.66,82.67,82.67
2012-12-13,83.65,83.66,83.66
2012-12-14,83.89,83.9,83.89
2012-12-17,84.04,84.05,84.04
2012-12-18,84.02,84.03,84.02
2012-12-19,84.31,84.32,84.31
2012-12-20,83.93,83.94,83.93
2012-12-21,84.01,84.02,84.01
2012-12-24,84.36,84.37,84.37
2012-12-25,84.85,84.87,84.86
2012-12-26,85.3,85.31,85.31
2012-12-27,85.78,85.79,85.79
2012-12-28,86.46,86.47,86.46
2012-12-31,86.14,86.16,86.15
2013-01-01,86.73,86.74,86.74
2013-01-02,87.17,87.18,87.18
2013-01-03,87.25,87.26,87.25
2013-01-04,87.75,87.76,87.76
2013-01-07,87.85,87.86,87.86
2013-01-08,87.48,87.49,87.49
2013-01-09,87.49,87.5,87.5
2013-01-10,88.16,88.17,88.16
2013-01-11,89.09,89.1,89.1
2013-01-14,89.6,89.61,89.61
2013-01-15,88.99,89.0,89.0
2013-01-16,88.16,88.17,88.16
2013-01-17,88.72,88.73,88.72
2013-01-18,90.0,90.01,90.0
2013-01-21,89.58,89.59,89.59
2013-01-22,89.07,89.08,89.08
2013-01-23,88.33,88.34,88.33
2013-01-24,89.31,89.33,89.32
2013-01-25,90.53,90.54,90.53
2013-01-28,90.91,90.92,90.91
2013-01-29,90.7,90.71,90.71
2013-01-30,90.94,90.95,90.94
2013-01-31,90.94,90.95,90.94
2013-02-01,92.16,92.17,92.17
2013-02-04,92.67,92.68,92.67
2013-02-05,92.37,92.38,92.38
2013-02-06,93.71,93.72,93.72
2013-02-07,93.56,93.57,93.56
2013-02-08,93.26,93.27,93.27
2013-02-11,92.62,92.64,92.63
2013-02-12,93.9,93.91,93.91
2013-02-13,93.1,93.11,93.1
2013-02-14,93.51,93.52,93.52
2013-02-15,92.58,92.59,92.58
2013-02-18,93.92,93.93,93.92
2013-02-19,93.61,93.62,93.62
2013-02-20,93.21,93.22,93.22
2013-02-21,93.43,93.44,93.43
2013-02-22,93.27,93.28,93.27
2013-02-25,94.18,94.19,94.18
2013-02-26,92.02,92.03,92.03
2013-02-27,91.77,91.78,91.78
2013-02-28,92.42,92.43,92.43
2013-03-01,92.58,92.59,92.58
2013-03-04,93.46,93.47,93.46
2013-03-05,93.04,93.05,93.04
2013-03-06,93.2,93.21,93.21
2013-03-07,93.91,93.92,93.91
2013-03-08,95.35,95.36,95.36
2013-03-11,96.09,96.1,96.1
2013-03-12,96.43,96.44,96.44
2013-03-13,95.71,95.72,95.71
2013-03-14,95.94,95.95,95.94
2013-03-15,96.14,96.15,96.14
2013-03-18,94.5,94.51,94.51
2013-03-19,95.53,95.54,95.53
2013-03-20,95.04,95.05,95.04
2013-03-21,95.77,95.78,95.78
2013-03-22,94.7,94.71,94.7
2013-03-25,94.79,94.8,94.79
2013-03-26,94.2,94.21,94.21
2013-03-27,94.73,94.74,94.74
2013-03-28,94.12,94.13,94.13
2013-03-29,94.08,94.09,94.09
2013-04-01,93.87,93.88,93.87
2013-04-02,92.75,92.76,92.76
2013-04-03,93.53,93.54,93.54
2013-04-04,94.61,94.62,94.62
2013-04-05,96.36,96.37,96.37
2013-04-08,98.54,98.55,98.55
2013-04-09,99.13,99.14,99.13
2013-04-10,99.13,99.14,99.13
2013-04-11,99.65,99.66,99.66
2013-04-12,99.49,99.5,99.5
2013-04-15,98.04,98.05,98.05
2013-04-16,97.33,97.34,97.33
2013-04-17,98.29,98.3,98.3
2013-04-18,98.01,98.02,98.01
2013-04-19,98.53,98.54,98.54
2013-04-22,99.75,99.76,99.76
2013-04-23,98.73,98.74,98.74
2013-04-24,99.45,99.46,99.46
2013-04-25,99.16,99.17,99.17
2013-04-26,98.54,98.55,98.55
2013-04-29,97.62,97.63,97.62
2013-04-30,97.79,97.8,97.79
2013-05-01,97.32,97.33,97.33
2013-05-02,97.23,97.24,97.23
2013-05-03,97.99,98.0,98.0
2013-05-06,99.09,99.1,99.09
2013-05-07,99.03,99.04,99.04
2013-05-08,98.96,98.97,98.97
2013-05-09,98.68,98.69,98.69
2013-05-10,100.99,101.0,100.99
2013-05-13,101.6,101.61,101.6
2013-05-14,101.37,101.38,101.38
2013-05-15,102.21,102.22,102.22
2013-05-16,102.38,102.39,102.38
2013-05-17,102.32,102.33,102.33
2013-05-20,102.72,102.73,102.73
2013-05-21,102.52,102.53,102.52
2013-05-22,102.6,102.61,102.61
2013-05-23,102.12,102.13,102.12
2013-05-24,101.72,101.73,101.72
2013-05-27,101.02,101.03,101.02
2013-05-28,101.91,101.92,101.91
2013-05-29,102.24,102.25,102.25
2013-05-30,100.79,100.8,100.79
2013-05-31,100.87,100.88,100.87
2013-06-03,100.34,100.35,100.35
2013-06-04,99.86,99.87,99.86
2013-06-05,99.57,99.58,99.58
2013-06-06,99.16,99.17,99.16
2013-06-07,96.78,96.79,96.79
2013-06-10,98.41,98.42,98.41
2013-06-11,98.18,98.19,98.19
2013-06-12,96.8,96.81,96.81
2013-06-13,94.32,94.33,94.33
2013-06-14,94.94,94.95,94.95
2013-06-17,94.83,94.84,94.83
2013-06-18,94.85,94.86,94.86
2013-06-19,95.28,95.29,95.28
2013-06-20,96.98,96.99,96.99
2013-06-21,97.7,97.71,97.7
2013-06-24,98.38,98.39,98.39
2013-06-25,97.54,97.55,97.54
2013-06-26,97.48,97.49,97.48
2013-06-27,97.82,97.83,97.83
2013-06-28,98.78,98.79,98.78
2013-07-01,99.44,99.45,99.45
2013-07-02,99.81,99.82,99.82
2013-07-03,100.66,100.67,100.66
2013-07-04,99.83,99.84,99.84
2013-07-05,100.31,100.32,100.32
2013-07-08,101.14,101.15,101.15
2013-07-09,101.22,101.23,101.23
2013-07-10,100.54,100.55,100.54
2013-07-11,98.63,98.64,98.64
2013-07-12,99.04,99.05,99.05
2013-07-15,99.26,99.27,99.26
2013-07-16,99.75,99.76,99.76
2013-07-17,99.39,99.4,99.4
2013-07-18,100.05,100.06,100.06
2013-07-19,100.05,100.06,100.06
2013-07-22,99.97,99.98,99.97
2013-07-23,99.5,99.51,99.51
2013-07-24,99.84,99.85,99.84
2013-07-25,99.97,99.98,99.97
2013-07-26,98.75,98.76,98.76
2013-07-29,97.81,97.82,97.81
2013-07-30,98.28,98.29,98.29
2013-07-31,97.9,97.91,97.91
2013-08-01,98.42,98.43,98.42
2013-08-02,99.62,99.63,99.63
2013-08-05,98.57,98.58,98.58
2013-08-06,98.43,98.44,98.44
2013-08-07,96.99,97.0,97.0
2013-08-08,96.2,96.21,96.21
2013-08-09,96.63,96.64,96.63
2013-08-12,96.51,96.52,96.51
2013-08-13,97.47,97.48,97.47
2013-08-14,98.36,98.37,98.37
2013-08-15,97.67,97.68,97.67
2013-08-16,97.58,97.59,97.58
2013-08-19,97.65,97.66,97.65
2013-08-20,97.24,97.25,97.25
2013-08-21,97.55,97.56,97.55
2013-08-22,98.21,98.22,98.22
2013-08-23,98.93,98.94,98.93
2013-08-26,98.57,98.58,98.57
2013-08-27,98.1,98.11,98.1
2013-08-28,97.26,97.27,97.27
2013-08-29,97.8,97.81,97.81
2013-08-30,98.17,98.18,98.18
2013-09-02,98.59,98.6,98.59
2013-09-03,99.54,99.55,99.55
2013-09-04,99.74,99.75,99.74
2013-09-05,99.84,99.85,99.85
2013-09-06,99.75,99.76,99.76
2013-09-09,99.67,99.68,99.67
2013-09-10,99.6,99.61,99.6
2013-09-11,100.45,100.46,100.46
2013-09-12,99.47,99.48,99.47
2013-09-13,99.92,99.93,99.92
2013-09-16,98.93,98.94,98.94
2013-09-17,99.11,99.12,99.11
2013-09-18,99.21,99.22,99.22
2013-09-19,98.33,98.34,98.33
2013-09-20,99.31,99.32,99.31
2013-09-23,99.1,99.11,99.1
2013-09-24,98.96,98.97,98.96
2013-09-25,98.61,98.62,98.62
2013-09-26,98.91,98.92,98.91
2013-09-27,98.59,98.6,98.59
2013-09-30,97.87,97.88,97.88
2013-10-01,98.12,98.13,98.12
2013-10-02,97.68,97.69,97.68
2013-10-03,97.68,97.69,97.68
2013-10-04,97.1,97.11,97.1
2013-10-07,97.08,97.09,97.09
2013-10-08,97.1,97.11,97.1
2013-10-09,97.36,97.37,97.37
2013-10-10,97.76,97.77,97.76
2013-10-11,98.41,98.42,98.42
2013-10-14,98.25,98.26,98.25
2013-10-15,98.41,98.42,98.41
2013-10-16,98.47,98.48,98.47
2013-10-17,98.44,98.45,98.45
2013-10-18,98.02,98.03,98.03
2013-10-21,98.02,98.03,98.02
2013-10-22,98.31,98.32,98.32
2013-10-23,97.36,97.37,97.37
2013-10-24,97.54,97.55,97.55
2013-10-25,97.11,97.12,97.12
2013-10-28,97.63,97.64,97.63
2013-10-29,97.54,97.55,97.54
2013-10-30,98.18,98.19,98.19
2013-10-31,98.32,98.33,98.33
2013-11-01,97.94,97.95,97.94
2013-11-04,98.73,98.74,98.73
2013-11-05,98.52,98.53,98.53
2013-11-06,98.65,98.66,98.66
2013-11-07,98.61,98.62,98.62
2013-11-08,98.12,98.13,98.13
2013-11-11,99.0,99.01,99.0
2013-11-12,99.55,99.56,99.56
2013-11-13,99.47,99.48,99.48
2013-11-14,99.63,99.64,99.64
2013-11-15,100.1,100.11,100.11
2013-11-18,100.08,100.09,100.09
2013-11-19,99.86,99.87,99.86
2013-11-20,100.0,100.01,100.01
2013-11-21,100.48,100.49,100.49
2013-11-22,101.06,101.07,101.06
2013-11-25,101.87,101.88,101.88
2013-11-26,101.52,101.53,101.52
2013-11-27,101.49,101.5,101.5
2013-11-28,102.15,102.16,102.15
2013-11-29,102.26,102.27,102.26
2013-12-02,102.41,102.42,102.41
2013-12-03,103.25,103.26,103.26
2013-12-04,102.48,102.49,102.49
2013-12-05,102.08,102.09,102.08
2013-12-06,102.13,102.13,102.13
2013-12-09,103.07,103.08,103.08
2013-12-10,103.3,103.31,103.31
2013-12-11,102.76,102.77,102.76
2013-12-12,102.57,102.58,102.58
2013-12-13,103.76,103.77,103.76
2013-12-16,102.75,102.76,102.76
2013-12-17,102.96,102.97,102.97
2013-12-18,102.99,103.0,103.0
2013-12-19,104.12,104.13,104.12
2013-12-20,104.42,104.43,104.43
2013-12-23,104.05,104.06,104.05
2013-12-24,104.19,104.2,104.2
2013-12-25,104.4,104.41,104.4
2013-12-26,104.74,104.75,104.74
2013-12-27,104.83,104.84,104.83
2013-12-30,105.32,105.33,105.33
2013-12-31,105.03,105.04,105.04
2014-01-02,105.3,105.31,105.31
2014-01-03,104.22,104.23,104.22
2014-01-06,104.29,104.3,104.3
2014-01-07,104.57,104.58,104.58
2014-01-08,104.99,105.0,105.0
2014-01-09,104.89,104.9,104.89
2014-01-10,104.96,104.97,104.96
2014-01-13,103.47,103.48,103.47
2014-01-14,103.29,103.3,103.29
2014-01-15,104.43,104.44,104.44
2014-01-16,104.72,104.73,104.73
2014-01-17,104.33,104.34,104.34
2014-01-20,104.09,104.1,104.09
2014-01-21,104.55,104.56,104.56
2014-01-22,104.47,104.48,104.48
2014-01-23,104.38,104.39,104.39
2014-01-24,103.29,103.3,103.29
2014-01-27,102.46,102.47,102.46
2014-01-28,102.62,102.63,102.63
2014-01-29,103.36,103.37,103.36
2014-01-30,102.46,102.47,102.47
2014-01-31,102.5,102.51,102.5
2014-02-03,102.24,102.25,102.24
2014-02-04,100.93,100.94,100.93
2014-02-05,101.43,101.44,101.44
2014-02-06,101.44,101.45,101.44
2014-02-07,102.06,102.07,102.06
2014-02-10,102.42,102.43,102.42
2014-02-11,102.35,102.36,102.36
2014-02-12,102.52,102.53,102.53
2014-02-13,102.05,102.06,102.06
2014-02-14,101.67,101.68,101.67
2014-02-17,101.61,101.62,101.61
2014-02-18,102.65,102.66,102.66
2014-02-19,102.19,102.2,102.19
2014-02-20,101.94,101.95,101.95
2014-02-21,102.53,102.54,102.53
2014-02-24,102.32,102.33,102.32
2014-02-25,102.52,102.53,102.52
2014-02-26,102.28,102.29,102.29
2014-02-27,102.35,102.36,102.36
2014-02-28,101.71,101.72,101.72
2014-03-03,101.44,101.45,101.45
2014-03-04,101.64,101.65,101.65
2014-03-05,102.18,102.19,102.19
2014-03-06,102.66,102.67,102.67
2014-03-07,103.0,103.01,103.0
2014-03-10,103.08,103.09,103.08
2014-03-11,103.29,103.3,103.3
2014-03-12,102.94,102.95,102.95
2014-03-13,102.67,102.68,102.67
2014-03-14,101.66,101.67,101.67
2014-03-17,101.53,101.54,101.54
2014-03-18,101.77,101.78,101.78
2014-03-19,101.47,101.48,101.47
2014-03-20,102.27,102.28,102.27
2014-03-21,102.35,102.36,102.36
2014-03-24,102.4,102.41,102.4
2014-03-25,102.29,102.3,102.29
2014-03-26,102.29,102.3,102.3
2014-03-27,102.21,102.22,102.21
2014-03-28,102.17,102.18,102.17
2014-03-31,102.88,102.89,102.88
2014-04-01,103.24,103.25,103.25
2014-04-02,103.76,103.77,103.76
2014-04-03,103.87,103.88,103.87
2014-04-04,103.87,103.88,103.87
2014-04-07,103.04,103.05,103.04
2014-04-08,102.93,102.94,102.93
2014-04-09,102.03,102.04,102.03
2014-04-10,101.77,101.78,101.78
2014-04-11,101.61,101.62,101.62
2014-04-14,101.55,101.56,101.56
2014-04-15,101.88,101.89,101.89
2014-04-16,102.25,102.26,102.25
2014-04-17,101.99,102.0,102.0
2014-04-18,102.4,102.41,102.4
2014-04-21,102.54,102.55,102.55
2014-04-22,102.52,102.53,102.53
2014-04-23,102.55,102.56,102.56
2014-04-24,102.35,102.36,102.36
2014-04-25,102.37,102.38,102.37
2014-04-28,102.22,102.23,102.22
2014-04-29,102.49,102.5,102.49
2014-04-30,102.37,102.38,102.38
2014-05-01,102.21,102.22,102.21
2014-05-02,102.41,102.42,102.42
2014-05-05,101.95,101.96,101.96
2014-05-06,102.02,102.03,102.03
2014-05-07,101.46,101.47,101.46
2014-05-08,101.78,101.79,101.78
2014-05-09,101.7,101.71,101.71
2014-05-12,101.95,101.96,101.96
2014-05-13,102.27,102.28,102.27
2014-05-14,102.13,102.14,102.13
2014-05-15,101.86,101.87,101.87
2014-05-16,101.52,101.53,101.52
2014-05-19,101.37,101.38,101.38
2014-05-20,101.5,101.51,101.5
2014-05-21,101.22,101.23,101.23
2014-05-22,101.69,101.7,101.69
2014-05-23,101.67,101.68,101.67
2014-05-26,101.92,101.93,101.93
2014-05-27,101.92,101.93,101.93
2014-05-28,101.91,101.92,101.92
2014-05-29,101.69,101.7,101.69
2014-05-30,101.58,101.59,101.58
2014-06-02,101.96,101.97,101.97
2014-06-03,102.3,102.31,102.3
2014-06-04,102.69,102.7,102.69
2014-06-05,102.55,102.56,102.56
2014-06-06,102.33,102.34,102.34
2014-06-09,102.48,102.49,102.49
2014-06-10,102.34,102.35,102.35
2014-06-11,102.3,102.31,102.31
2014-06-12,102.07,102.08,102.07
2014-06-13,101.98,101.99,101.98
2014-06-16,101.78,101.79,101.78
2014-06-17,101.97,101.98,101.98
2014-06-18,102.24,102.25,102.25
2014-06-19,101.9,101.91,101.9
2014-06-20,101.89,101.9,101.89
2014-06-23,101.94,101.95,101.94
2014-06-24,101.95,101.96,101.96
2014-06-25,101.88,101.89,101.89
2014-06-26,101.75,101.76,101.76
2014-06-27,101.38,101.39,101.39
2014-06-30,101.3,101.31,101.31
2014-07-01,101.47,101.48,101.47
2014-07-02,101.56,101.57,101.57
2014-07-03,101.87,101.88,101.88
2014-07-04,102.03,102.04,102.04
2014-07-07,102.1,102.11,102.11
2014-07-08,101.81,101.82,101.81
2014-07-09,101.63,101.64,101.63
2014-07-10,101.53,101.54,101.53
2014-07-11,101.26,101.27,101.26
2014-07-14,101.41,101.42,101.41
2014-07-15,101.57,101.58,101.58
2014-07-16,101.72,101.73,101.73
2014-07-17,101.48,101.49,101.49
2014-07-18,101.32,101.33,101.32
2014-07-21,101.23,101.24,101.24
2014-07-22,101.56,101.57,101.56
2014-07-23,101.41,101.42,101.41
2014-07-24,101.46,101.47,101.47
2014-07-25,101.71,101.72,101.72
2014-07-28,101.8,101.81,101.81
2014-07-29,101.98,101.99,101.99
2014-07-30,102.11,102.12,102.12
2014-07-31,102.73,102.74,102.74
2014-08-01,102.92,102.94,102.93
2014-08-04,102.72,102.73,102.73
2014-08-05,102.48,102.49,102.48
2014-08-06,102.6,102.61,102.6
2014-08-07,102.36,102.37,102.36
2014-08-08,101.77,101.78,101.77
2014-08-11,102.13,102.14,102.14
2014-08-12,102.27,102.28,102.27
2014-08-13,102.25,102.26,102.25
2014-08-14,102.59,102.6,102.6
2014-08-15,102.51,102.52,102.52
2014-08-18,102.34,102.35,102.35
2014-08-19,102.61,102.62,102.61
2014-08-20,103.24,103.25,103.25
2014-08-21,103.85,103.86,103.86
2014-08-22,103.7,103.71,103.71
2014-08-25,104.17,104.18,104.18
2014-08-26,103.86,103.87,103.86
2014-08-27,104.05,104.06,104.05
2014-08-28,103.78,103.79,103.79
2014-08-29,103.82,103.83,103.83
2014-09-01,104.17,104.18,104.18
2014-09-02,104.82,104.83,104.82
2014-09-03,104.99,105.0,105.0
2014-09-04,104.85,104.86,104.86
2014-09-05,105.31,105.32,105.32
2014-09-08,105.1,105.11,105.1
2014-09-09,106.24,106.25,106.24
2014-09-10,106.44,106.45,106.44
2014-09-11,106.99,107.0,107.0
2014-09-12,107.23,107.24,107.23
2014-09-15,107.22,107.23,107.23
2014-09-16,107.26,107.27,107.26
2014-09-17,107.25,107.26,107.25
2014-09-18,108.82,108.83,108.82
2014-09-19,109.12,109.13,109.12
2014-09-22,108.85,108.86,108.86
2014-09-23,108.71,108.72,108.72
2014-09-24,108.6,108.61,108.61
2014-09-25,109.17,109.18,109.17
2014-09-26,109.01,109.02,109.02
2014-09-29,109.66,109.67,109.67
2014-09-30,109.37,109.38,109.37
2014-10-01,109.82,109.83,109.83
2014-10-02,108.66,108.67,108.66
2014-10-03,108.92,108.93,108.93
2014-10-06,109.52,109.53,109.53
2014-10-07,108.56,108.57,108.56
2014-10-08,108.42,108.44,108.43
2014-10-09,107.92,107.93,107.92
2014-10-10,107.74,107.75,107.74
2014-10-13,107.22,107.23,107.22
2014-10-14,107.19,107.2,107.2
2014-10-15,107.3,107.31,107.31
2014-10-16,106.12,106.13,106.13
2014-10-17,106.21,106.22,106.21
2014-10-20,107.25,107.26,107.25
2014-10-21,106.39,106.4,106.39
2014-10-22,106.91,106.92,106.91
2014-10-23,107.24,107.25,107.25
2014-10-24,107.96,107.97,107.97
2014-10-27,107.92,107.93,107.92
2014-10-28,107.85,107.86,107.86
2014-10-29,108.11,108.12,108.11
2014-10-30,109.09,109.1,109.1
2014-10-31,110.88,110.89,110.89
2014-11-03,112.7,112.71,112.71
2014-11-04,113.38,113.39,113.38
2014-11-05,114.3,114.31,114.3
2014-11-06,114.28,114.29,114.29
2014-11-07,115.34,115.35,115.35
2014-11-10,114.14,114.15,114.14
2014-11-11,115.16,115.17,115.17
2014-11-12,115.32,115.33,115.32
2014-11-13,115.73,115.74,115.74
2014-11-14,116.27,116.28,116.27
2014-11-17,115.62,115.63,115.62
2014-11-18,116.6,116.61,116.6
2014-11-19,117.29,117.3,117.29
2014-11-20,118.64,118.65,118.65
2014-11-21,117.87,117.88,117.88
2014-11-24,117.96,117.97,117.97
2014-11-25,117.86,117.87,117.86
2014-11-26,117.77,117.78,117.78
2014-11-27,117.32,117.33,117.32
2014-11-28,118.21,118.22,118.21
2014-12-01,118.89,118.9,118.89
2014-12-02,118.44,118.45,118.45
2014-12-03,119.19,119.2,119.2
2014-12-04,119.9,119.91,119.91
2014-12-05,120.0,120.01,120.01
2014-12-08,121.51,121.52,121.51
2014-12-09,120.1,120.11,120.1
2014-12-10,119.08,119.09,119.08
2014-12-11,118.23,118.24,118.23
2014-12-12,118.88,118.89,118.88
2014-12-15,118.56,118.57,118.57
2014-12-16,117.18,117.19,117.19
2014-12-17,117.07,117.08,117.07
2014-12-18,118.47,118.48,118.48
2014-12-19,119.36,119.37,119.37
2014-12-22,119.51,119.52,119.51
2014-12-23,120.13,120.14,120.14
2014-12-24,120.35,120.36,120.35
2014-12-25,120.18,120.19,120.18
2014-12-26,120.19,120.2,120.2
2014-12-29,120.31,120.32,120.32
2014-12-30,120.4,120.41,120.41
2014-12-31,119.72,119.73,119.73
2015-01-02,120.42,120.43,120.42
2015-01-05,120.4,120.41,120.41
2015-01-06,118.96,118.97,118.96
2015-01-07,118.87,118.88,118.87
2015-01-08,119.7,119.71,119.71
2015-01-09,119.33,119.34,119.33
2015-01-12,118.12,118.13,118.13
2015-01-13,118.66,118.67,118.67
2015-01-14,117.12,117.13,117.12
2015-01-15,117.76,117.77,117.76
2015-01-16,116.43,116.44,116.44
2015-01-19,117.1,117.11,117.1
2015-01-20,118.29,118.3,118.3
2015-01-21,117.84,117.85,117.85
2015-01-22,118.19,118.2,118.2
2015-01-23,118.36,118.37,118.37
2015-01-26,117.66,117.67,117.67
2015-01-27,118.26,118.27,118.26
2015-01-28,118.08,118.09,118.08
2015-01-29,117.62,117.63,117.62
2015-01-30,117.81,117.82,117.82
2015-02-02,117.69,117.7,117.7
2015-02-03,116.99,117.0,117.0
2015-02-04,117.72,117.73,117.72
2015-02-05,117.19,117.2,117.19
2015-02-06,117.29,117.3,117.3
2015-02-09,118.79,118.8,118.8
2015-02-10,118.55,118.56,118.56
2015-02-11,119.56,119.57,119.57
2015-02-12,120.27,120.28,120.28
2015-02-13,118.49,118.5,118.49
2015-02-16,118.51,118.52,118.52
2015-02-17,118.5,118.51,118.51
2015-02-18,119.04,119.05,119.04
2015-02-19,118.66,118.67,118.67
2015-02-20,118.9,118.91,118.91
2015-02-23,119.0,119.01,119.01
2015-02-24,119.11,119.12,119.12
2015-02-25,118.69,118.7,118.69
2015-02-26,118.95,118.96,118.96
2015-02-27,119.18,119.19,119.18
2015-03-02,119.8,119.81,119.81
2015-03-03,119.62,119.63,119.62
2015-03-04,119.67,119.68,119.67
2015-03-05,119.83,119.84,119.83
2015-03-06,120.0,120.01,120.01
2015-03-09,121.03,121.04,121.03
2015-03-10,121.79,121.8,121.8
2015-03-11,121.33,121.34,121.33
2015-03-12,121.37,121.38,121.37
2015-03-13,121.44,121.45,121.45
2015-03-16,121.17,121.18,121.17
2015-03-17,121.4,121.41,121.4
2015-03-18,121.38,121.39,121.38
2015-03-19,120.51,120.52,120.52
2015-03-20,120.69,120.7,120.69
2015-03-23,119.9,119.91,119.9
2015-03-24,119.56,119.57,119.57
2015-03-25,119.64,119.65,119.65
2015-03-26,118.91,118.92,118.91
2015-03-27,119.19,119.2,119.2
2015-03-30,119.17,119.18,119.18
2015-03-31,120.1,120.12,120.11
2015-04-01,119.81,119.82,119.82
2015-04-02,119.53,119.54,119.53
2015-04-03,119.67,119.68,119.67
2015-04-06,119.03,119.04,119.04
2015-04-07,119.53,119.54,119.53
2015-04-08,119.84,119.85,119.85
2015-04-09,120.29,120.3,120.3
2015-04-10,120.5,120.51,120.51
2015-04-13,120.4,120.41,120.4
2015-04-14,119.76,119.77,119.76
2015-04-15,119.63,119.64,119.63
2015-04-16,119.35,119.36,119.36
2015-04-17,118.99,119.0,119.0
2015-04-20,118.63,118.64,118.64
2015-04-21,119.43,119.44,119.44
2015-04-22,119.56,119.57,119.56
2015-04-23,119.84,119.85,119.85
2015-04-24,119.5,119.51,119.5
2015-04-27,118.94,118.95,118.94
2015-04-28,119.08,119.09,119.08
2015-04-29,118.83,118.84,118.84
2015-04-30,118.59,118.6,118.59
2015-05-01,119.73,119.74,119.73
2015-05-04,120.03,120.04,120.04
2015-05-05,120.06,120.07,120.06
2015-05-06,119.85,119.86,119.86
2015-05-07,119.47,119.48,119.47
2015-05-08,119.96,119.97,119.96
2015-05-11,119.95,119.96,119.95
2015-05-12,120.2,120.21,120.2
2015-05-13,119.92,119.92,119.92
2015-05-14,119.11,119.12,119.11
2015-05-15,119.48,119.49,119.49
2015-05-18,119.67,119.68,119.68
2015-05-19,119.92,119.93,119.93
2015-05-20,120.99,121.0,120.99
2015-05-21,121.04,121.05,121.05
2015-05-22,120.81,120.82,120.82
2015-05-25,121.62,121.63,121.62
2015-05-26,121.88,121.89,121.89
2015-05-27,122.89,122.9,122.9
2015-05-28,123.79,123.8,123.8
2015-05-29,123.87,123.88,123.88
2015-06-01,124.19,124.2,124.2
2015-06-02,124.63,124.64,124.64
2015-06-03,123.85,123.86,123.86
2015-06-04,124.31,124.32,124.31
2015-06-05,124.48,124.49,124.49
2015-06-08,125.47,125.48,125.48
2015-06-09,124.28,124.29,124.29
2015-06-10,122.74,122.75,122.75
2015-06-11,123.18,123.19,123.19
2015-06-12,123.43,123.44,123.44
2015-06-15,123.51,123.52,123.51
2015-06-16,123.58,123.59,123.58
2015-06-17,123.54,123.55,123.55
2015-06-18,122.98,122.99,122.98
2015-06-19,123.14,123.15,123.14
2015-06-22,122.68,122.69,122.68
2015-06-23,123.61,123.62,123.61
2015-06-24,124.0,124.01,124.01
2015-06-25,123.62,123.63,123.63
2015-06-26,123.36,123.37,123.37
2015-06-29,122.42,122.43,122.43
2015-06-30,122.3,122.31,122.3
2015-07-01,122.66,122.67,122.67
2015-07-02,123.37,123.38,123.38
2015-07-03,123.09,123.1,123.1
2015-07-06,122.43,122.44,122.43
2015-07-07,122.62,122.63,122.63
2015-07-08,121.98,121.99,121.99
2015-07-09,121.49,121.5,121.5
2015-07-10,121.9,121.91,121.91
2015-07-13,122.6,122.61,122.61
2015-07-14,123.27,123.28,123.28
2015-07-15,123.44,123.45,123.45
2015-07-16,123.89,123.9,123.9
2015-07-17,124.05,124.06,124.05
2015-07-20,124.16,124.17,124.16
2015-07-21,124.43,124.44,124.43
2015-07-22,123.65,123.66,123.65
2015-07-23,124.05,124.06,124.06
2015-07-24,123.91,123.92,123.91
2015-07-27,123.51,123.52,123.51
2015-07-28,123.57,123.58,123.58
2015-07-29,123.43,123.44,123.43
2015-07-30,124.11,124.12,124.12
2015-07-31,124.05,124.06,124.06
2015-08-03,124.06,124.07,124.06
2015-08-04,123.94,123.95,123.94
2015-08-05,124.32,124.33,124.33
2015-08-06,124.74,124.75,124.74
2015-08-07,124.79,124.8,124.8
2015-08-10,124.39,124.4,124.39
2015-08-11,124.78,124.79,124.79
2015-08-12,124.9,124.91,124.91
2015-08-13,124.42,124.43,124.43
2015-08-14,124.39,124.4,124.39
2015-08-17,124.4,124.41,124.4
2015-08-18,124.45,124.46,124.45
2015-08-19,124.3,124.31,124.31
2015-08-20,123.97,123.98,123.98
2015-08-21,122.94,122.95,122.95
2015-08-24,121.1,121.11,121.1
2015-08-25,118.97,118.98,118.97
2015-08-26,119.65,119.66,119.66
2015-08-27,119.92,119.93,119.92
2015-08-28,121.09,121.1,121.09
2015-08-31,121.13,121.14,121.14
2015-09-01,120.5,120.51,120.51
2015-09-02,120.01,120.02,120.02
2015-09-03,120.36,120.37,120.36
2015-09-04,119.33,119.34,119.34
2015-09-07,119.33,119.34,119.34
2015-09-08,119.12,119.13,119.12
2015-09-09,120.49,120.5,120.5
2015-09-10,120.81,120.82,120.82
2015-09-11,120.76,120.77,120.77
2015-09-14,120.33,120.34,120.33
2015-09-15,119.83,119.84,119.83
2015-09-16,120.12,120.13,120.13
2015-09-17,120.84,120.85,120.85
2015-09-18,119.69,119.7,119.7
2015-09-21,119.93,119.94,119.94
2015-09-22,120.49,120.5,120.49
2015-09-23,119.83,119.84,119.83
2015-09-24,119.95,119.96,119.95
2015-09-25,120.31,120.32,120.32
2015-09-28,120.29,120.3,120.3
2015-09-29,119.46,119.47,119.46
2015-09-30,119.9,119.91,119.91
2015-10-01,120.22,120.23,120.22
2015-10-02,120.04,120.05,120.05
2015-10-05,120.01,120.02,120.02
2015-10-06,120.32,120.33,120.33
2015-10-07,120.03,120.04,120.04
2015-10-08,119.81,119.82,119.82
2015-10-09,120.05,120.06,120.06
2015-10-12,120.16,120.17,120.17
2015-10-13,119.86,119.87,119.86
2015-10-14,119.64,119.65,119.65
2015-10-15,118.89,118.9,118.9
2015-10-16,119.17,119.18,119.17
2015-10-19,119.3,119.31,119.3
2015-10-20,119.44,119.45,119.45
2015-10-21,119.97,119.98,119.98
2015-10-22,119.71,119.72,119.71
2015-10-23,120.61,120.62,120.62
2015-10-26,121.09,121.1,121.1
2015-10-27,120.61,120.62,120.61
2015-10-28,120.39,120.4,120.4
2015-10-29,120.78,120.79,120.79
2015-10-30,121.15,121.16,121.15
2015-11-02,120.33,120.34,120.34
2015-11-03,120.68,120.69,120.68
2015-11-04,121.11,121.12,121.11
2015-11-05,121.46,121.47,121.47
2015-11-06,121.8,121.81,121.81
2015-11-09,123.28,123.29,123.28
2015-11-10,123.2,123.21,123.21
2015-11-11,122.88,122.89,122.89
2015-11-12,122.9,122.91,122.91
2015-11-13,122.67,122.68,122.67
2015-11-16,122.42,122.43,122.43
2015-11-17,123.37,123.38,123.38
2015-11-18,123.25,123.26,123.25
2015-11-19,123.27,123.28,123.28
2015-11-20,122.81,122.82,122.81
2015-11-23,123.23,123.24,123.24
2015-11-24,122.7,122.71,122.7
2015-11-25,122.38,122.39,122.39
2015-11-26,122.56,122.57,122.57
2015-11-27,122.53,122.54,122.54
2015-11-30,122.75,122.76,122.75
2015-12-01,122.92,122.93,122.93
2015-12-02,123.08,123.09,123.08
2015-12-03,123.42,123.43,123.42
2015-12-04,122.58,122.59,122.59
2015-12-07,123.27,123.28,123.28
2015-12-08,123.1,123.11,123.1
2015-12-09,122.74,122.75,122.75
2015-12-10,121.63,121.64,121.64
2015-12-11,122.05,122.06,122.06
2015-12-14,121.18,121.19,121.19
2015-12-15,120.82,120.83,120.82
2015-12-16,121.81,121.82,121.82
2015-12-17,122.46,122.47,122.47
2015-12-18,121.88,121.89,121.88
2015-12-21,121.4,121.41,121.41
2015-12-22,121.22,121.23,121.23
2015-12-23,121.02,121.03,121.02
2015-12-24,120.55,120.56,120.55
2015-12-25,120.1,120.11,120.1
2015-12-28,120.43,120.44,120.44
2015-12-29,120.3,120.31,120.31
2015-12-30,120.38,120.39,120.38
2015-12-31,120.39,120.4,120.4
2016-01-04,119.36,119.37,119.36
2016-01-05,119.41,119.42,119.42
2016-01-06,118.74,118.75,118.74
2016-01-07,117.99,118.0,118.0
2016-01-08,118.29,118.3,118.29
2016-01-11,117.3,117.31,117.31
2016-01-12,117.54,117.55,117.54
2016-01-13,118.28,118.29,118.28
2016-01-14,117.65,117.66,117.65
2016-01-15,117.83,117.84,117.84
2016-01-18,117.18,117.19,117.19
2016-01-19,117.73,117.74,117.73
2016-01-20,116.87,116.88,116.88
2016-01-21,116.8,116.81,116.8
2016-01-22,118.11,118.12,118.11
2016-01-25,118.7,118.71,118.7
2016-01-26,118.07,118.08,118.07
2016-01-27,118.34,118.35,118.34
2016-01-28,118.63,118.64,118.64
2016-01-29,120.55,120.56,120.56
2016-02-01,121.33,121.34,121.33
2016-02-02,120.44,120.45,120.45
2016-02-03,119.61,119.62,119.62
2016-02-04,117.91,117.92,117.91
2016-02-05,116.87,116.88,116.88
2016-02-08,117.39,117.4,117.39
2016-02-09,114.85,114.86,114.86
2016-02-10,114.52,114.53,114.52
2016-02-11,112.72,112.73,112.72
2016-02-12,112.39,112.4,112.39
2016-02-15,113.91,113.92,113.92
2016-02-16,114.56,114.57,114.57
2016-02-17,113.87,113.88,113.88
2016-02-18,113.92,113.93,113.93
2016-02-19,113.05,113.06,113.06
2016-02-22,112.92,112.93,112.93
2016-02-23,112.42,112.43,112.43
2016-02-24,111.75,111.76,111.75
2016-02-25,112.48,112.49,112.49
2016-02-26,112.61,112.62,112.62
2016-02-29,112.94,112.95,112.94
2016-03-01,112.63,112.64,112.63
2016-03-02,113.91,113.92,113.92
2016-03-03,114.1,114.11,114.1
2016-03-04,113.85,113.86,113.85
2016-03-07,113.68,113.69,113.69
2016-03-08,113.15,113.16,113.16
2016-03-09,112.56,112.57,112.56
2016-03-10,113.72,113.73,113.73
2016-03-11,113.42,113.43,113.42
2016-03-14,113.8,113.81,113.8
2016-03-15,113.42,113.43,113.43
2016-03-16,113.43,113.44,113.43
2016-03-17,112.17,112.18,112.18
2016-03-18,111.54,111.55,111.55
2016-03-21,111.5,111.51,111.5
2016-03-22,112.06,112.07,112.06
2016-03-23,112.4,112.41,112.4
2016-03-24,112.8,112.81,112.8
2016-03-25,113.07,113.08,113.08
2016-03-28,113.5,113.51,113.51
2016-03-29,113.56,113.57,113.57
2016-03-30,112.29,112.31,112.3
2016-03-31,112.23,112.25,112.24
2016-04-01,112.17,112.19,112.18
2016-04-04,111.38,111.4,111.39
2016-04-05,110.78,110.8,110.79
2016-04-06,110.31,110.33,110.32
2016-04-07,108.87,108.89,108.88
2016-04-08,108.71,108.73,108.72
2016-04-11,107.88,107.9,107.89
2016-04-12,108.32,108.34,108.33
2016-04-13,108.86,108.88,108.87
2016-04-14,109.42,109.44,109.43
2016-04-15,109.58,109.6,109.59
2016-04-18,107.96,107.98,107.97
2016-04-19,109.02,109.04,109.03
2016-04-20,108.93,108.95,108.94
2016-04-21,109.65,109.67,109.66
2016-04-22,110.29,110.31,110.3
2016-04-25,111.14,111.16,111.15
2016-04-26,110.93,110.95,110.94
2016-04-27,111.21,111.22,111.22
2016-04-28,108.97,108.99,108.98
2016-04-29,107.3,107.31,107.31
2016-05-02,106.53,106.55,106.54
2016-05-03,105.88,105.9,105.89
2016-05-04,107.08,107.1,107.09
2016-05-05,107.0,107.01,107.01
2016-05-06,107.18,107.2,107.19
2016-05-09,107.57,107.59,107.58
2016-05-10,108.77,108.79,108.78
2016-05-11,108.67,108.69,108.68
2016-05-12,108.87,108.89,108.88
2016-05-13,108.76,108.78,108.77
2016-05-16,108.75,108.77,108.76
2016-05-17,109.13,109.15,109.14
2016-05-18,109.26,109.28,109.27
2016-05-19,110.32,110.34,110.33
2016-05-20,110.12,110.14,110.13
2016-05-23,109.8,109.82,109.81
2016-05-24,109.24,109.26,109.25
2016-05-25,109.94,109.96,109.95
2016-05-26,109.61,109.63,109.62
2016-05-27,109.73,109.75,109.74
2016-05-30,111.27,111.29,111.28
2016-05-31,111.25,111.27,111.26
2016-06-01,109.92,109.94,109.93
2016-06-02,109.13,109.15,109.14
2016-06-03,108.63,108.65,108.64
2016-06-06,106.95,106.96,106.96
2016-06-07,107.66,107.68,107.67
2016-06-08,107.08,107.1,107.09
2016-06-09,106.69,106.71,106.7
2016-06-10,107.07,107.08,107.08
2016-06-13,105.84,105.86,105.85
2016-06-14,105.92,105.94,105.93
2016-06-15,106.15,106.17,106.16
2016-06-16,104.23,104.24,104.24
2016-06-17,104.36,104.38,104.37
2016-06-20,104.66,104.68,104.67
2016-06-21,104.32,104.34,104.33
2016-06-22,104.54,104.56,104.55
2016-06-23,104.66,104.68,104.67
2016-06-24,102.34,102.36,102.35
2016-06-27,101.68,101.69,101.69
2016-06-28,101.93,101.95,101.94
2016-06-29,102.2,102.22,102.21
2016-06-30,102.67,102.69,102.68
2016-07-01,102.82,102.83,102.83
2016-07-04,102.66,102.68,102.67
2016-07-05,102.11,102.13,102.12
2016-07-06,101.11,101.12,101.12
2016-07-07,100.72,100.74,100.73
2016-07-08,100.41,100.43,100.42
2016-07-11,101.47,101.49,101.48
2016-07-12,103.04,103.06,103.05
2016-07-13,104.26,104.28,104.27
2016-07-14,105.29,105.31,105.3
2016-07-15,105.64,105.66,105.65
2016-07-18,105.44,105.46,105.45
2016-07-19,106.03,106.05,106.04
2016-07-20,106.13,106.15,106.14
2016-07-21,107.04,107.06,107.05
2016-07-22,105.82,105.84,105.83
2016-07-25,106.14,106.16,106.15
2016-07-26,104.43,104.45,104.44
2016-07-27,105.5,105.52,105.51
2016-07-28,104.82,104.84,104.83
2016-07-29,103.62,103.63,103.63
2016-08-01,102.43,102.45,102.44
2016-08-02,102.24,102.26,102.25
2016-08-03,101.01,101.03,101.02
2016-08-04,101.52,101.54,101.53
2016-08-05,101.05,101.07,101.06
2016-08-08,102.06,102.08,102.07
2016-08-09,102.41,102.43,102.42
2016-08-10,101.35,101.37,101.36
2016-08-11,101.44,101.46,101.45
2016-08-12,102.04,102.06,102.05
2016-08-15,101.26,101.28,101.27
2016-08-16,100.26,100.28,100.27
2016-08-17,101.02,101.04,101.03
2016-08-18,99.84,99.85,99.85
2016-08-19,100.23,100.25,100.24
2016-08-22,100.88,100.9,100.89
2016-08-23,100.1,100.12,100.11
2016-08-24,100.39,100.41,100.4
2016-08-25,100.45,100.47,100.46
2016-08-26,100.45,100.47,100.46
2016-08-29,102.28,102.3,102.29
2016-08-30,102.15,102.17,102.16
2016-08-31,103.09,103.11,103.1
2016-09-01,103.29,103.31,103.3
2016-09-02,103.4,103.42,103.41
2016-09-05,103.34,103.36,103.35
2016-09-06,103.59,103.61,103.6
2016-09-07,101.45,101.47,101.46
2016-09-08,101.7,101.72,101.71
2016-09-09,102.15,102.17,102.16
2016-09-12,102.49,102.51,102.5
2016-09-13,101.88,101.9,101.89
2016-09-14,102.93,102.95,102.94
2016-09-15,102.28,102.3,102.29
2016-09-16,102.06,102.08,102.07
2016-09-19,102.02,102.04,102.03
2016-09-20,101.85,101.87,101.86
2016-09-21,102.52,102.54,102.53
2016-09-22,100.36,100.38,100.37
2016-09-23,100.96,100.98,100.97
2016-09-26,100.85,100.87,100.86
2016-09-27,100.82,100.84,100.83
2016-09-28,100.6,100.62,100.61
2016-09-29,101.6,101.62,101.61
2016-09-30,101.09,101.11,101.1
2016-10-03,101.48,101.5,101.49
2016-10-04,102.22,102.23,102.23
2016-10-05,102.88,102.89,102.89
2016-10-06,103.49,103.51,103.5
2016-10-07,103.92,103.93,103.93
2016-10-10,102.92,102.94,102.93
2016-10-11,103.97,103.99,103.98
2016-10-12,103.55,103.57,103.56
2016-10-13,103.71,103.73,103.72
2016-10-14,104.02,104.03,104.03
2016-10-17,104.23,104.24,104.24
2016-10-18,103.98,104.0,103.99
2016-10-19,103.78,103.8,103.79
2016-10-20,103.71,103.73,103.72
2016-10-21,103.82,103.83,103.83
2016-10-24,103.87,103.88,103.88
2016-10-25,104.4,104.42,104.41
2016-10-26,104.28,104.3,104.29
2016-10-27,104.55,104.56,104.56
2016-10-28,105.33,105.35,105.34
2016-10-31,104.72,104.74,104.73
2016-11-01,104.82,104.83,104.83
2016-11-02,103.83,103.85,103.84
2016-11-03,102.81,102.83,102.82
2016-11-04,103.25,103.27,103.26
2016-11-07,104.39,104.4,104.4
2016-11-08,104.34,104.36,104.35
2016-11-09,101.75,101.78,101.77
2016-11-10,105.28,105.3,105.29
2016-11-11,106.51,106.53,106.52
2016-11-14,107.57,107.59,107.58
2016-11-15,108.19,108.21,108.2
2016-11-16,109.11,109.13,109.12
2016-11-17,109.13,109.15,109.14
2016-11-18,110.66,110.68,110.67
2016-11-21,111.1,111.12,111.11
2016-11-22,110.82,110.84,110.83
2016-11-23,111.01,111.03,111.02
2016-11-24,112.63,112.65,112.64
2016-11-25,113.34,113.36,113.35
2016-11-28,112.12,112.14,112.13
2016-11-29,112.0,112.02,112.01
2016-11-30,112.74,112.76,112.75
2016-12-01,114.03,114.04,114.04
2016-12-02,114.06,114.07,114.07
2016-12-05,113.45,113.47,113.46
2016-12-06,113.87,113.89,113.88
2016-12-07,114.28,114.29,114.285
2016-12-08,113.53,113.55,113.54
2016-12-09,114.44,114.45,114.445
2016-12-12,115.53,115.55,115.54
2016-12-13,115.31,115.33,115.32
2016-12-14,115.16,115.17,115.165
2016-12-15,117.48,117.5,117.49
2016-12-16,118.11,118.12,118.115
2016-12-19,117.26,117.28,117.27
2016-12-20,117.67,117.69,117.68
2016-12-21,117.65,117.67,117.66
2016-12-22,117.64,117.66,117.65
2016-12-23,117.41,117.43,117.42
2016-12-27,117.32,117.34,117.33
2016-12-28,117.54,117.56,117.55
2016-12-29,116.7,116.72,116.71
2016-12-30,116.67,116.69,116.68
2017-01-03,117.34,117.36,117.35
2017-01-04,118.07,118.08,118.075
2017-01-05,116.48,116.5,116.49
2017-01-06,115.93,115.95,115.94
2017-01-09,117.47,117.49,117.48
2017-01-10,115.57,115.59,115.58
2017-01-11,115.96,115.98,115.97
2017-01-12,114.46,114.48,114.47
2017-01-13,114.98,115.0,114.99
2017-01-16,114.03,114.04,114.035
2017-01-17,113.44,113.46,113.45
2017-01-18,113.3,113.31,113.305
2017-01-19,114.58,114.59,114.585
2017-01-20,114.82,114.84,114.83
2017-01-23,113.38,113.4,113.39
2017-01-24,112.92,112.93,112.925
2017-01-25,113.57,113.59,113.58
2017-01-26,113.33,113.35,113.34
2017-01-27,114.99,115.01,115.0
2017-01-30,114.56,114.58,114.57
2017-01-31,113.49,113.51,113.5
2017-02-01,113.11,113.13,113.12
2017-02-02,112.55,112.57,112.56
2017-02-03,113.03,113.05,113.04
2017-02-06,112.56,112.58,112.57
2017-02-07,111.82,111.83,111.825
2017-02-08,112.32,112.34,112.33
2017-02-09,112.16,112.18,112.17
2017-02-10,113.68,113.7,113.69
2017-02-13,113.71,113.73,113.72
2017-02-14,113.31,113.33,113.32
2017-02-15,114.4,114.42,114.41
2017-02-16,113.83,113.85,113.84
2017-02-17,113.37,113.39,113.38
2017-02-20,113.1,113.12,113.11
2017-02-21,113.56,113.58,113.57
2017-02-22,113.45,113.46,113.455
2017-02-23,113.25,113.27,113.26
2017-02-24,112.82,112.84,112.83
2017-02-27,112.12,112.14,112.13
2017-02-28,112.49,112.5,112.495
2017-03-01,113.43,113.44,113.435
2017-03-02,114.01,114.03,114.02
2017-03-03,114.23,114.24,114.235
2017-03-06,113.85,113.87,113.86
2017-03-07,113.9,113.92,113.91
2017-03-08,113.74,113.75,113.745
2017-03-09,114.53,114.54,114.535
2017-03-10,115.41,115.42,115.415
2017-03-13,114.71,114.73,114.72
2017-03-14,114.84,114.86,114.85
2017-03-15,114.79,114.81,114.8
2017-03-16,113.29,113.31,113.3
2017-03-17,113.37,113.39,113.38
2017-03-20,112.6,112.62,112.61
2017-03-21,112.8,112.81,112.805
2017-03-22,111.55,111.57,111.56
2017-03-23,111.37,111.39,111.38
2017-03-24,111.45,111.47,111.46
2017-03-27,110.26,110.27,110.265
2017-03-28,110.62,110.64,110.63
2017-03-29,111.13,111.14,111.135
2017-03-30,111.17,111.18,111.175
2017-03-31,111.86,111.88,111.87
2017-04-03,111.36,111.38,111.37
2017-04-04,110.54,110.55,110.545
2017-04-05,110.72,110.73,110.725
2017-04-06,110.38,110.39,110.385
2017-04-07,110.45,110.46,110.455
2017-04-10,111.42,111.44,111.43
2017-04-11,110.67,110.69,110.68
2017-04-12,109.5,109.52,109.51
2017-04-13,109.02,109.04,109.03
2017-04-17,108.36,108.37,108.365
2017-04-18,109.06,109.08,109.07
2017-04-19,108.68,108.69,108.685
2017-04-20,108.89,108.9,108.895
2017-04-21,109.3,109.32,109.31
2017-04-24,110.22,110.24,110.23
2017-04-25,110.15,110.17,110.16
2017-04-26,111.37,111.39,111.38
2017-04-27,111.23,111.24,111.235
2017-04-28,111.15,111.17,111.16
2017-05-01,111.71,111.73,111.72
2017-05-02,111.98,112.0,111.99
2017-05-03,112.11,112.13,112.12
2017-05-04,112.8,112.82,112.81
2017-05-05,112.24,112.26,112.25
2017-05-08,112.78,112.8,112.79
2017-05-09,113.34,113.36,113.35
2017-05-10,113.81,113.83,113.82
2017-05-11,114.18,114.2,114.19
2017-05-12,113.77,113.78,113.775
2017-05-15,113.34,113.36,113.35
2017-05-16,113.49,113.51,113.5
2017-05-17,112.42,112.44,112.43
2017-05-18,111.23,111.25,111.24
2017-05-19,111.39,111.41,111.4
2017-05-22,111.48,111.5,111.49
2017-05-23,110.98,111.0,110.99
2017-05-24,111.96,111.98,111.97
2017-05-25,111.63,111.65,111.64
2017-05-26,111.42,111.43,111.425
2017-05-29,111.3,111.32,111.31
2017-05-30,110.91,110.92,110.915
2017-05-31,110.9,110.92,110.91
2017-06-01,110.97,110.99,110.98
2017-06-02,111.65,111.66,111.655
2017-06-05,110.62,110.63,110.625
2017-06-06,109.71,109.72,109.715
2017-06-07,109.51,109.52,109.515
2017-06-08,109.42,109.43,109.425
2017-06-09,110.22,110.24,110.23
2017-06-12,110.23,110.25,110.24
2017-06-13,110.03,110.04,110.035
2017-06-14,110.03,110.05,110.04
2017-06-15,109.66,109.68,109.67
2017-06-16,111.13,111.15,111.14
2017-06-19,110.99,111.01,111.0
2017-06-20,111.56,111.58,111.57
2017-06-21,111.24,111.26,111.25
2017-06-22,110.98,111.0,110.99
2017-06-23,111.28,111.3,111.29
2017-06-26,111.29,111.31,111.3
2017-06-27,111.8,111.82,111.81
2017-06-28,112.14,112.16,112.15
2017-06-29,112.2,112.22,112.21
2017-06-30,111.98,112.0,111.99
2017-07-03,112.48,112.5,112.49
2017-07-04,112.94,112.96,112.95
2017-07-05,113.19,113.21,113.2
2017-07-06,113.12,113.14,113.13
2017-07-07,113.68,113.7,113.69
2017-07-10,114.14,114.16,114.15
2017-07-11,114.35,114.37,114.36
2017-07-12,113.5,113.51,113.505
2017-07-13,113.02,113.03,113.025
2017-07-14,113.34,113.35,113.345
2017-07-17,112.64,112.66,112.65
2017-07-18,112.12,112.13,112.125
2017-07-19,112.15,112.17,112.16
2017-07-20,112.16,112.18,112.17
2017-07-21,111.89,111.91,111.9
2017-07-24,111.08,111.1,111.09
2017-07-25,111.03,111.05,111.04
2017-07-26,111.9,111.91,111.905
2017-07-27,111.02,111.03,111.025
2017-07-28,110.98,111.0,110.99
2017-07-31,110.5,110.51,110.505
2017-08-01,110.25,110.27,110.26
2017-08-02,110.77,110.78,110.775
2017-08-03,110.67,110.69,110.68
2017-08-04,110.06,110.08,110.07
2017-08-07,110.69,110.71,110.7
2017-08-08,110.56,110.58,110.57
2017-08-09,109.98,110.0,109.99
2017-08-10,109.99,110.01,110.0
2017-08-11,109.14,109.16,109.15
2017-08-14,109.56,109.58,109.57
2017-08-15,110.38,110.4,110.39
2017-08-16,110.64,110.66,110.65
2017-08-17,109.81,109.83,109.82
2017-08-18,109.32,109.34,109.33
2017-08-21,109.27,109.29,109.28
2017-08-22,109.26,109.28,109.27
2017-08-23,109.44,109.46,109.45
2017-08-24,109.1,109.12,109.11
2017-08-25,109.58,109.6,109.59
2017-08-28,109.15,109.17,109.16
2017-08-29,108.82,108.84,108.83
2017-08-30,109.77,109.79,109.78
2017-08-31,110.5,110.51,110.505
2017-09-01,110.1,110.12,110.11
2017-09-04,109.78,109.79,109.785
2017-09-05,109.3,109.32,109.31
2017-09-06,108.71,108.73,108.72
2017-09-07,109.01,109.03,109.02
2017-09-08,107.78,107.8,107.79
2017-09-11,108.34,108.35,108.345
2017-09-12,109.38,109.4,109.39
2017-09-13,110.06,110.07,110.065
2017-09-14,110.47,110.49,110.48
2017-09-15,110.42,110.44,110.43
2017-09-18,111.15,111.17,111.16
2017-09-19,111.82,111.84,111.83
2017-09-20,111.45,111.47,111.46
2017-09-21,112.43,112.44,112.435
2017-09-22,111.96,111.97,111.965
2017-09-25,112.21,112.23,112.22
2017-09-26,111.54,111.56,111.55
2017-09-27,112.43,112.45,112.44
2017-09-28,113.12,113.14,113.13
2017-09-29,112.65,112.67,112.66
2017-10-02,112.86,112.88,112.87
2017-10-03,113.15,113.17,113.16
2017-10-04,112.55,112.57,112.56
2017-10-05,112.71,112.73,112.72
2017-10-06,112.95,112.96,112.955
2017-10-09,112.59,112.6,112.595
2017-10-10,112.65,112.67,112.66
2017-10-11,112.36,112.38,112.37
2017-10-12,112.27,112.29,112.28
2017-10-13,112.1,112.11,112.105
2017-10-16,111.91,111.93,111.92
2017-10-17,112.16,112.18,112.17
2017-10-18,112.29,112.31,112.3
2017-10-19,113.01,113.02,113.015
2017-10-20,113.15,113.17,113.16
2017-10-23,113.71,113.73,113.72
2017-10-24,113.5,113.52,113.51
2017-10-25,113.77,113.79,113.78
2017-10-26,113.45,113.47,113.46
2017-10-27,114.11,114.13,114.12
2017-10-30,113.59,113.61,113.6
2017-10-31,113.15,113.16,113.155
2017-11-01,113.91,113.92,113.915
2017-11-02,113.9,113.92,113.91
2017-11-03,113.97,113.99,113.98
2017-11-06,114.26,114.28,114.27
2017-11-07,113.98,113.99,113.985
2017-11-08,113.82,113.83,113.825
2017-11-09,113.58,113.6,113.59
2017-11-10,113.5,113.51,113.505
2017-11-13,113.51,113.52,113.515
2017-11-14,113.62,113.64,113.63
2017-11-15,113.2,113.22,113.21
2017-11-16,113.07,113.08,113.075
2017-11-17,112.58,112.6,112.59
2017-11-20,112.07,112.09,112.08
2017-11-21,112.56,112.58,112.57
2017-11-22,112.17,112.19,112.18
2017-11-23,111.31,111.33,111.32
2017-11-24,111.48,111.49,111.485
2017-11-27,111.38,111.4,111.39
2017-11-28,111.17,111.18,111.175
2017-11-29,111.55,111.57,111.56
2017-11-30,112.12,112.14,112.13
2017-12-01,112.56,112.57,112.565
2017-12-04,112.81,112.83,112.82
2017-12-05,112.57,112.59,112.58
2017-12-06,112.08,112.1,112.09
2017-12-07,112.5,112.51,112.505
2017-12-08,113.37,113.39,113.38
2017-12-11,113.54,113.56,113.55
2017-12-12,113.44,113.46,113.45
2017-12-13,113.31,113.33,113.32
2017-12-14,112.58,112.6,112.59
2017-12-15,112.25,112.26,112.255
2017-12-18,112.66,112.67,112.665
2017-12-19,112.58,112.6,112.59
2017-12-20,112.98,112.99,112.985
2017-12-21,113.39,113.41,113.4
2017-12-22,113.31,113.33,113.32
2017-12-26,113.28,113.3,113.29
2017-12-27,113.18,113.2,113.19
2017-12-28,112.79,112.81,112.8
2017-12-29,112.72,112.74,112.73
2018-01-02,112.68,112.69,112.685
2018-01-03,112.27,112.29,112.28
2018-01-04,112.65,112.66,112.655
2018-01-05,112.98,113.0,112.99
2018-01-08,113.22,113.23,113.225
2018-01-09,112.67,112.69,112.68
2018-01-10,112.34,112.36,112.35
2018-01-11,111.8,111.81,111.805
2018-01-12,111.24,111.26,111.25
2018-01-15,110.69,110.71,110.7
2018-01-16,110.85,110.86,110.855
2018-01-17,110.86,110.87,110.865
2018-01-18,111.13,111.14,111.135
2018-01-19,110.88,110.89,110.885
2018-01-22,110.78,110.8,110.79
2018-01-23,110.83,110.85,110.84
2018-01-24,109.93,109.95,109.94
2018-01-25,108.92,108.94,108.93
2018-01-26,109.37,109.39,109.38
2018-01-29,108.77,108.79,108.78
2018-01-30,108.71,108.73,108.72
2018-01-31,108.68,108.7,108.69
2018-02-01,109.34,109.36,109.35
2018-02-02,109.65,109.67,109.66
2018-02-05,109.96,109.98,109.97
2018-02-06,108.86,108.88,108.87
2018-02-07,109.17,109.19,109.18
2018-02-08,109.64,109.65,109.645
2018-02-09,108.98,108.99,108.985
2018-02-12,108.69,108.7,108.695
2018-02-13,108.28,108.3,108.29
2018-02-14,107.16,107.18,107.17
2018-02-15,106.55,106.57,106.56
2018-02-16,105.76,105.78,105.77
2018-02-19,106.48,106.5,106.49
2018-02-20,106.83,106.85,106.84
2018-02-21,107.78,107.79,107.785
2018-02-22,107.44,107.45,107.445
2018-02-23,106.95,106.97,106.96
2018-02-26,106.53,106.54,106.535
2018-02-27,106.86,106.88,106.87
2018-02-28,107.08,107.1,107.09
2018-03-01,106.81,106.83,106.82
2018-03-02,105.79,105.81,105.8
2018-03-05,105.56,105.57,105.565
2018-03-06,106.22,106.23,106.225
2018-03-07,105.64,105.65,105.645
2018-03-08,105.97,105.98,105.975
2018-03-09,106.64,106.65,106.645
2018-03-12,106.63,106.65,106.64
2018-03-13,106.75,106.77,106.76
2018-03-14,106.44,106.46,106.45
2018-03-15,105.94,105.95,105.945
2018-03-16,105.91,105.92,105.915
2018-03-19,105.74,105.75,105.745
2018-03-20,106.3,106.31,106.305
2018-03-21,106.42,106.44,106.43
2018-03-22,105.89,105.9,105.895
2018-03-23,104.8,104.82,104.81
2018-03-26,104.97,104.99,104.98
2018-03-27,105.61,105.63,105.62
2018-03-28,105.59,105.61,105.6
2018-03-29,106.48,106.49,106.485
2018-04-02,106.31,106.33,106.32
2018-04-03,105.97,105.99,105.98
2018-04-04,106.54,106.55,106.545
2018-04-05,106.9,106.92,106.91
2018-04-06,107.29,107.31,107.3
2018-04-09,106.97,106.99,106.98
2018-04-10,107.13,107.15,107.14
2018-04-11,107.06,107.07,107.065
2018-04-12,106.93,106.94,106.935
2018-04-13,107.46,107.48,107.47
2018-04-16,107.21,107.22,107.215
2018-04-17,106.99,107.01,107.0
2018-04-18,107.34,107.36,107.35
2018-04-19,107.41,107.43,107.42
2018-04-20,107.62,107.64,107.63
2018-04-23,107.8,107.81,107.805
2018-04-24,108.79,108.8,108.795
2018-04-25,109.05,109.07,109.06
2018-04-26,109.31,109.33,109.32
2018-04-27,109.24,109.26,109.25
2018-04-30,109.13,109.15,109.14
2018-05-01,109.38,109.4,109.39
2018-05-02,109.78,109.8,109.79
2018-05-03,109.61,109.62,109.615
2018-05-04,109.09,109.1,109.095
2018-05-07,109.15,109.17,109.16
2018-05-08,109.02,109.03,109.025
2018-05-09,109.51,109.52,109.515
2018-05-10,109.82,109.83,109.825
2018-05-11,109.49,109.5,109.495
2018-05-14,109.381,109.385,109.383
2018-05-15,109.88,109.883,109.882
2018-05-16,110.244,110.248,110.246
2018-05-17,110.26,110.27,110.265
2018-05-18,110.85,110.86,110.855
2018-05-21,111.31,111.32,111.315
2018-05-22,110.9,110.91,110.905
2018-05-23,110.5,110.51,110.505
2018-05-24,109.46,109.47,109.465
2018-05-25,109.56,109.58,109.57
2018-05-28,109.54,109.55,109.545
2018-05-29,109.08,109.09,109.085
2018-05-30,108.67,108.69,108.68
2018-05-31,108.78,108.8,108.79
2018-06-01,109.07,109.08,109.075
2018-06-04,109.63,109.64,109.635
2018-06-05,109.86,109.87,109.865
2018-06-06,109.9,109.92,109.91
2018-06-07,109.93,109.95,109.94
2018-06-08,109.67,109.68,109.675
2018-06-11,109.77,109.78,109.775
2018-06-12,110.29,110.3,110.295
2018-06-13,110.56,110.57,110.565
2018-06-14,110.05,110.06,110.055
2018-06-15,110.86,110.87,110.865
2018-06-18,110.48,110.5,110.49
2018-06-19,109.6,109.61,109.605
2018-06-20,110.21,110.22,110.215
2018-06-21,110.68,110.69,110.685
2018-06-22,109.96,109.98,109.97
2018-06-25,109.44,109.45,109.445
2018-06-26,109.59,109.6,109.595
2018-06-27,109.88,109.89,109.885
2018-06-28,110.25,110.26,110.255
2018-06-29,110.69,110.7,110.695
2018-07-02,110.69,110.7,110.695
2018-07-03,110.97,110.98,110.975
2018-07-04,110.38,110.39,110.385
2018-07-05,110.66,110.68,110.67
2018-07-06,110.74,110.75,110.745
2018-07-09,110.45,110.46,110.455
2018-07-10,111.16,111.17,111.165
2018-07-11,111.06,111.07,111.065
2018-07-12,112.28,112.29,112.285
2018-07-13,112.57,112.58,112.575
2018-07-16,112.4,112.41,112.405
2018-07-17,112.4,112.41,112.405
2018-07-18,113.01,113.02,113.015
2018-07-19,112.79,112.8,112.795
2018-07-20,112.32,112.33,112.325
2018-07-23,110.98,110.99,110.985
2018-07-24,111.29,111.3,111.295
2018-07-25,111.2,111.21,111.205
2018-07-26,110.67,110.68,110.675
2018-07-27,111.09,111.1,111.095
2018-07-30,111.04,111.05,111.045
2018-07-31,111.25,111.26,111.255
2018-08-01,111.98,111.99,111.985
2018-08-02,111.56,111.57,111.565
2018-08-03,111.67,111.68,111.675
2018-08-06,111.31,111.33,111.32
2018-08-07,111.32,111.33,111.325
2018-08-08,111.26,111.28,111.27
2018-08-09,110.96,110.97,110.965
2018-08-10,110.98,110.99,110.985
2018-08-13,110.23,110.24,110.235
2018-08-14,110.85,110.86,110.855
2018-08-15,111.27,111.28,111.275
2018-08-16,110.85,110.87,110.86
2018-08-17,110.89,110.9,110.895
2018-08-20,110.59,110.6,110.595
2018-08-21,110.06,110.08,110.07
2018-08-22,110.41,110.42,110.415
2018-08-23,110.87,110.88,110.875
2018-08-24,111.37,111.39,111.38
2018-08-27,111.03,111.04,111.035
2018-08-28,111.23,111.24,111.235
2018-08-29,111.15,111.16,111.155
2018-08-30,111.65,111.66,111.655
2018-08-31,110.97,110.99,110.98
2018-09-03,110.9,110.91,110.905
2018-09-04,111.19,111.2,111.195
2018-09-05,111.49,111.5,111.495
2018-09-06,111.34,111.35,111.345
2018-09-07,110.58,110.59,110.585
2018-09-10,110.96,110.98,110.97
2018-09-11,111.44,111.45,111.445
2018-09-12,111.51,111.53,111.52
2018-09-13,111.43,111.44,111.435
2018-09-14,111.87,111.88,111.875
2018-09-17,111.96,111.97,111.965
2018-09-18,111.96,111.97,111.965
2018-09-19,112.27,112.28,112.275
2018-09-20,112.15,112.16,112.155
2018-09-21,112.75,112.76,112.755
2018-09-24,112.59,112.6,112.595
2018-09-25,112.84,112.86,112.85
2018-09-26,112.9,112.92,112.91
2018-09-27,112.64,112.65,112.645
2018-09-28,113.48,113.5,113.49
2018-10-01,113.91,113.92,113.915
2018-10-02,113.81,113.82,113.815
2018-10-03,113.72,113.73,113.725
2018-10-04,114.31,114.32,114.315
2018-10-05,113.87,113.89,113.88
2018-10-08,113.78,113.8,113.79
2018-10-09,113.09,113.1,113.095
2018-10-10,112.98,112.99,112.985
2018-10-11,112.11,112.12,112.115
2018-10-12,112.38,112.39,112.385
2018-10-15,111.93,111.94,111.935
2018-10-16,112.1,112.11,112.105
2018-10-17,112.21,112.22,112.215
2018-10-18,112.48,112.49,112.485
2018-10-19,112.45,112.46,112.455
2018-10-22,112.66,112.67,112.665
2018-10-23,112.48,112.49,112.485
2018-10-24,112.55,112.56,112.555
2018-10-25,111.93,111.94,111.935
2018-10-26,112.14,112.15,112.145
2018-10-29,111.95,111.96,111.955
2018-10-30,112.67,112.68,112.675
2018-10-31,113.26,113.27,113.265
2018-11-01,112.88,112.89,112.885
2018-11-02,112.98,112.99,112.985
2018-11-05,113.25,113.26,113.255
2018-11-06,113.32,113.33,113.325
2018-11-07,113.14,113.15,113.145
2018-11-08,113.64,113.65,113.645
2018-11-09,113.91,113.92,113.915
2018-11-12,114.04,114.05,114.045
2018-11-13,113.98,113.99,113.985
2018-11-14,113.9,113.91,113.905
2018-11-15,113.52,113.53,113.525
2018-11-16,113.33,113.35,113.34
2018-11-19,112.81,112.82,112.815
2018-11-20,112.54,112.55,112.545
2018-11-21,112.84,112.85,112.845
2018-11-22,113.02,113.03,113.025
2018-11-23,112.84,112.85,112.845
2018-11-26,113.2,113.21,113.205
2018-11-27,113.46,113.47,113.465
2018-11-28,113.88,113.89,113.885
2018-11-29,113.24,113.25,113.245
2018-11-30,113.39,113.4,113.395
2018-12-03,113.49,113.5,113.495
2018-12-04,113.13,113.14,113.135
2018-12-05,113.05,113.06,113.055
2018-12-06,112.73,112.75,112.74
2018-12-07,112.91,112.93,112.92
2018-12-10,112.45,112.47,112.46
2018-12-11,113.09,113.1,113.095
2018-12-12,113.43,113.44,113.435
2018-12-13,113.46,113.47,113.465
2018-12-14,113.46,113.47,113.465
2018-12-17,113.47,113.49,113.48
2018-12-18,112.59,112.6,112.595
2018-12-19,112.35,112.36,112.355
2018-12-20,112.07,112.08,112.075
2018-12-21,111.43,111.44,111.435
2018-12-24,111.11,111.12,111.115
2018-12-26,110.44,110.45,110.445
2018-12-27,111.21,111.22,111.215
2018-12-28,110.63,110.64,110.635
2018-12-31,110.39,110.4,110.395
2019-01-02,109.3,109.32,109.31
2019-01-03,106.95,106.96,106.955
2019-01-04,108.24,108.25,108.245
2019-01-07,108.17,108.18,108.175
2019-01-08,108.79,108.81,108.8
2019-01-09,108.84,108.85,108.845
2019-01-10,107.91,107.93,107.92
2019-01-11,108.3,108.31,108.305
2019-01-14,108.1,108.11,108.105
2019-01-15,108.71,108.72,108.715
2019-01-16,108.48,108.49,108.485
2019-01-17,108.95,108.96,108.955
2019-01-18,109.36,109.37,109.365
2019-01-21,109.54,109.55,109.545
2019-01-22,109.42,109.43,109.425
2019-01-23,109.62,109.63,109.625
2019-01-24,109.61,109.62,109.615
2019-01-25,109.79,109.8,109.795
2019-01-28,109.3,109.31,109.305
2019-01-29,109.31,109.32,109.315
2019-01-30,109.27,109.28,109.275
2019-01-31,108.73,108.74,108.735
2019-02-01,108.89,108.9,108.895
2019-02-04,109.74,109.75,109.745
2019-02-05,109.8,109.81,109.805
2019-02-06,109.76,109.77,109.765
2019-02-07,109.94,109.95,109.945
2019-02-08,109.74,109.75,109.745
2019-02-11,109.97,109.99,109.98
2019-02-12,110.58,110.59,110.585
2019-02-13,110.62,110.63,110.625
2019-02-14,111.02,111.03,111.025
2019-02-15,110.33,110.34,110.335
2019-02-18,110.52,110.54,110.53
2019-02-19,110.62,110.63,110.625
2019-02-20,110.86,110.87,110.865
2019-02-21,110.73,110.74,110.735
2019-02-22,110.76,110.77,110.765
2019-02-25,110.62,110.64,110.63
2019-02-26,110.77,110.78,110.775
2019-02-27,110.56,110.57,110.565
2019-02-28,110.81,110.82,110.815
2019-03-01,111.71,111.72,111.715
2019-03-04,111.95,111.97,111.96
2019-03-05,111.9,111.91,111.905
2019-03-06,111.8,111.81,111.805
2019-03-07,111.7,111.72,111.71
2019-03-08,111.06,111.07,111.065
2019-03-11,111.11,111.13,111.12
2019-03-12,111.33,111.34,111.335
2019-03-13,111.32,111.33,111.325
2019-03-14,111.56,111.58,111.57
2019-03-15,111.65,111.66,111.655
2019-03-18,111.56,111.57,111.565
2019-03-19,111.26,111.27,111.265
2019-03-20,111.52,111.54,111.53
2019-03-21,110.52,110.53,110.525
2019-03-22,110.8,110.81,110.805
2019-03-25,109.98,109.99,109.985
2019-03-26,110.13,110.14,110.135
2019-03-27,110.6,110.61,110.605
2019-03-28,110.07,110.08,110.075
2019-03-29,110.73,110.74,110.735
2019-04-01,111.03,111.04,111.035
2019-04-02,111.33,111.34,111.335
2019-04-03,111.38,111.39,111.385
2019-04-04,111.42,111.43,111.425
2019-04-05,111.67,111.69,111.68
2019-04-08,111.41,111.42,111.415
2019-04-09,111.33,111.34,111.335
2019-04-10,111.16,111.17,111.165
2019-04-11,111.06,111.07,111.065
2019-04-12,111.78,111.79,111.785
2019-04-15,111.91,111.92,111.915
2019-04-16,111.92,111.93,111.925
2019-04-17,111.99,112.0,111.995
2019-04-18,111.86,111.87,111.865
2019-04-22,111.93,111.94,111.935
2019-04-23,111.9,111.92,111.91
2019-04-24,111.83,111.84,111.835
2019-04-25,111.94,111.95,111.945
2019-04-26,111.67,111.68,111.675
2019-04-29,111.62,111.63,111.625
2019-04-30,111.51,111.53,111.52
2019-05-01,111.47,111.48,111.475
2019-05-02,111.55,111.56,111.555
2019-05-03,111.48,111.49,111.485
2019-05-06,110.77,110.79,110.78
2019-05-07,110.62,110.63,110.625
2019-05-08,110.04,110.06,110.05
2019-05-09,109.92,109.94,109.93
2019-05-10,109.73,109.75,109.74
2019-05-13,109.74,109.75,109.745
2019-05-14,109.64,109.65,109.645
2019-05-15,109.67,109.68,109.675
2019-05-16,109.47,109.48,109.475
2019-05-17,109.63,109.64,109.635
2019-05-20,110.13,110.15,110.14
2019-05-21,110.15,110.17,110.16
2019-05-22,110.44,110.45,110.445
2019-05-23,110.29,110.3,110.295
2019-05-24,109.6,109.61,109.605
2019-05-27,109.48,109.49,109.485
2019-05-28,109.53,109.54,109.535
2019-05-29,109.25,109.26,109.255
2019-05-30,109.7,109.71,109.705
2019-05-31,108.92,108.93,108.925
2019-06-03,108.2,108.21,108.205
2019-06-04,107.9,107.91,107.905
2019-06-05,108.06,108.07,108.065
2019-06-06,108.13,108.15,108.14
2019-06-07,108.43,108.45,108.44
2019-06-10,108.64,108.65,108.645
2019-06-11,108.59,108.6,108.595
2019-06-12,108.41,108.42,108.415
2019-06-13,108.33,108.35,108.34
2019-06-14,108.33,108.34,108.335
2019-06-17,108.63,108.64,108.635
2019-06-18,108.28,108.29,108.285
2019-06-19,108.33,108.34,108.335
2019-06-20,107.64,107.65,107.645
2019-06-21,107.21,107.22,107.215
2019-06-24,107.45,107.47,107.46
2019-06-25,107.03,107.04,107.035
2019-06-26,107.45,107.46,107.455
2019-06-27,108.06,108.07,108.065
2019-06-28,107.69,107.7,107.695
2019-07-01,108.32,108.33,108.325
2019-07-02,108.35,108.36,108.355
2019-07-03,107.68,107.69,107.685
2019-07-04,107.81,107.82,107.815
2019-07-05,107.87,107.89,107.88
2019-07-08,108.29,108.3,108.295
2019-07-09,108.76,108.77,108.765
2019-07-10,108.86,108.87,108.865
2019-07-11,107.99,108.0,107.995
2019-07-12,108.32,108.33,108.325
2019-07-15,108.01,108.02,108.015
2019-07-16,108.02,108.03,108.025
2019-07-17,108.22,108.23,108.225
2019-07-18,107.68,107.69,107.685
2019-07-19,107.64,107.65,107.645
2019-07-22,107.96,107.98,107.97
2019-07-23,108.18,108.19,108.185
2019-07-24,108.12,108.13,108.125
2019-07-25,108.11,108.12,108.115
2019-07-26,108.64,108.65,108.645
2019-07-29,108.61,108.62,108.615
2019-07-30,108.61,108.62,108.615
2019-07-31,108.55,108.56,108.555
2019-08-01,109.18,109.2,109.19
2019-08-02,107.1,107.12,107.11
2019-08-05,105.94,105.95,105.945
2019-08-06,106.69,106.7,106.695
2019-08-07,106.2,106.21,106.205
2019-08-08,106.12,106.13,106.125
2019-08-09,105.91,105.92,105.915
2019-08-12,105.41,105.43,105.42
2019-08-13,105.39,105.4,105.395
2019-08-14,106.44,106.45,106.445
2019-08-15,105.9,105.91,105.905
2019-08-16,106.11,106.12,106.115
2019-08-19,106.38,106.4,106.39
2019-08-20,106.54,106.55,106.545
2019-08-21,106.5,106.51,106.505
2019-08-22,106.43,106.44,106.435
2019-08-23,106.62,106.63,106.625
2019-08-26,105.24,105.25,105.245
2019-08-27,105.69,105.7,105.695
2019-08-28,105.84,105.85,105.845
2019-08-29,105.87,105.88,105.875
2019-08-30,106.37,106.38,106.375
2019-09-02,106.2,106.21,106.205
2019-09-03,106.24,106.25,106.245
2019-09-04,106.05,106.06,106.055
2019-09-05,106.58,106.59,106.585
2019-09-06,107.01,107.02,107.015
2019-09-09,106.86,106.87,106.865
2019-09-10,107.36,107.37,107.365
2019-09-11,107.8,107.81,107.805
2019-09-12,107.99,108.01,108.0
2019-09-13,108.1,108.11,108.105
2019-09-16,107.86,107.87,107.865
2019-09-17,108.17,108.18,108.175
2019-09-18,108.21,108.22,108.215
2019-09-19,107.92,107.93,107.925
2019-09-20,107.85,107.86,107.855
2019-09-23,107.71,107.72,107.715
2019-09-24,107.59,107.6,107.595
2019-09-25,107.33,107.34,107.335
2019-09-26,107.66,107.67,107.665
2019-09-27,107.74,107.75,107.745
2019-09-30,107.76,107.77,107.765
2019-10-01,108.19,108.2,108.195
2019-10-02,107.79,107.8,107.795
2019-10-03,107.13,107.15,107.14
2019-10-04,106.82,106.84,106.83
2019-10-07,106.88,106.89,106.885
2019-10-08,107.4,107.41,107.405
2019-10-09,107.18,107.19,107.185
2019-10-10,107.49,107.5,107.495
2019-10-11,108.0,108.02,108.01
2019-10-14,108.26,108.27,108.265
2019-10-15,108.32,108.33,108.325
2019-10-16,108.65,108.66,108.655
2019-10-17,108.73,108.75,108.74
2019-10-18,108.53,108.54,108.535
2019-10-21,108.49,108.5,108.495
2019-10-22,108.6,108.61,108.605
2019-10-23,108.36,108.37,108.365
2019-10-24,108.61,108.62,108.615
2019-10-25,108.67,108.68,108.675
2019-10-28,108.73,108.74,108.735
2019-10-29,108.98,108.99,108.985
2019-10-30,108.84,108.85,108.845
2019-10-31,108.68,108.7,108.69
2019-11-01,107.98,107.99,107.985
2019-11-04,108.24,108.25,108.245
2019-11-05,108.77,108.78,108.775
2019-11-06,109.06,109.07,109.065
2019-11-07,108.75,108.76,108.755
2019-11-08,109.25,109.26,109.255
2019-11-11,109.02,109.03,109.025
2019-11-12,109.19,109.2,109.195
2019-11-13,109.09,109.1,109.095
2019-11-14,108.73,108.74,108.735
2019-11-15,108.58,108.6,108.59
2019-11-18,108.82,108.83,108.825
2019-11-19,108.62,108.63,108.625
2019-11-20,108.52,108.53,108.525
2019-11-21,108.57,108.58,108.575
2019-11-22,108.61,108.63,108.62
2019-11-25,108.85,108.86,108.855
2019-11-26,108.96,108.97,108.965
2019-11-27,109.15,109.16,109.155
2019-11-28,109.42,109.43,109.425
2019-11-29,109.47,109.48,109.475
2019-12-02,109.62,109.63,109.625
2019-12-03,109.18,109.19,109.185
2019-12-04,108.59,108.61,108.6
2019-12-05,108.78,108.79,108.785
2019-12-06,108.66,108.68,108.67
2019-12-09,108.57,108.58,108.575
2019-12-10,108.62,108.63,108.625
2019-12-11,108.75,108.77,108.76
2019-12-12,108.59,108.6,108.595
2019-12-13,109.57,109.58,109.575
2019-12-16,109.38,109.4,109.39
2019-12-17,109.57,109.58,109.575
2019-12-18,109.46,109.47,109.465
2019-12-19,109.57,109.59,109.58
2019-12-20,109.32,109.33,109.325
2019-12-23,109.42,109.43,109.425
