,SPBDUB3T Index,SBMMTB3 Index
,PX_LAST,PX_LAST
date,,
2013-01-01,215.737,622.056
2013-01-02,215.732,622.0583
2013-01-03,215.732,622.0595
2013-01-04,215.734,622.0607
2013-01-05,215.734,622.0607
2013-01-06,215.734,622.0607
2013-01-07,215.734,622.0641
2013-01-08,215.735,622.0652
2013-01-09,215.737,622.0664
2013-01-10,215.735,622.0676
2013-01-11,215.735,622.0687
2013-01-12,215.735,622.0687
2013-01-13,215.735,622.0687
2013-01-14,215.732,622.0722
2013-01-15,215.728,622.0734
2013-01-16,215.731,622.0745
2013-01-17,215.733,622.0756
2013-01-18,215.737,622.0768
2013-01-19,215.737,622.0768
2013-01-20,215.737,622.0768
2013-01-21,215.737,622.0803
2013-01-22,215.739,622.0814
2013-01-23,215.739,622.0826
2013-01-24,215.738,622.0837
2013-01-25,215.741,622.0848
2013-01-26,215.741,622.0848
2013-01-27,215.741,622.0848
2013-01-28,215.743,622.0883
2013-01-29,215.744,622.0895
2013-01-30,215.743,622.0906
2013-01-31,215.743,622.0918
2013-02-01,215.744,622.0928
2013-02-02,215.744,622.0928
2013-02-03,215.744,622.0928
2013-02-04,215.744,622.0958
2013-02-05,215.744,622.0968
2013-02-06,215.744,622.0978
2013-02-07,215.745,622.0988
2013-02-08,215.745,622.0999
2013-02-09,215.745,622.0999
2013-02-10,215.745,622.0999
2013-02-11,215.743,622.1028
2013-02-12,215.743,622.1039
2013-02-13,215.74,622.1049
2013-02-14,215.737,622.1059
2013-02-15,215.741,622.1069
2013-02-16,215.741,622.1069
2013-02-17,215.741,622.1069
2013-02-18,215.741,622.1099
2013-02-19,215.739,622.1109
2013-02-20,215.74,622.1119
2013-02-21,215.74,622.1129
2013-02-22,215.742,622.114
2013-02-23,215.742,622.114
2013-02-24,215.742,622.114
2013-02-25,215.744,622.1169
2013-02-26,215.746,622.118
2013-02-27,215.747,622.119
2013-02-28,215.749,622.12
2013-03-01,215.751,622.1212
2013-03-02,215.751,622.1212
2013-03-03,215.751,622.1212
2013-03-04,215.753,622.1248
2013-03-05,215.754,622.126
2013-03-06,215.753,622.1273
2013-03-07,215.752,622.1285
2013-03-08,215.755,622.1297
2013-03-09,215.755,622.1297
2013-03-10,215.755,622.1297
2013-03-11,215.755,622.1333
2013-03-12,215.755,622.1345
2013-03-13,215.758,622.1357
2013-03-14,215.759,622.1369
2013-03-15,215.762,622.1381
2013-03-16,215.762,622.1381
2013-03-17,215.762,622.1381
2013-03-18,215.762,622.1418
2013-03-19,215.763,622.143
2013-03-20,215.764,622.1442
2013-03-21,215.764,622.1454
2013-03-22,215.766,622.1466
2013-03-23,215.766,622.1466
2013-03-24,215.766,622.1466
2013-03-25,215.766,622.1502
2013-03-26,215.766,622.1514
2013-03-27,215.766,622.1526
2013-03-28,215.769,622.1539
2013-03-29,215.769,622.1575
2013-03-30,215.769,622.1575
2013-03-31,215.769,622.1575
2013-04-01,215.768,622.1589
2013-04-02,215.769,622.1603
2013-04-03,215.77,622.1616
2013-04-04,215.77,622.163
2013-04-05,215.773,622.1644
2013-04-06,215.773,622.1644
2013-04-07,215.773,622.1644
2013-04-08,215.772,622.1686
2013-04-09,215.771,622.1699
2013-04-10,215.771,622.1713
2013-04-11,215.773,622.1727
2013-04-12,215.776,622.1741
2013-04-13,215.776,622.1741
2013-04-14,215.776,622.1741
2013-04-15,215.777,622.1782
2013-04-16,215.777,622.1796
2013-04-17,215.778,622.181
2013-04-18,215.78,622.1824
2013-04-19,215.779,622.1838
2013-04-20,215.779,622.1838
2013-04-21,215.779,622.1838
2013-04-22,215.779,622.1879
2013-04-23,215.779,622.1893
2013-04-24,215.779,622.1907
2013-04-25,215.78,622.1921
2013-04-26,215.781,622.1934
2013-04-27,215.781,622.1934
2013-04-28,215.781,622.1934
2013-04-29,215.782,622.1976
2013-04-30,215.783,622.199
2013-05-01,215.782,622.2003
2013-05-02,215.784,622.2015
2013-05-03,215.785,622.2028
2013-05-04,215.785,622.2028
2013-05-05,215.785,622.2028
2013-05-06,215.788,622.2066
2013-05-07,215.788,622.2078
2013-05-08,215.787,622.2091
2013-05-09,215.787,622.2104
2013-05-10,215.787,622.2117
2013-05-11,215.787,622.2117
2013-05-12,215.787,622.2117
2013-05-13,215.787,622.2155
2013-05-14,215.787,622.2167
2013-05-15,215.788,622.218
2013-05-16,215.791,622.2192
2013-05-17,215.79,622.2205
2013-05-18,215.79,622.2205
2013-05-19,215.79,622.2205
2013-05-20,215.788,622.2243
2013-05-21,215.789,622.2256
2013-05-22,215.79,622.2269
2013-05-23,215.79,622.2281
2013-05-24,215.79,622.2294
2013-05-25,215.79,622.2294
2013-05-26,215.79,622.2294
2013-05-27,215.79,622.2332
2013-05-28,215.79,622.2344
2013-05-29,215.79,622.2357
2013-05-30,215.792,622.237
2013-05-31,215.791,622.2383
2013-06-01,215.791,622.2383
2013-06-02,215.791,622.2383
2013-06-03,215.79,622.2408
2013-06-04,215.789,622.2417
2013-06-05,215.79,622.2426
2013-06-06,215.789,622.2435
2013-06-07,215.791,622.2443
2013-06-08,215.791,622.2443
2013-06-09,215.791,622.2443
2013-06-10,215.79,622.2469
2013-06-11,215.79,622.2477
2013-06-12,215.79,622.2487
2013-06-13,215.791,622.2495
2013-06-14,215.792,622.2504
2013-06-15,215.792,622.2504
2013-06-16,215.792,622.2504
2013-06-17,215.792,622.2529
2013-06-18,215.792,622.2538
2013-06-19,215.793,622.2547
2013-06-20,215.795,622.2556
2013-06-21,215.796,622.2564
2013-06-22,215.796,622.2564
2013-06-23,215.796,622.2564
2013-06-24,215.795,622.259
2013-06-25,215.795,622.2599
2013-06-26,215.795,622.2607
2013-06-27,215.798,622.2616
2013-06-28,215.798,622.2642
2013-06-29,215.798,622.2642
2013-06-30,215.798,622.2642
2013-07-01,215.803,622.2649
2013-07-02,215.801,622.2656
2013-07-03,215.8,622.2662
2013-07-04,215.8,622.267
2013-07-05,215.8,622.2676
2013-07-06,215.8,622.2676
2013-07-07,215.8,622.2676
2013-07-08,215.801,622.2697
2013-07-09,215.801,622.2704
2013-07-10,215.801,622.2711
2013-07-11,215.802,622.2718
2013-07-12,215.8,622.2725
2013-07-13,215.8,622.2725
2013-07-14,215.8,622.2725
2013-07-15,215.802,622.2745
2013-07-16,215.803,622.2753
2013-07-17,215.804,622.2759
2013-07-18,215.804,622.2766
2013-07-19,215.805,622.2773
2013-07-20,215.805,622.2773
2013-07-21,215.805,622.2773
2013-07-22,215.806,622.2794
2013-07-23,215.806,622.2801
2013-07-24,215.805,622.2808
2013-07-25,215.806,622.2815
2013-07-26,215.806,622.2822
2013-07-27,215.806,622.2822
2013-07-28,215.806,622.2822
2013-07-29,215.805,622.2842
2013-07-30,215.805,622.2849
2013-07-31,215.804,622.2856
2013-08-01,215.804,622.2863
2013-08-02,215.805,622.2869
2013-08-03,215.805,622.2869
2013-08-04,215.805,622.2869
2013-08-05,215.802,622.2888
2013-08-06,215.802,622.2895
2013-08-07,215.802,622.2901
2013-08-08,215.802,622.2907
2013-08-09,215.803,622.2914
2013-08-10,215.803,622.2914
2013-08-11,215.803,622.2914
2013-08-12,215.802,622.2933
2013-08-13,215.803,622.2939
2013-08-14,215.803,622.2946
2013-08-15,215.803,622.2952
2013-08-16,215.805,622.2958
2013-08-17,215.805,622.2958
2013-08-18,215.805,622.2958
2013-08-19,215.805,622.2978
2013-08-20,215.807,622.2984
2013-08-21,215.809,622.2991
2013-08-22,215.811,622.2997
2013-08-23,215.811,622.3004
2013-08-24,215.811,622.3004
2013-08-25,215.811,622.3004
2013-08-26,215.811,622.3022
2013-08-27,215.811,622.3029
2013-08-28,215.812,622.3035
2013-08-29,215.812,622.3042
2013-08-30,215.813,622.3054
2013-08-31,215.813,622.3054
2013-09-01,215.813,622.3054
2013-09-02,215.813,622.3066
2013-09-03,215.812,622.3072
2013-09-04,215.813,622.3078
2013-09-05,215.813,622.3083
2013-09-06,215.814,622.309
2013-09-07,215.814,622.309
2013-09-08,215.814,622.309
2013-09-09,215.814,622.3107
2013-09-10,215.814,622.3113
2013-09-11,215.813,622.3118
2013-09-12,215.814,622.3124
2013-09-13,215.814,622.313
2013-09-14,215.814,622.313
2013-09-15,215.814,622.313
2013-09-16,215.815,622.3148
2013-09-17,215.815,622.3154
2013-09-18,215.816,622.3159
2013-09-19,215.817,622.3165
2013-09-20,215.815,622.3171
2013-09-21,215.815,622.3171
2013-09-22,215.815,622.3171
2013-09-23,215.814,622.3188
2013-09-24,215.815,622.3194
2013-09-25,215.815,622.32
2013-09-26,215.815,622.3206
2013-09-27,215.814,622.3212
2013-09-28,215.814,622.3212
2013-09-29,215.814,622.3212
2013-09-30,215.814,622.3229
2013-10-01,215.81,622.3234
2013-10-02,215.813,622.3238
2013-10-03,215.808,622.3242
2013-10-04,215.808,622.3246
2013-10-05,215.808,622.3246
2013-10-06,215.808,622.3246
2013-10-07,215.806,622.326
2013-10-08,215.798,622.3264
2013-10-09,215.795,622.3268
2013-10-10,215.789,622.3273
2013-10-11,215.788,622.3277
2013-10-12,215.788,622.3277
2013-10-13,215.788,622.3277
2013-10-14,215.788,622.329
2013-10-15,215.786,622.3295
2013-10-16,215.801,622.3299
2013-10-17,215.819,622.3304
2013-10-18,215.822,622.3308
2013-10-19,215.822,622.3308
2013-10-20,215.822,622.3308
2013-10-21,215.821,622.3321
2013-10-22,215.822,622.3325
2013-10-23,215.823,622.333
2013-10-24,215.822,622.3334
2013-10-25,215.822,622.3339
2013-10-26,215.822,622.3339
2013-10-27,215.822,622.3339
2013-10-28,215.822,622.3351
2013-10-29,215.819,622.3356
2013-10-30,215.82,622.3361
2013-10-31,215.821,622.3365
2013-11-01,215.821,622.3369
2013-11-02,215.821,622.3369
2013-11-03,215.821,622.3369
2013-11-04,215.821,622.3381
2013-11-05,215.82,622.3385
2013-11-06,215.821,622.3389
2013-11-07,215.821,622.3393
2013-11-08,215.822,622.3397
2013-11-09,215.822,622.3397
2013-11-10,215.822,622.3397
2013-11-11,215.822,622.3409
2013-11-12,215.82,622.3413
2013-11-13,215.82,622.3417
2013-11-14,215.82,622.3422
2013-11-15,215.822,622.3425
2013-11-16,215.822,622.3425
2013-11-17,215.822,622.3425
2013-11-18,215.823,622.3438
2013-11-19,215.823,622.3442
2013-11-20,215.825,622.3445
2013-11-21,215.827,622.345
2013-11-22,215.827,622.3453
2013-11-23,215.827,622.3453
2013-11-24,215.827,622.3453
2013-11-25,215.827,622.3466
2013-11-26,215.828,622.347
2013-11-27,215.83,622.3474
2013-11-28,215.83,622.3478
2013-11-29,215.832,622.3486
2013-11-30,215.832,622.3486
2013-12-01,215.832,622.3486
2013-12-02,215.832,622.3498
2013-12-03,215.834,622.3504
2013-12-04,215.834,622.351
2013-12-05,215.834,622.3516
2013-12-06,215.835,622.3522
2013-12-07,215.835,622.3522
2013-12-08,215.835,622.3522
2013-12-09,215.834,622.3541
2013-12-10,215.834,622.3547
2013-12-11,215.835,622.3553
2013-12-12,215.836,622.3559
2013-12-13,215.837,622.3565
2013-12-14,215.837,622.3565
2013-12-15,215.837,622.3565
2013-12-16,215.837,622.3583
2013-12-17,215.837,622.3589
2013-12-18,215.837,622.3596
2013-12-19,215.838,622.3602
2013-12-20,215.838,622.3608
2013-12-21,215.838,622.3608
2013-12-22,215.838,622.3608
2013-12-23,215.838,622.3626
2013-12-24,215.838,622.3632
2013-12-25,215.838,622.3632
2013-12-26,215.838,622.3644
2013-12-27,215.84,622.3651
2013-12-28,215.84,622.3651
2013-12-29,215.84,622.3651
2013-12-30,215.84,622.3669
2013-12-31,215.84,622.3676
2014-01-01,215.84,622.3676
2014-01-02,215.84,622.3694
2014-01-03,215.841,622.3704
2014-01-04,215.841,622.3704
2014-01-05,215.841,622.3704
2014-01-06,215.842,622.3733
2014-01-07,215.842,622.3743
2014-01-08,215.842,622.3752
2014-01-09,215.843,622.3762
2014-01-10,215.844,622.3771
2014-01-11,215.844,622.3771
2014-01-12,215.844,622.3771
2014-01-13,215.845,622.38
2014-01-14,215.845,622.381
2014-01-15,215.845,622.382
2014-01-16,215.846,622.3829
2014-01-17,215.846,622.3839
2014-01-18,215.846,622.3839
2014-01-19,215.846,622.3839
2014-01-20,215.846,622.3868
2014-01-21,215.846,622.3878
2014-01-22,215.847,622.3887
2014-01-23,215.846,622.3896
2014-01-24,215.841,622.3906
2014-01-25,215.841,622.3906
2014-01-26,215.841,622.3906
2014-01-27,215.84,622.3935
2014-01-28,215.84,622.3945
2014-01-29,215.846,622.3954
2014-01-30,215.848,622.3964
2014-01-31,215.846,622.3973
2014-02-01,215.846,622.3973
2014-02-02,215.846,622.3973
2014-02-03,215.843,622.3999
2014-02-04,215.843,622.4008
2014-02-05,215.844,622.4016
2014-02-06,215.842,622.4025
2014-02-07,215.838,622.4033
2014-02-08,215.838,622.4033
2014-02-09,215.838,622.4033
2014-02-10,215.844,622.4058
2014-02-11,215.847,622.4067
2014-02-12,215.85,622.4075
2014-02-13,215.852,622.4084
2014-02-14,215.851,622.4092
2014-02-15,215.851,622.4092
2014-02-16,215.851,622.4092
2014-02-17,215.851,622.4117
2014-02-18,215.85,622.4126
2014-02-19,215.85,622.4135
2014-02-20,215.852,622.4143
2014-02-21,215.853,622.4152
2014-02-22,215.853,622.4152
2014-02-23,215.853,622.4152
2014-02-24,215.852,622.4177
2014-02-25,215.851,622.4185
2014-02-26,215.852,622.4194
2014-02-27,215.853,622.4202
2014-02-28,215.852,622.4211
2014-03-01,215.852,622.4211
2014-03-02,215.852,622.4211
2014-03-03,215.851,622.4235
2014-03-04,215.85,622.4243
2014-03-05,215.851,622.425
2014-03-06,215.851,622.4258
2014-03-07,215.852,622.4266
2014-03-08,215.852,622.4266
2014-03-09,215.852,622.4266
2014-03-10,215.852,622.429
2014-03-11,215.854,622.4297
2014-03-12,215.854,622.4305
2014-03-13,215.854,622.4313
2014-03-14,215.855,622.4321
2014-03-15,215.855,622.4321
2014-03-16,215.855,622.4321
2014-03-17,215.854,622.4345
2014-03-18,215.854,622.4353
2014-03-19,215.854,622.4361
2014-03-20,215.855,622.4369
2014-03-21,215.859,622.4377
2014-03-22,215.859,622.4377
2014-03-23,215.859,622.4377
2014-03-24,215.859,622.4401
2014-03-25,215.86,622.4408
2014-03-26,215.861,622.4416
2014-03-27,215.863,622.4424
2014-03-28,215.863,622.4432
2014-03-29,215.863,622.4432
2014-03-30,215.863,622.4432
2014-03-31,215.863,622.4456
2014-04-01,215.864,622.4462
2014-04-02,215.865,622.4467
2014-04-03,215.864,622.4473
2014-04-04,215.864,622.4479
2014-04-05,215.864,622.4479
2014-04-06,215.864,622.4479
2014-04-07,215.863,622.4496
2014-04-08,215.863,622.4502
2014-04-09,215.863,622.4508
2014-04-10,215.864,622.4514
2014-04-11,215.864,622.452
2014-04-12,215.864,622.452
2014-04-13,215.864,622.452
2014-04-14,215.864,622.4537
2014-04-15,215.865,622.4543
2014-04-16,215.865,622.4549
2014-04-17,215.867,622.4554
2014-04-18,215.867,622.4561
2014-04-19,215.867,622.4561
2014-04-20,215.867,622.4561
2014-04-21,215.867,622.4578
2014-04-22,215.868,622.4584
2014-04-23,215.868,622.4589
2014-04-24,215.869,622.4595
2014-04-25,215.869,622.4601
2014-04-26,215.869,622.4601
2014-04-27,215.869,622.4601
2014-04-28,215.869,622.4619
2014-04-29,215.869,622.4625
2014-04-30,215.868,622.463
2014-05-01,215.868,622.4637
2014-05-02,215.869,622.4643
2014-05-03,215.869,622.4643
2014-05-04,215.869,622.4643
2014-05-05,215.869,622.4662
2014-05-06,215.869,622.4669
2014-05-07,215.869,622.4675
2014-05-08,215.869,622.4681
2014-05-09,215.869,622.4688
2014-05-10,215.869,622.4688
2014-05-11,215.869,622.4688
2014-05-12,215.869,622.4707
2014-05-13,215.869,622.4713
2014-05-14,215.869,622.472
2014-05-15,215.871,622.4727
2014-05-16,215.872,622.4733
2014-05-17,215.872,622.4733
2014-05-18,215.872,622.4733
2014-05-19,215.871,622.4752
2014-05-20,215.87,622.4758
2014-05-21,215.87,622.4764
2014-05-22,215.87,622.4771
2014-05-23,215.87,622.4777
2014-05-24,215.87,622.4777
2014-05-25,215.87,622.4777
2014-05-26,215.87,622.4797
2014-05-27,215.87,622.4803
2014-05-28,215.87,622.481
2014-05-29,215.869,622.4816
2014-05-30,215.87,622.4828
2014-05-31,215.87,622.4828
2014-06-01,215.87,622.4828
2014-06-02,215.87,622.4839
2014-06-03,215.869,622.4845
2014-06-04,215.87,622.485
2014-06-05,215.872,622.4856
2014-06-06,215.872,622.4861
2014-06-07,215.872,622.4861
2014-06-08,215.872,622.4861
2014-06-09,215.872,622.4878
2014-06-10,215.872,622.4883
2014-06-11,215.872,622.4889
2014-06-12,215.872,622.4894
2014-06-13,215.873,622.49
2014-06-14,215.873,622.49
2014-06-15,215.873,622.49
2014-06-16,215.873,622.4916
2014-06-17,215.873,622.4922
2014-06-18,215.875,622.4927
2014-06-19,215.877,622.4933
2014-06-20,215.877,622.4938
2014-06-21,215.877,622.4938
2014-06-22,215.877,622.4938
2014-06-23,215.878,622.4954
2014-06-24,215.878,622.496
2014-06-25,215.879,622.4965
2014-06-26,215.878,622.4971
2014-06-27,215.878,622.4976
2014-06-28,215.878,622.4976
2014-06-29,215.878,622.4976
2014-06-30,215.877,622.4993
2014-07-01,215.878,622.4998
2014-07-02,215.879,622.5003
2014-07-03,215.879,622.5008
2014-07-04,215.879,622.5013
2014-07-05,215.879,622.5013
2014-07-06,215.879,622.5013
2014-07-07,215.878,622.5028
2014-07-08,215.878,622.5034
2014-07-09,215.878,622.5038
2014-07-10,215.879,622.5043
2014-07-11,215.879,622.5049
2014-07-12,215.879,622.5049
2014-07-13,215.879,622.5049
2014-07-14,215.878,622.5064
2014-07-15,215.879,622.5069
2014-07-16,215.88,622.5074
2014-07-17,215.88,622.5079
2014-07-18,215.88,622.5084
2014-07-19,215.88,622.5084
2014-07-20,215.88,622.5084
2014-07-21,215.88,622.5099
2014-07-22,215.879,622.5104
2014-07-23,215.88,622.5109
2014-07-24,215.88,622.5115
2014-07-25,215.879,622.512
2014-07-26,215.879,622.512
2014-07-27,215.879,622.512
2014-07-28,215.879,622.5135
2014-07-29,215.879,622.514
2014-07-30,215.879,622.5145
2014-07-31,215.881,622.515
2014-08-01,215.881,622.5156
2014-08-02,215.881,622.5156
2014-08-03,215.881,622.5156
2014-08-04,215.882,622.5171
2014-08-05,215.882,622.5176
2014-08-06,215.882,622.5182
2014-08-07,215.882,622.5187
2014-08-08,215.883,622.5192
2014-08-09,215.883,622.5192
2014-08-10,215.883,622.5192
2014-08-11,215.882,622.5208
2014-08-12,215.881,622.5213
2014-08-13,215.881,622.5219
2014-08-14,215.881,622.5223
2014-08-15,215.882,622.5229
2014-08-16,215.882,622.5229
2014-08-17,215.882,622.5229
2014-08-18,215.882,622.5245
2014-08-19,215.882,622.525
2014-08-20,215.882,622.5255
2014-08-21,215.885,622.526
2014-08-22,215.885,622.5266
2014-08-23,215.885,622.5266
2014-08-24,215.885,622.5266
2014-08-25,215.884,622.5281
2014-08-26,215.885,622.5286
2014-08-27,215.886,622.5292
2014-08-28,215.886,622.5297
2014-08-29,215.885,622.5313
2014-08-30,215.885,622.5313
2014-08-31,215.885,622.5313
2014-09-01,215.885,622.5317
2014-09-02,215.886,622.5322
2014-09-03,215.886,622.5327
2014-09-04,215.886,622.5331
2014-09-05,215.886,622.5336
2014-09-06,215.886,622.5336
2014-09-07,215.886,622.5336
2014-09-08,215.887,622.535
2014-09-09,215.887,622.5355
2014-09-10,215.887,622.5359
2014-09-11,215.888,622.5364
2014-09-12,215.888,622.5369
2014-09-13,215.888,622.5369
2014-09-14,215.888,622.5369
2014-09-15,215.889,622.5383
2014-09-16,215.889,622.5388
2014-09-17,215.889,622.5392
2014-09-18,215.89,622.5397
2014-09-19,215.89,622.5402
2014-09-20,215.89,622.5402
2014-09-21,215.89,622.5402
2014-09-22,215.89,622.5416
2014-09-23,215.889,622.542
2014-09-24,215.89,622.5425
2014-09-25,215.89,622.543
2014-09-26,215.889,622.5434
2014-09-27,215.889,622.5434
2014-09-28,215.889,622.5434
2014-09-29,215.89,622.5448
2014-09-30,215.887,622.5453
2014-10-01,215.888,622.5457
2014-10-02,215.888,622.5461
2014-10-03,215.887,622.5466
2014-10-04,215.887,622.5466
2014-10-05,215.887,622.5466
2014-10-06,215.888,622.5478
2014-10-07,215.888,622.5482
2014-10-08,215.889,622.5486
2014-10-09,215.888,622.5491
2014-10-10,215.888,622.5495
2014-10-11,215.888,622.5495
2014-10-12,215.888,622.5495
2014-10-13,215.888,622.5507
2014-10-14,215.888,622.5511
2014-10-15,215.888,622.5516
2014-10-16,215.886,622.552
2014-10-17,215.888,622.5524
2014-10-18,215.888,622.5524
2014-10-19,215.888,622.5524
2014-10-20,215.887,622.5537
2014-10-21,215.887,622.5541
2014-10-22,215.887,622.5546
2014-10-23,215.889,622.5549
2014-10-24,215.889,622.5554
2014-10-25,215.889,622.5554
2014-10-26,215.889,622.5554
2014-10-27,215.889,622.5566
2014-10-28,215.889,622.5571
2014-10-29,215.89,622.5575
2014-10-30,215.891,622.5579
2014-10-31,215.891,622.5583
2014-11-01,215.891,622.5583
2014-11-02,215.891,622.5583
2014-11-03,215.889,622.5593
2014-11-04,215.888,622.5596
2014-11-05,215.889,622.5599
2014-11-06,215.889,622.5601
2014-11-07,215.889,622.5605
2014-11-08,215.889,622.5605
2014-11-09,215.889,622.5605
2014-11-10,215.889,622.5614
2014-11-11,215.889,622.5617
2014-11-12,215.889,622.562
2014-11-13,215.89,622.5623
2014-11-14,215.891,622.5626
2014-11-15,215.891,622.5626
2014-11-16,215.891,622.5626
2014-11-17,215.892,622.5635
2014-11-18,215.892,622.5638
2014-11-19,215.893,622.5641
2014-11-20,215.892,622.5645
2014-11-21,215.893,622.5648
2014-11-22,215.893,622.5648
2014-11-23,215.893,622.5648
2014-11-24,215.892,622.5657
2014-11-25,215.892,622.566
2014-11-26,215.893,622.5663
2014-11-27,215.893,622.5666
2014-11-28,215.893,622.5675
2014-11-29,215.893,622.5675
2014-11-30,215.893,622.5675
2014-12-01,215.893,622.5677
2014-12-02,215.892,622.5679
2014-12-03,215.892,622.5682
2014-12-04,215.892,622.5684
2014-12-05,215.894,622.5687
2014-12-06,215.894,622.5687
2014-12-07,215.894,622.5687
2014-12-08,215.893,622.5694
2014-12-09,215.892,622.5696
2014-12-10,215.893,622.5698
2014-12-11,215.893,622.5701
2014-12-12,215.895,622.5703
2014-12-13,215.895,622.5703
2014-12-14,215.895,622.5703
2014-12-15,215.895,622.571
2014-12-16,215.894,622.5713
2014-12-17,215.894,622.5715
2014-12-18,215.892,622.5717
2014-12-19,215.894,622.572
2014-12-20,215.894,622.572
2014-12-21,215.894,622.572
2014-12-22,215.896,622.5727
2014-12-23,215.896,622.5729
2014-12-24,215.897,622.5732
2014-12-25,215.897,622.5732
2014-12-26,215.896,622.5736
2014-12-27,215.896,622.5736
2014-12-28,215.896,622.5736
2014-12-29,215.896,622.5743
2014-12-30,215.897,622.5746
2014-12-31,215.895,622.5748
2015-01-01,215.895,622.5748
2015-01-02,215.895,622.5755
2015-01-03,215.895,622.5755
2015-01-04,215.895,622.5755
2015-01-05,215.896,622.5766
2015-01-06,215.895,622.577
2015-01-07,215.895,622.5773
2015-01-08,215.896,622.5777
2015-01-09,215.894,622.578
2015-01-10,215.894,622.578
2015-01-11,215.894,622.578
2015-01-12,215.895,622.5791
2015-01-13,215.895,622.5795
2015-01-14,215.894,622.5798
2015-01-15,215.895,622.5802
2015-01-16,215.896,622.5805
2015-01-17,215.896,622.5805
2015-01-18,215.896,622.5805
2015-01-19,215.896,622.5816
2015-01-20,215.896,622.582
2015-01-21,215.897,622.5823
2015-01-22,215.898,622.5827
2015-01-23,215.897,622.583
2015-01-24,215.897,622.583
2015-01-25,215.897,622.583
2015-01-26,215.897,622.5841
2015-01-27,215.896,622.5845
2015-01-28,215.897,622.5848
2015-01-29,215.898,622.5852
2015-01-30,215.898,622.5859
2015-01-31,215.898,622.5859
2015-02-01,215.898,622.5859
2015-02-02,215.898,622.5867
2015-02-03,215.898,622.587
2015-02-04,215.899,622.5875
2015-02-05,215.898,622.5878
2015-02-06,215.898,622.5882
2015-02-07,215.898,622.5882
2015-02-08,215.898,622.5882
2015-02-09,215.898,622.5894
2015-02-10,215.898,622.5898
2015-02-11,215.898,622.5901
2015-02-12,215.896,622.5905
2015-02-13,215.898,622.5909
2015-02-14,215.898,622.5909
2015-02-15,215.898,622.5909
2015-02-16,215.898,622.5921
2015-02-17,215.898,622.5925
2015-02-18,215.899,622.5928
2015-02-19,215.898,622.5933
2015-02-20,215.898,622.5936
2015-02-21,215.898,622.5936
2015-02-22,215.898,622.5936
2015-02-23,215.898,622.5948
2015-02-24,215.898,622.5952
2015-02-25,215.898,622.5955
2015-02-26,215.898,622.5959
2015-02-27,215.898,622.5967
2015-02-28,215.898,622.5967
2015-03-01,215.898,622.5967
2015-03-02,215.898,622.5975
2015-03-03,215.898,622.5979
2015-03-04,215.899,622.5983
2015-03-05,215.899,622.5987
2015-03-06,215.899,622.5991
2015-03-07,215.899,622.5991
2015-03-08,215.899,622.5991
2015-03-09,215.899,622.6003
2015-03-10,215.898,622.6007
2015-03-11,215.898,622.6011
2015-03-12,215.898,622.6015
2015-03-13,215.897,622.6019
2015-03-14,215.897,622.6019
2015-03-15,215.897,622.6019
2015-03-16,215.896,622.6031
2015-03-17,215.894,622.6035
2015-03-18,215.898,622.6039
2015-03-19,215.901,622.6042
2015-03-20,215.902,622.6047
2015-03-21,215.902,622.6047
2015-03-22,215.902,622.6047
2015-03-23,215.902,622.6058
2015-03-24,215.901,622.6063
2015-03-25,215.899,622.6066
2015-03-26,215.9,622.6071
2015-03-27,215.901,622.6074
2015-03-28,215.901,622.6074
2015-03-29,215.901,622.6074
2015-03-30,215.903,622.6086
2015-03-31,215.9,622.6091
2015-04-01,215.901,622.6094
2015-04-02,215.901,622.6097
2015-04-03,215.901,622.61
2015-04-04,215.901,622.61
2015-04-05,215.901,622.61
2015-04-06,215.902,622.611
2015-04-07,215.902,622.6114
2015-04-08,215.902,622.6117
2015-04-09,215.902,622.6121
2015-04-10,215.902,622.6124
2015-04-11,215.902,622.6124
2015-04-12,215.902,622.6124
2015-04-13,215.902,622.6134
2015-04-14,215.902,622.6137
2015-04-15,215.901,622.6141
2015-04-16,215.901,622.6144
2015-04-17,215.902,622.6147
2015-04-18,215.902,622.6147
2015-04-19,215.902,622.6147
2015-04-20,215.902,622.6157
2015-04-21,215.903,622.6161
2015-04-22,215.903,622.6164
2015-04-23,215.904,622.6168
2015-04-24,215.904,622.6171
2015-04-25,215.904,622.6171
2015-04-26,215.904,622.6171
2015-04-27,215.904,622.618
2015-04-28,215.905,622.6184
2015-04-29,215.906,622.6187
2015-04-30,215.906,622.6191
2015-05-01,215.906,622.6194
2015-05-02,215.906,622.6194
2015-05-03,215.906,622.6194
2015-05-04,215.905,622.6202
2015-05-05,215.905,622.6205
2015-05-06,215.904,622.6208
2015-05-07,215.905,622.6211
2015-05-08,215.905,622.6214
2015-05-09,215.905,622.6214
2015-05-10,215.905,622.6214
2015-05-11,215.904,622.6223
2015-05-12,215.905,622.6226
2015-05-13,215.905,622.6228
2015-05-14,215.905,622.6231
2015-05-15,215.906,622.6234
2015-05-16,215.906,622.6234
2015-05-17,215.906,622.6234
2015-05-18,215.906,622.6243
2015-05-19,215.906,622.6246
2015-05-20,215.905,622.6248
2015-05-21,215.906,622.6251
2015-05-22,215.907,622.6254
2015-05-23,215.907,622.6254
2015-05-24,215.907,622.6254
2015-05-25,215.907,622.6263
2015-05-26,215.906,622.6266
2015-05-27,215.907,622.6268
2015-05-28,215.908,622.6271
2015-05-29,215.908,622.628
2015-05-30,215.908,622.628
2015-05-31,215.908,622.628
2015-06-01,215.908,622.6282
2015-06-02,215.908,622.6285
2015-06-03,215.907,622.6287
2015-06-04,215.907,622.6289
2015-06-05,215.906,622.6292
2015-06-06,215.906,622.6292
2015-06-07,215.906,622.6292
2015-06-08,215.907,622.6298
2015-06-09,215.907,622.6301
2015-06-10,215.907,622.6303
2015-06-11,215.908,622.6306
2015-06-12,215.908,622.6308
2015-06-13,215.908,622.6308
2015-06-14,215.908,622.6308
2015-06-15,215.909,622.6315
2015-06-16,215.91,622.6317
2015-06-17,215.909,622.632
2015-06-18,215.91,622.6321
2015-06-19,215.91,622.6324
2015-06-20,215.91,622.6324
2015-06-21,215.91,622.6324
2015-06-22,215.91,622.6331
2015-06-23,215.91,622.6333
2015-06-24,215.91,622.6335
2015-06-25,215.912,622.6338
2015-06-26,215.911,622.634
2015-06-27,215.911,622.634
2015-06-28,215.911,622.634
2015-06-29,215.912,622.6347
2015-06-30,215.91,622.6349
2015-07-01,215.91,622.6351
2015-07-02,215.909,622.6353
2015-07-03,215.909,622.6354
2015-07-04,215.909,622.6354
2015-07-05,215.909,622.6354
2015-07-06,215.909,622.636
2015-07-07,215.909,622.6361
2015-07-08,215.908,622.6363
2015-07-09,215.907,622.6365
2015-07-10,215.907,622.6367
2015-07-11,215.907,622.6367
2015-07-12,215.907,622.6367
2015-07-13,215.908,622.6371
2015-07-14,215.91,622.6373
2015-07-15,215.91,622.6375
2015-07-16,215.909,622.6377
2015-07-17,215.909,622.6379
2015-07-18,215.909,622.6379
2015-07-19,215.909,622.6379
2015-07-20,215.907,622.6384
2015-07-21,215.907,622.6385
2015-07-22,215.907,622.6387
2015-07-23,215.907,622.6389
2015-07-24,215.907,622.6391
2015-07-25,215.907,622.6391
2015-07-26,215.907,622.6391
2015-07-27,215.906,622.6396
2015-07-28,215.905,622.6398
2015-07-29,215.905,622.64
2015-07-30,215.903,622.6401
2015-07-31,215.906,622.6403
2015-08-01,215.906,622.6403
2015-08-02,215.906,622.6403
2015-08-03,215.906,622.6418
2015-08-04,215.905,622.6423
2015-08-05,215.907,622.6428
2015-08-06,215.91,622.6433
2015-08-07,215.909,622.6439
2015-08-08,215.909,622.6439
2015-08-09,215.909,622.6439
2015-08-10,215.909,622.6454
2015-08-11,215.909,622.6459
2015-08-12,215.909,622.6464
2015-08-13,215.909,622.6469
2015-08-14,215.911,622.6474
2015-08-15,215.911,622.6474
2015-08-16,215.911,622.6474
2015-08-17,215.915,622.6489
2015-08-18,215.915,622.6494
2015-08-19,215.917,622.6499
2015-08-20,215.92,622.6505
2015-08-21,215.921,622.6509
2015-08-22,215.921,622.6509
2015-08-23,215.921,622.6509
2015-08-24,215.921,622.6525
2015-08-25,215.92,622.653
2015-08-26,215.921,622.6535
2015-08-27,215.922,622.654
2015-08-28,215.922,622.6545
2015-08-29,215.922,622.6545
2015-08-30,215.922,622.6545
2015-08-31,215.925,622.656
2015-09-01,215.924,622.6566
2015-09-02,215.924,622.6571
2015-09-03,215.924,622.6576
2015-09-04,215.923,622.6581
2015-09-05,215.923,622.6581
2015-09-06,215.923,622.6581
2015-09-07,215.923,622.6598
2015-09-08,215.921,622.6603
2015-09-09,215.922,622.6608
2015-09-10,215.922,622.6614
2015-09-11,215.92,622.6619
2015-09-12,215.92,622.6619
2015-09-13,215.92,622.6619
2015-09-14,215.921,622.6635
2015-09-15,215.92,622.6641
2015-09-16,215.923,622.6646
2015-09-17,215.927,622.6651
2015-09-18,215.929,622.6656
2015-09-19,215.929,622.6656
2015-09-20,215.929,622.6656
2015-09-21,215.93,622.6673
2015-09-22,215.928,622.6678
2015-09-23,215.928,622.6683
2015-09-24,215.927,622.6689
2015-09-25,215.926,622.6694
2015-09-26,215.926,622.6694
2015-09-27,215.926,622.6694
2015-09-28,215.926,622.671
2015-09-29,215.926,622.6716
2015-09-30,215.93,622.6721
2015-10-01,215.929,622.6725
2015-10-02,215.927,622.673
2015-10-03,215.927,622.673
2015-10-04,215.927,622.673
2015-10-05,215.927,622.6745
2015-10-06,215.928,622.675
2015-10-07,215.927,622.6755
2015-10-08,215.925,622.6759
2015-10-09,215.923,622.6764
2015-10-10,215.923,622.6764
2015-10-11,215.923,622.6764
2015-10-12,215.923,622.6779
2015-10-13,215.925,622.6783
2015-10-14,215.926,622.6788
2015-10-15,215.925,622.6793
2015-10-16,215.924,622.6797
2015-10-17,215.924,622.6797
2015-10-18,215.924,622.6797
2015-10-19,215.92,622.6812
2015-10-20,215.922,622.6816
2015-10-21,215.923,622.6821
2015-10-22,215.923,622.6826
2015-10-23,215.923,622.6831
2015-10-24,215.923,622.6831
2015-10-25,215.923,622.6831
2015-10-26,215.922,622.6845
2015-10-27,215.923,622.685
2015-10-28,215.918,622.6855
2015-10-29,215.917,622.686
2015-10-30,215.916,622.687
2015-10-31,215.916,622.687
2015-11-01,215.916,622.687
2015-11-02,215.916,622.688
2015-11-03,215.917,622.6887
2015-11-04,215.915,622.6892
2015-11-05,215.919,622.6898
2015-11-06,215.917,622.6904
2015-11-07,215.917,622.6904
2015-11-08,215.917,622.6904
2015-11-09,215.918,622.6921
2015-11-10,215.917,622.6926
2015-11-11,215.917,622.6932
2015-11-12,215.917,622.6938
2015-11-13,215.921,622.6943
2015-11-14,215.921,622.6943
2015-11-15,215.921,622.6943
2015-11-16,215.922,622.696
2015-11-17,215.922,622.6967
2015-11-18,215.922,622.6972
2015-11-19,215.924,622.6978
2015-11-20,215.925,622.6984
2015-11-21,215.925,622.6984
2015-11-22,215.925,622.6984
2015-11-23,215.923,622.7001
2015-11-24,215.917,622.7006
2015-11-25,215.915,622.7012
2015-11-26,215.915,622.7018
2015-11-27,215.917,622.7023
2015-11-28,215.917,622.7023
2015-11-29,215.917,622.7023
2015-11-30,215.92,622.704
2015-12-01,215.919,622.7056
2015-12-02,215.919,622.7072
2015-12-03,215.918,622.7087
2015-12-04,215.92,622.7103
2015-12-05,215.92,622.7103
2015-12-06,215.92,622.7103
2015-12-07,215.915,622.7149
2015-12-08,215.91,622.7165
2015-12-09,215.913,622.718
2015-12-10,215.917,622.7195
2015-12-11,215.924,622.7211
2015-12-12,215.924,622.7211
2015-12-13,215.924,622.7211
2015-12-14,215.924,622.7258
2015-12-15,215.924,622.7274
2015-12-16,215.924,622.7289
2015-12-17,215.924,622.7304
2015-12-18,215.932,622.732
2015-12-19,215.932,622.732
2015-12-20,215.932,622.732
2015-12-21,215.935,622.7366
2015-12-22,215.937,622.7382
2015-12-23,215.938,622.7397
2015-12-24,215.944,622.7413
2015-12-25,215.944,622.7413
2015-12-26,215.944,622.7413
2015-12-27,215.944,622.7413
2015-12-28,215.944,622.7475
2015-12-29,215.944,622.749
2015-12-30,215.954,622.7506
2015-12-31,215.955,622.7521
2016-01-01,215.955,622.7521
2016-01-02,215.955,622.7521
2016-01-03,215.955,622.7521
2016-01-04,215.947,622.7621
2016-01-05,215.947,622.7646
2016-01-06,215.942,622.7672
2016-01-07,215.941,622.7697
2016-01-08,215.947,622.7722
2016-01-09,215.947,622.7722
2016-01-10,215.947,622.7722
2016-01-11,215.944,622.7797
2016-01-12,215.944,622.7822
2016-01-13,215.944,622.7847
2016-01-14,215.942,622.7872
2016-01-15,215.954,622.7897
2016-01-16,215.954,622.7897
2016-01-17,215.954,622.7897
2016-01-18,215.954,622.7972
2016-01-19,215.951,622.7997
2016-01-20,215.949,622.8022
2016-01-21,215.947,622.8047
2016-01-22,215.951,622.8072
2016-01-23,215.951,622.8072
2016-01-24,215.951,622.8072
2016-01-25,215.95,622.8147
2016-01-26,215.95,622.8172
2016-01-27,215.951,622.8197
2016-01-28,215.954,622.8222
2016-01-29,215.963,622.8297
2016-01-30,215.963,622.8297
2016-01-31,215.963,622.8297
2016-02-01,215.965,622.8336
2016-02-02,215.967,622.8375
2016-02-03,215.967,622.8413
2016-02-04,215.974,622.8452
2016-02-05,215.98,622.8491
2016-02-06,215.98,622.8491
2016-02-07,215.98,622.8491
2016-02-08,215.982,622.8607
2016-02-09,215.98,622.8645
2016-02-10,215.98,622.8684
2016-02-11,215.982,622.8723
2016-02-12,215.991,622.8761
2016-02-13,215.991,622.8761
2016-02-14,215.991,622.8761
2016-02-15,215.991,622.8877
2016-02-16,215.991,622.8915
2016-02-17,215.989,622.8954
2016-02-18,215.991,622.8993
2016-02-19,215.998,622.9031
2016-02-20,215.998,622.9031
2016-02-21,215.998,622.9031
2016-02-22,215.996,622.9147
2016-02-23,215.997,622.9186
2016-02-24,215.999,622.9225
2016-02-25,216.003,622.9263
2016-02-26,216.01,622.9302
2016-02-27,216.01,622.9302
2016-02-28,216.01,622.9302
2016-02-29,216.008,622.9418
2016-03-01,216.01,622.9465
2016-03-02,216.013,622.9512
2016-03-03,216.02,622.9559
2016-03-04,216.026,622.9606
2016-03-05,216.026,622.9606
2016-03-06,216.026,622.9606
2016-03-07,216.025,622.9746
2016-03-08,216.028,622.9792
2016-03-09,216.028,622.9839
2016-03-10,216.028,622.9886
2016-03-11,216.032,622.9933
2016-03-12,216.032,622.9933
2016-03-13,216.032,622.9933
2016-03-14,216.031,623.0074
2016-03-15,216.03,623.0121
2016-03-16,216.035,623.0167
2016-03-17,216.036,623.0214
2016-03-18,216.043,623.0261
2016-03-19,216.043,623.0261
2016-03-20,216.043,623.0261
2016-03-21,216.042,623.0402
2016-03-22,216.044,623.0449
2016-03-23,216.047,623.0496
2016-03-24,216.057,623.0542
2016-03-25,216.057,623.0589
2016-03-26,216.057,623.0589
2016-03-27,216.057,623.0589
2016-03-28,216.066,623.0729
2016-03-29,216.077,623.0776
2016-03-30,216.087,623.0823
2016-03-31,216.083,623.087
2016-04-01,216.082,623.0919
2016-04-02,216.082,623.0919
2016-04-03,216.082,623.0919
2016-04-04,216.085,623.1066
2016-04-05,216.084,623.1115
2016-04-06,216.084,623.1165
2016-04-07,216.085,623.1213
2016-04-08,216.09,623.1263
2016-04-09,216.09,623.1263
2016-04-10,216.09,623.1263
2016-04-11,216.088,623.141
2016-04-12,216.087,623.1459
2016-04-13,216.089,623.1508
2016-04-14,216.092,623.1557
2016-04-15,216.098,623.1606
2016-04-16,216.098,623.1606
2016-04-17,216.098,623.1606
2016-04-18,216.1,623.1753
2016-04-19,216.101,623.1802
2016-04-20,216.1,623.1851
2016-04-21,216.103,623.19
2016-04-22,216.108,623.1949
2016-04-23,216.108,623.1949
2016-04-24,216.108,623.1949
2016-04-25,216.106,623.2097
2016-04-26,216.106,623.2145
2016-04-27,216.109,623.2194
2016-04-28,216.114,623.2244
2016-04-29,216.122,623.2341
2016-04-30,216.122,623.2341
2016-05-01,216.122,623.2341
2016-05-02,216.127,623.2427
2016-05-03,216.125,623.2469
2016-05-04,216.125,623.2512
2016-05-05,216.123,623.2555
2016-05-06,216.126,623.2598
2016-05-07,216.126,623.2598
2016-05-08,216.126,623.2598
2016-05-09,216.121,623.2726
2016-05-10,216.115,623.2769
2016-05-11,216.115,623.2811
2016-05-12,216.116,623.2854
2016-05-13,216.124,623.2897
2016-05-14,216.124,623.2897
2016-05-15,216.124,623.2897
2016-05-16,216.124,623.3025
2016-05-17,216.123,623.3068
2016-05-18,216.123,623.311
2016-05-19,216.124,623.3153
2016-05-20,216.131,623.3196
2016-05-21,216.131,623.3196
2016-05-22,216.131,623.3196
2016-05-23,216.127,623.3324
2016-05-24,216.127,623.3367
2016-05-25,216.131,623.3409
2016-05-26,216.142,623.3452
2016-05-27,216.145,623.3495
2016-05-28,216.145,623.3495
2016-05-29,216.145,623.3495
2016-05-30,216.145,623.3623
2016-05-31,216.145,623.3666
2016-06-01,216.157,623.3707
2016-06-02,216.165,623.3749
2016-06-03,216.166,623.379
2016-06-04,216.166,623.379
2016-06-05,216.166,623.379
2016-06-06,216.165,623.3915
2016-06-07,216.165,623.3956
2016-06-08,216.167,623.3998
2016-06-09,216.167,623.4039
2016-06-10,216.172,623.4081
2016-06-11,216.172,623.4081
2016-06-12,216.172,623.4081
2016-06-13,216.168,623.4206
2016-06-14,216.168,623.4247
2016-06-15,216.173,623.4289
2016-06-16,216.174,623.433
2016-06-17,216.18,623.4372
2016-06-18,216.18,623.4372
2016-06-19,216.18,623.4372
2016-06-20,216.177,623.4497
2016-06-21,216.178,623.4539
2016-06-22,216.179,623.458
2016-06-23,216.177,623.4622
2016-06-24,216.189,623.4663
2016-06-25,216.189,623.4663
2016-06-26,216.189,623.4663
2016-06-27,216.192,623.4788
2016-06-28,216.195,623.4829
2016-06-29,216.197,623.4871
2016-06-30,216.198,623.4912
2016-07-01,216.199,623.4957
2016-07-02,216.199,623.4957
2016-07-03,216.199,623.4957
2016-07-04,216.199,623.5091
2016-07-05,216.198,623.5135
2016-07-06,216.199,623.5181
2016-07-07,216.199,623.5225
2016-07-08,216.204,623.527
2016-07-09,216.204,623.527
2016-07-10,216.204,623.527
2016-07-11,216.203,623.5404
2016-07-12,216.202,623.5449
2016-07-13,216.201,623.5493
2016-07-14,216.201,623.5538
2016-07-15,216.208,623.5583
2016-07-16,216.208,623.5583
2016-07-17,216.208,623.5583
2016-07-18,216.212,623.5717
2016-07-19,216.214,623.5762
2016-07-20,216.216,623.5806
2016-07-21,216.219,623.5851
2016-07-22,216.224,623.5895
2016-07-23,216.224,623.5895
2016-07-24,216.224,623.5895
2016-07-25,216.226,623.603
2016-07-26,216.23,623.6074
2016-07-27,216.234,623.6119
2016-07-28,216.244,623.6164
2016-07-29,216.245,623.6298
2016-07-30,216.245,623.6298
2016-07-31,216.245,623.6298
2016-08-01,216.248,623.6346
2016-08-02,216.25,623.6393
2016-08-03,216.252,623.6441
2016-08-04,216.257,623.6489
2016-08-05,216.256,623.6537
2016-08-06,216.256,623.6537
2016-08-07,216.256,623.6537
2016-08-08,216.255,623.668
2016-08-09,216.255,623.6728
2016-08-10,216.255,623.6776
2016-08-11,216.252,623.6824
2016-08-12,216.259,623.6871
2016-08-13,216.259,623.6871
2016-08-14,216.259,623.6871
2016-08-15,216.26,623.7015
2016-08-16,216.262,623.7063
2016-08-17,216.262,623.7111
2016-08-18,216.266,623.7158
2016-08-19,216.269,623.7206
2016-08-20,216.269,623.7206
2016-08-21,216.269,623.7206
2016-08-22,216.272,623.735
2016-08-23,216.274,623.7397
2016-08-24,216.275,623.7446
2016-08-25,216.279,623.7493
2016-08-26,216.282,623.7541
2016-08-27,216.282,623.7541
2016-08-28,216.282,623.7541
2016-08-29,216.284,623.7684
2016-08-30,216.289,623.7733
2016-08-31,216.29,623.778
2016-09-01,216.29,623.783
2016-09-02,216.296,623.788
2016-09-03,216.296,623.788
2016-09-04,216.296,623.788
2016-09-05,216.296,623.8029
2016-09-06,216.298,623.8079
2016-09-07,216.299,623.8129
2016-09-08,216.301,623.8179
2016-09-09,216.305,623.8228
2016-09-10,216.305,623.8228
2016-09-11,216.305,623.8228
2016-09-12,216.304,623.8378
2016-09-13,216.307,623.8428
2016-09-14,216.309,623.8477
2016-09-15,216.32,623.8527
2016-09-16,216.328,623.8577
2016-09-17,216.328,623.8577
2016-09-18,216.328,623.8577
2016-09-19,216.335,623.8726
2016-09-20,216.338,623.8776
2016-09-21,216.348,623.8826
2016-09-22,216.359,623.8876
2016-09-23,216.358,623.8925
2016-09-24,216.358,623.8925
2016-09-25,216.358,623.8925
2016-09-26,216.356,623.9075
2016-09-27,216.351,623.9125
2016-09-28,216.354,623.9174
2016-09-29,216.358,623.9224
2016-09-30,216.351,623.9274
2016-10-01,216.351,623.9274
2016-10-02,216.351,623.9274
2016-10-03,216.343,623.9426
2016-10-04,216.336,623.9477
2016-10-05,216.337,623.9528
2016-10-06,216.343,623.9578
2016-10-07,216.349,623.9629
2016-10-08,216.349,623.9629
2016-10-09,216.349,623.9629
2016-10-10,216.349,623.9781
2016-10-11,216.35,623.9832
2016-10-12,216.355,623.9882
2016-10-13,216.361,623.9933
2016-10-14,216.363,623.9984
2016-10-15,216.363,623.9984
2016-10-16,216.363,623.9984
2016-10-17,216.365,624.0135
2016-10-18,216.366,624.0186
2016-10-19,216.37,624.0237
2016-10-20,216.374,624.0287
2016-10-21,216.378,624.0338
2016-10-22,216.378,624.0338
2016-10-23,216.378,624.0338
2016-10-24,216.38,624.049
2016-10-25,216.383,624.0541
2016-10-26,216.385,624.0591
2016-10-27,216.39,624.0642
2016-10-28,216.396,624.0693
2016-10-29,216.396,624.0693
2016-10-30,216.396,624.0693
2016-10-31,216.396,624.0845
2016-11-01,216.391,624.0898
2016-11-02,216.392,624.0952
2016-11-03,216.393,624.1006
2016-11-04,216.398,624.106
2016-11-05,216.398,624.106
2016-11-06,216.398,624.106
2016-11-07,216.39,624.122
2016-11-08,216.39,624.1274
2016-11-09,216.389,624.1328
2016-11-10,216.391,624.1381
2016-11-11,216.391,624.1435
2016-11-12,216.391,624.1435
2016-11-13,216.391,624.1435
2016-11-14,216.388,624.1595
2016-11-15,216.393,624.1649
2016-11-16,216.4,624.1703
2016-11-17,216.406,624.1757
2016-11-18,216.412,624.181
2016-11-19,216.412,624.181
2016-11-20,216.412,624.181
2016-11-21,216.415,624.1971
2016-11-22,216.415,624.2025
2016-11-23,216.419,624.2078
2016-11-24,216.419,624.2132
2016-11-25,216.426,624.2186
2016-11-26,216.426,624.2186
2016-11-27,216.426,624.2186
2016-11-28,216.429,624.2347
2016-11-29,216.434,624.24
2016-11-30,216.435,624.2454
2016-12-01,216.442,624.2516
2016-12-02,216.444,624.2579
2016-12-03,216.444,624.2579
2016-12-04,216.444,624.2579
2016-12-05,216.446,624.2766
2016-12-06,216.444,624.2828
2016-12-07,216.446,624.2891
2016-12-08,216.445,624.2953
2016-12-09,216.447,624.3015
2016-12-10,216.447,624.3015
2016-12-11,216.447,624.3015
2016-12-12,216.45,624.3203
2016-12-13,216.447,624.3265
2016-12-14,216.448,624.3327
2016-12-15,216.457,624.3389
2016-12-16,216.464,624.3452
2016-12-17,216.464,624.3452
2016-12-18,216.464,624.3452
2016-12-19,216.466,624.3639
2016-12-20,216.467,624.3701
2016-12-21,216.474,624.3763
2016-12-22,216.479,624.3826
2016-12-23,216.487,624.3889
2016-12-24,216.487,624.3889
2016-12-25,216.487,624.3889
2016-12-26,216.487,624.3889
2016-12-27,216.487,624.4138
2016-12-28,216.491,624.42
2016-12-29,216.499,624.4263
2016-12-30,216.506,624.4388
2016-12-31,216.506,624.4388
2017-01-01,216.506,624.4388
2017-01-02,216.506,624.4388
2017-01-03,216.505,624.4612
2017-01-04,216.507,624.4687
2017-01-05,216.51,624.4762
2017-01-06,216.518,624.4836
2017-01-07,216.518,624.4836
2017-01-08,216.518,624.4836
2017-01-09,216.522,624.5061
2017-01-10,216.524,624.5136
2017-01-11,216.527,624.5211
2017-01-12,216.529,624.5286
2017-01-13,216.538,624.536
2017-01-14,216.538,624.536
2017-01-15,216.538,624.536
2017-01-16,216.538,624.5585
2017-01-17,216.54,624.566
2017-01-18,216.547,624.5734
2017-01-19,216.553,624.5809
2017-01-20,216.563,624.5884
2017-01-21,216.563,624.5884
2017-01-22,216.563,624.5884
2017-01-23,216.565,624.6108
2017-01-24,216.568,624.6183
2017-01-25,216.573,624.6259
2017-01-26,216.576,624.6333
2017-01-27,216.583,624.6408
2017-01-28,216.583,624.6408
2017-01-29,216.583,624.6408
2017-01-30,216.586,624.6633
2017-01-31,216.59,624.6707
2017-02-01,216.591,624.6794
2017-02-02,216.597,624.6882
2017-02-03,216.604,624.6969
2017-02-04,216.604,624.6969
2017-02-05,216.604,624.6969
2017-02-06,216.603,624.7231
2017-02-07,216.602,624.7318
2017-02-08,216.607,624.7405
2017-02-09,216.609,624.7493
2017-02-10,216.618,624.758
2017-02-11,216.618,624.758
2017-02-12,216.618,624.758
2017-02-13,216.622,624.7841
2017-02-14,216.623,624.7928
2017-02-15,216.626,624.8016
2017-02-16,216.632,624.8103
2017-02-17,216.642,624.819
2017-02-18,216.642,624.819
2017-02-19,216.642,624.819
2017-02-20,216.642,624.8452
2017-02-21,216.646,624.8539
2017-02-22,216.655,624.8627
2017-02-23,216.661,624.8714
2017-02-24,216.667,624.8801
2017-02-25,216.667,624.8801
2017-02-26,216.667,624.8801
2017-02-27,216.669,624.9063
2017-02-28,216.672,624.915
2017-03-01,216.655,624.924
2017-03-02,216.651,624.9331
2017-03-03,216.648,624.9421
2017-03-04,216.648,624.9421
2017-03-05,216.648,624.9421
2017-03-06,216.647,624.9692
2017-03-07,216.645,624.9782
2017-03-08,216.653,624.9872
2017-03-09,216.655,624.9963
2017-03-10,216.66,625.0053
2017-03-11,216.66,625.0053
2017-03-12,216.66,625.0053
2017-03-13,216.647,625.0324
2017-03-14,216.65,625.0414
2017-03-15,216.671,625.0505
2017-03-16,216.678,625.0595
2017-03-17,216.688,625.0686
2017-03-18,216.688,625.0686
2017-03-19,216.688,625.0686
2017-03-20,216.685,625.0957
2017-03-21,216.689,625.1047
2017-03-22,216.694,625.1138
2017-03-23,216.698,625.1228
2017-03-24,216.709,625.1318
2017-03-25,216.709,625.1318
2017-03-26,216.709,625.1318
2017-03-27,216.71,625.1589
2017-03-28,216.714,625.168
2017-03-29,216.721,625.177
2017-03-30,216.727,625.186
2017-03-31,216.74,625.1951
2017-04-01,216.74,625.1951
2017-04-02,216.74,625.1951
2017-04-03,216.743,625.2268
2017-04-04,216.748,625.2374
2017-04-05,216.747,625.248
2017-04-06,216.75,625.2585
2017-04-07,216.762,625.2692
2017-04-08,216.762,625.2692
2017-04-09,216.762,625.2692
2017-04-10,216.77,625.3009
2017-04-11,216.774,625.3115
2017-04-12,216.777,625.3221
2017-04-13,216.795,625.3326
2017-04-14,216.795,625.3433
2017-04-15,216.795,625.3433
2017-04-16,216.795,625.3433
2017-04-17,216.799,625.375
2017-04-18,216.806,625.3856
2017-04-19,216.812,625.3962
2017-04-20,216.819,625.4067
2017-04-21,216.831,625.4174
2017-04-22,216.831,625.4174
2017-04-23,216.831,625.4174
2017-04-24,216.833,625.4491
2017-04-25,216.84,625.4597
2017-04-26,216.845,625.4703
2017-04-27,216.854,625.4808
2017-04-28,216.868,625.5126
2017-04-29,216.868,625.5126
2017-04-30,216.868,625.5126
2017-05-01,216.869,625.5248
2017-05-02,216.87,625.537
2017-05-03,216.869,625.5493
2017-05-04,216.878,625.5615
2017-05-05,216.888,625.5737
2017-05-06,216.888,625.5737
2017-05-07,216.888,625.5737
2017-05-08,216.89,625.6104
2017-05-09,216.895,625.6226
2017-05-10,216.906,625.6348
2017-05-11,216.919,625.647
2017-05-12,216.933,625.6592
2017-05-13,216.933,625.6592
2017-05-14,216.933,625.6592
2017-05-15,216.933,625.6959
2017-05-16,216.936,625.7081
2017-05-17,216.94,625.7203
2017-05-18,216.945,625.7325
2017-05-19,216.945,625.7448
2017-05-20,216.945,625.7448
2017-05-21,216.945,625.7448
2017-05-22,216.964,625.7814
2017-05-23,216.966,625.7936
2017-05-24,216.97,625.8058
2017-05-25,216.975,625.8181
2017-05-26,216.99,625.8303
2017-05-27,216.99,625.8303
2017-05-28,216.99,625.8303
2017-05-29,216.99,625.867
2017-05-30,216.99,625.8792
2017-05-31,216.991,625.8914
2017-06-01,216.995,625.9062
2017-06-02,217.01,625.921
2017-06-03,217.01,625.921
2017-06-04,217.01,625.921
2017-06-05,217.015,625.9652
2017-06-06,217.019,625.98
2017-06-07,217.024,625.9948
2017-06-08,217.032,626.0095
2017-06-09,217.047,626.0243
2017-06-10,217.047,626.0243
2017-06-11,217.047,626.0243
2017-06-12,217.05,626.0686
2017-06-13,217.053,626.0834
2017-06-14,217.055,626.0981
2017-06-15,217.065,626.1129
2017-06-16,217.082,626.1276
2017-06-17,217.082,626.1276
2017-06-18,217.082,626.1276
2017-06-19,217.089,626.1719
2017-06-20,217.101,626.1867
2017-06-21,217.109,626.2015
2017-06-22,217.124,626.2162
2017-06-23,217.141,626.231
2017-06-24,217.141,626.231
2017-06-25,217.141,626.231
2017-06-26,217.144,626.2753
2017-06-27,217.14,626.2901
2017-06-28,217.143,626.3049
2017-06-29,217.154,626.3196
2017-06-30,217.165,626.3344
2017-07-01,217.165,626.3344
2017-07-02,217.165,626.3344
2017-07-03,217.169,626.3832
2017-07-04,217.169,626.3994
2017-07-05,217.173,626.4156
2017-07-06,217.184,626.4319
2017-07-07,217.2,626.4482
2017-07-08,217.2,626.4482
2017-07-09,217.2,626.4482
2017-07-10,217.207,626.4969
2017-07-11,217.214,626.5132
2017-07-12,217.221,626.5295
2017-07-13,217.23,626.5457
2017-07-14,217.248,626.562
2017-07-15,217.248,626.562
2017-07-16,217.248,626.562
2017-07-17,217.251,626.6107
2017-07-18,217.255,626.627
2017-07-19,217.255,626.6432
2017-07-20,217.26,626.6595
2017-07-21,217.276,626.6758
2017-07-22,217.276,626.6758
2017-07-23,217.276,626.6758
2017-07-24,217.283,626.7245
2017-07-25,217.288,626.7408
2017-07-26,217.293,626.7571
2017-07-27,217.301,626.7733
2017-07-28,217.32,626.7896
2017-07-29,217.32,626.7896
2017-07-30,217.32,626.7896
2017-07-31,217.326,626.8384
2017-08-01,217.32,626.8563
2017-08-02,217.338,626.8741
2017-08-03,217.345,626.892
2017-08-04,217.363,626.9099
2017-08-05,217.363,626.9099
2017-08-06,217.363,626.9099
2017-08-07,217.369,626.9634
2017-08-08,217.375,626.9813
2017-08-09,217.382,626.9991
2017-08-10,217.391,627.017
2017-08-11,217.407,627.0349
2017-08-12,217.407,627.0349
2017-08-13,217.407,627.0349
2017-08-14,217.416,627.0885
2017-08-15,217.422,627.1063
2017-08-16,217.428,627.1242
2017-08-17,217.437,627.1421
2017-08-18,217.452,627.16
2017-08-19,217.452,627.16
2017-08-20,217.452,627.16
2017-08-21,217.461,627.2136
2017-08-22,217.465,627.2314
2017-08-23,217.466,627.2493
2017-08-24,217.471,627.2672
2017-08-25,217.489,627.285
2017-08-26,217.489,627.285
2017-08-27,217.489,627.285
2017-08-28,217.501,627.3387
2017-08-29,217.509,627.3565
2017-08-30,217.519,627.3744
2017-08-31,217.519,627.3923
2017-09-01,217.533,627.4103
2017-09-02,217.533,627.4103
2017-09-03,217.533,627.4103
2017-09-04,217.533,627.4644
2017-09-05,217.537,627.4824
2017-09-06,217.549,627.5004
2017-09-07,217.566,627.5185
2017-09-08,217.583,627.5365
2017-09-09,217.583,627.5365
2017-09-10,217.583,627.5365
2017-09-11,217.587,627.5906
2017-09-12,217.594,627.6086
2017-09-13,217.599,627.6266
2017-09-14,217.606,627.6447
2017-09-15,217.625,627.6627
2017-09-16,217.625,627.6627
2017-09-17,217.625,627.6627
2017-09-18,217.634,627.7169
2017-09-19,217.64,627.7349
2017-09-20,217.646,627.7529
2017-09-21,217.654,627.7709
2017-09-22,217.673,627.789
2017-09-23,217.673,627.789
2017-09-24,217.673,627.789
2017-09-25,217.681,627.8431
2017-09-26,217.685,627.8611
2017-09-27,217.69,627.8792
2017-09-28,217.698,627.8972
2017-09-29,217.714,627.9333
2017-09-30,217.714,627.9333
2017-10-01,217.714,627.9333
2017-10-02,217.725,627.9698
2017-10-03,217.732,627.9882
2017-10-04,217.735,628.0064
2017-10-05,217.738,628.0247
2017-10-06,217.759,628.043
2017-10-07,217.759,628.043
2017-10-08,217.759,628.043
2017-10-09,217.759,628.0978
2017-10-10,217.759,628.1161
2017-10-11,217.769,628.1344
2017-10-12,217.787,628.1527
2017-10-13,217.804,628.171
2017-10-14,217.804,628.171
2017-10-15,217.804,628.171
2017-10-16,217.809,628.2258
2017-10-17,217.814,628.2441
2017-10-18,217.82,628.2625
2017-10-19,217.825,628.2807
2017-10-20,217.842,628.299
2017-10-21,217.842,628.299
2017-10-22,217.842,628.299
2017-10-23,217.846,628.3539
2017-10-24,217.852,628.3722
2017-10-25,217.861,628.3905
2017-10-26,217.867,628.4088
2017-10-27,217.885,628.4271
2017-10-28,217.885,628.4271
2017-10-29,217.885,628.4271
2017-10-30,217.889,628.4819
2017-10-31,217.893,628.5002
2017-11-01,217.894,628.5189
2017-11-02,217.899,628.5377
2017-11-03,217.917,628.5563
2017-11-04,217.917,628.5563
2017-11-05,217.917,628.5563
2017-11-06,217.92,628.6124
2017-11-07,217.922,628.6312
2017-11-08,217.924,628.6498
2017-11-09,217.928,628.6686
2017-11-10,217.949,628.6873
2017-11-11,217.949,628.6873
2017-11-12,217.949,628.6873
2017-11-13,217.956,628.7433
2017-11-14,217.955,628.7621
2017-11-15,217.963,628.7808
2017-11-16,217.968,628.7995
2017-11-17,217.988,628.8182
2017-11-18,217.988,628.8182
2017-11-19,217.988,628.8182
2017-11-20,217.992,628.8743
2017-11-21,217.998,628.893
2017-11-22,218.012,628.9117
2017-11-23,218.012,628.9305
2017-11-24,218.036,628.9492
2017-11-25,218.036,628.9492
2017-11-26,218.036,628.9492
2017-11-27,218.045,629.0053
2017-11-28,218.053,629.024
2017-11-29,218.062,629.0427
2017-11-30,218.071,629.0615
2017-12-01,218.088,629.0817
2017-12-02,218.088,629.0817
2017-12-03,218.088,629.0817
2017-12-04,218.089,629.1426
2017-12-05,218.089,629.163
2017-12-06,218.1,629.1832
2017-12-07,218.106,629.2036
2017-12-08,218.132,629.2239
2017-12-09,218.132,629.2239
2017-12-10,218.132,629.2239
2017-12-11,218.13,629.2848
2017-12-12,218.132,629.3051
2017-12-13,218.143,629.3254
2017-12-14,218.148,629.3457
2017-12-15,218.167,629.366
2017-12-16,218.167,629.366
2017-12-17,218.167,629.366
2017-12-18,218.171,629.4269
2017-12-19,218.177,629.4473
2017-12-20,218.188,629.4676
2017-12-21,218.203,629.4879
2017-12-22,218.236,629.5082
2017-12-23,218.236,629.5082
2017-12-24,218.236,629.5082
2017-12-25,218.236,629.5082
2017-12-26,218.241,629.5895
2017-12-27,218.25,629.6097
2017-12-28,218.255,629.6301
2017-12-29,218.279,629.691
2017-12-30,218.279,629.691
2017-12-31,218.279,629.691
2018-01-01,218.279,629.691
2018-01-02,218.283,629.7357
2018-01-03,218.295,629.758
2018-01-04,218.303,629.7803
2018-01-05,218.327,629.8027
2018-01-06,218.327,629.8027
2018-01-07,218.327,629.8027
2018-01-08,218.332,629.8697
2018-01-09,218.338,629.892
2018-01-10,218.344,629.9143
2018-01-11,218.349,629.9366
2018-01-12,218.377,629.959
2018-01-13,218.377,629.959
2018-01-14,218.377,629.959
2018-01-15,218.377,630.026
2018-01-16,218.381,630.0483
2018-01-17,218.391,630.0707
2018-01-18,218.406,630.093
2018-01-19,218.429,630.1154
2018-01-20,218.429,630.1154
2018-01-21,218.429,630.1154
2018-01-22,218.439,630.1824
2018-01-23,218.45,630.2047
2018-01-24,218.461,630.2271
2018-01-25,218.474,630.2494
2018-01-26,218.495,630.2717
2018-01-27,218.495,630.2717
2018-01-28,218.495,630.2717
2018-01-29,218.5,630.3388
2018-01-30,218.503,630.3611
2018-01-31,218.515,630.3835
2018-02-01,218.515,630.4077
2018-02-02,218.537,630.4319
2018-02-03,218.537,630.4319
2018-02-04,218.537,630.4319
2018-02-05,218.539,630.5046
2018-02-06,218.545,630.5288
2018-02-07,218.552,630.553
2018-02-08,218.564,630.5773
2018-02-09,218.587,630.6014
2018-02-10,218.587,630.6014
2018-02-11,218.587,630.6014
2018-02-12,218.589,630.6741
2018-02-13,218.598,630.6984
2018-02-14,218.608,630.7226
2018-02-15,218.616,630.7468
2018-02-16,218.645,630.7711
2018-02-17,218.645,630.7711
2018-02-18,218.645,630.7711
2018-02-19,218.645,630.8438
2018-02-20,218.65,630.868
2018-02-21,218.664,630.8922
2018-02-22,218.676,630.9164
2018-02-23,218.7,630.9407
2018-02-24,218.7,630.9407
2018-02-25,218.7,630.9407
2018-02-26,218.708,631.0134
2018-02-27,218.714,631.0377
2018-02-28,218.723,631.0619
2018-03-01,218.737,631.0884
2018-03-02,218.761,631.115
2018-03-03,218.761,631.115
2018-03-04,218.761,631.115
2018-03-05,218.764,631.1946
2018-03-06,218.771,631.2212
2018-03-07,218.777,631.2477
2018-03-08,218.788,631.2742
2018-03-09,218.814,631.3008
2018-03-10,218.814,631.3008
2018-03-11,218.814,631.3008
2018-03-12,218.82,631.3804
2018-03-13,218.818,631.407
2018-03-14,218.821,631.4336
2018-03-15,218.828,631.4601
2018-03-16,218.857,631.4867
2018-03-17,218.857,631.4867
2018-03-18,218.857,631.4867
2018-03-19,218.866,631.5663
2018-03-20,218.876,631.5929
2018-03-21,218.89,631.6195
2018-03-22,218.912,631.6461
2018-03-23,218.94,631.6726
2018-03-24,218.94,631.6726
2018-03-25,218.94,631.6726
2018-03-26,218.947,631.7523
2018-03-27,218.958,631.7789
2018-03-28,218.973,631.8054
2018-03-29,219.014,631.832
2018-03-30,219.014,631.8852
2018-03-31,219.014,631.8852
2018-04-01,219.014,631.8852
2018-04-02,219.015,631.942
2018-04-03,219.032,631.9703
2018-04-04,219.049,631.9988
2018-04-05,219.057,632.0272
2018-04-06,219.086,632.0555
2018-04-07,219.086,632.0555
2018-04-08,219.086,632.0555
2018-04-09,219.098,632.1407
2018-04-10,219.11,632.1692
2018-04-11,219.124,632.1976
2018-04-12,219.131,632.226
2018-04-13,219.161,632.2544
2018-04-14,219.161,632.2544
2018-04-15,219.161,632.2544
2018-04-16,219.173,632.3397
2018-04-17,219.178,632.368
2018-04-18,219.183,632.3965
2018-04-19,219.193,632.4249
2018-04-20,219.224,632.4533
2018-04-21,219.224,632.4533
2018-04-22,219.224,632.4533
2018-04-23,219.232,632.5386
2018-04-24,219.241,632.567
2018-04-25,219.255,632.5954
2018-04-26,219.269,632.6238
2018-04-27,219.297,632.6523
2018-04-28,219.297,632.6523
2018-04-29,219.297,632.6523
2018-04-30,219.306,632.7375
2018-05-01,219.317,632.768
2018-05-02,219.33,632.7985
2018-05-03,219.343,632.8289
2018-05-04,219.374,632.8594
2018-05-05,219.374,632.8594
2018-05-06,219.374,632.8594
2018-05-07,219.383,632.9507
2018-05-08,219.391,632.9811
2018-05-09,219.398,633.0116
2018-05-10,219.411,633.0421
2018-05-11,219.441,633.0725
2018-05-12,219.441,633.0725
2018-05-13,219.441,633.0725
2018-05-14,219.45,633.1639
2018-05-15,219.461,633.1944
2018-05-16,219.47,633.2249
2018-05-17,219.479,633.2553
2018-05-18,219.512,633.2858
2018-05-19,219.512,633.2858
2018-05-20,219.512,633.2858
2018-05-21,219.521,633.3772
2018-05-22,219.531,633.4077
2018-05-23,219.543,633.4381
2018-05-24,219.557,633.4686
2018-05-25,219.599,633.4991
2018-05-26,219.599,633.4991
2018-05-27,219.599,633.4991
2018-05-28,219.599,633.5905
2018-05-29,219.607,633.621
2018-05-30,219.619,633.6515
2018-05-31,219.628,633.682
2018-06-01,219.66,633.7139
2018-06-02,219.66,633.7139
2018-06-03,219.66,633.7139
2018-06-04,219.668,633.8098
2018-06-05,219.676,633.8417
2018-06-06,219.685,633.8736
2018-06-07,219.702,633.9056
2018-06-08,219.736,633.9375
2018-06-09,219.736,633.9375
2018-06-10,219.736,633.9375
2018-06-11,219.746,634.0333
2018-06-12,219.758,634.0653
2018-06-13,219.768,634.0972
2018-06-14,219.781,634.1292
2018-06-15,219.812,634.1611
2018-06-16,219.812,634.1611
2018-06-17,219.812,634.1611
2018-06-18,219.821,634.257
2018-06-19,219.833,634.289
2018-06-20,219.845,634.321
2018-06-21,219.858,634.3529
2018-06-22,219.893,634.3849
2018-06-23,219.893,634.3849
2018-06-24,219.893,634.3849
2018-06-25,219.909,634.4808
2018-06-26,219.923,634.5128
2018-06-27,219.936,634.5447
2018-06-28,219.947,634.5767
2018-06-29,219.978,634.6407
2018-06-30,219.978,634.6407
2018-07-01,219.978,634.6407
2018-07-02,219.98,634.707
2018-07-03,220.003,634.7402
2018-07-04,220.003,634.7734
2018-07-05,220.018,634.8066
2018-07-06,220.056,634.8398
2018-07-07,220.056,634.8398
2018-07-08,220.056,634.8398
2018-07-09,220.062,634.9394
2018-07-10,220.074,634.9726
2018-07-11,220.087,635.0058
2018-07-12,220.095,635.039
2018-07-13,220.129,635.0722
2018-07-14,220.129,635.0722
2018-07-15,220.129,635.0722
2018-07-16,220.138,635.1719
2018-07-17,220.149,635.2051
2018-07-18,220.164,635.2383
2018-07-19,220.179,635.2715
2018-07-20,220.213,635.3047
2018-07-21,220.213,635.3047
2018-07-22,220.213,635.3047
2018-07-23,220.225,635.4044
2018-07-24,220.236,635.4376
2018-07-25,220.247,635.4708
2018-07-26,220.26,635.5041
2018-07-27,220.293,635.5373
2018-07-28,220.293,635.5373
2018-07-29,220.293,635.5373
2018-07-30,220.304,635.637
2018-07-31,220.315,635.6702
2018-08-01,220.327,635.7048
2018-08-02,220.344,635.7393
2018-08-03,220.379,635.7739
2018-08-04,220.379,635.7739
2018-08-05,220.379,635.7739
2018-08-06,220.384,635.8775
2018-08-07,220.398,635.9121
2018-08-08,220.41,635.9466
2018-08-09,220.422,635.9812
2018-08-10,220.456,636.0157
2018-08-11,220.456,636.0157
2018-08-12,220.456,636.0157
2018-08-13,220.464,636.1194
2018-08-14,220.473,636.154
2018-08-15,220.485,636.1886
2018-08-16,220.499,636.2231
2018-08-17,220.535,636.2577
2018-08-18,220.535,636.2577
2018-08-19,220.535,636.2577
2018-08-20,220.548,636.3614
2018-08-21,220.559,636.396
2018-08-22,220.57,636.4306
2018-08-23,220.583,636.4652
2018-08-24,220.616,636.4997
2018-08-25,220.616,636.4997
2018-08-26,220.616,636.4997
2018-08-27,220.628,636.6035
2018-08-28,220.639,636.6381
2018-08-29,220.65,636.6727
2018-08-30,220.661,636.7073
2018-08-31,220.708,636.7419
2018-09-01,220.708,636.7419
2018-09-02,220.708,636.7419
2018-09-03,220.708,636.849
2018-09-04,220.715,636.8847
2018-09-05,220.723,636.9205
2018-09-06,220.737,636.9562
2018-09-07,220.774,636.9919
2018-09-08,220.774,636.9919
2018-09-09,220.774,636.9919
2018-09-10,220.79,637.0991
2018-09-11,220.802,637.1348
2018-09-12,220.817,637.1706
2018-09-13,220.829,637.2063
2018-09-14,220.864,637.242
2018-09-15,220.864,637.242
2018-09-16,220.864,637.242
2018-09-17,220.876,637.3493
2018-09-18,220.886,637.385
2018-09-19,220.899,637.4208
2018-09-20,220.912,637.4565
2018-09-21,220.947,637.4923
2018-09-22,220.947,637.4923
2018-09-23,220.947,637.4923
2018-09-24,220.959,637.5995
2018-09-25,220.969,637.6353
2018-09-26,220.983,637.6711
2018-09-27,220.996,637.7068
2018-09-28,221.032,637.8141
2018-09-29,221.032,637.8141
2018-09-30,221.032,637.8141
2018-10-01,221.043,637.8516
2018-10-02,221.054,637.889
2018-10-03,221.065,637.9265
2018-10-04,221.079,637.9639
2018-10-05,221.131,638.0013
2018-10-06,221.131,638.0013
2018-10-07,221.131,638.0013
2018-10-08,221.131,638.1137
2018-10-09,221.142,638.1511
2018-10-10,221.157,638.1886
2018-10-11,221.171,638.226
2018-10-12,221.21,638.2635
2018-10-13,221.21,638.2635
2018-10-14,221.21,638.2635
2018-10-15,221.219,638.3755
2018-10-16,221.233,638.4129
2018-10-17,221.245,638.4504
2018-10-18,221.258,638.4878
2018-10-19,221.298,638.5253
2018-10-20,221.298,638.5253
2018-10-21,221.298,638.5253
2018-10-22,221.312,638.6376
2018-10-23,221.324,638.6751
2018-10-24,221.338,638.7125
2018-10-25,221.352,638.75
2018-10-26,221.392,638.7875
2018-10-27,221.392,638.7875
2018-10-28,221.392,638.7875
2018-10-29,221.405,638.8999
2018-10-30,221.418,638.9373
2018-10-31,221.428,638.9748
2018-11-01,221.444,639.0141
2018-11-02,221.485,639.0533
2018-11-03,221.485,639.0533
2018-11-04,221.485,639.0533
2018-11-05,221.498,639.171
2018-11-06,221.509,639.2103
