,2009-01-02 14:00,2009-01-09 14:00,2009-01-16 14:00,2009-01-23 14:00,2009-01-30 14:00,2009-02-06 14:00,2009-02-13 14:00,2009-02-20 14:00,2009-02-27 14:00,2009-03-06 14:00,2009-03-13 14:00,2009-03-20 14:00,2009-03-27 14:00,2009-04-03 14:00,2009-04-10 14:00,2009-04-17 14:00,2009-04-24 14:00,2009-05-01 14:00,2009-05-08 14:00,2009-05-15 14:00,2009-05-22 14:00,2009-05-29 14:00,2009-06-05 14:00,2009-06-12 14:00,2009-06-19 14:00,2009-06-26 14:00,2009-07-03 14:00,2009-07-10 14:00,2009-07-17 14:00,2009-07-24 14:00,2009-07-31 14:00,2009-08-07 14:00,2009-08-14 14:00,2009-08-21 14:00,2009-08-28 14:00,2009-09-04 14:00,2009-09-11 14:00,2009-09-18 14:00,2009-09-25 14:00,2009-10-02 14:00,2009-10-09 14:00,2009-10-16 14:00,2009-10-23 14:00,2009-10-30 14:00,2009-11-06 14:00,2009-11-13 14:00,2009-11-20 14:00,2009-11-27 14:00,2009-12-04 14:00,2009-12-11 14:00,2009-12-18 14:00,2009-12-25 14:00,2010-01-01 14:00,2010-01-08 14:00,2010-01-15 14:00,2010-01-22 14:00,2010-01-29 14:00,2010-02-05 14:00,2010-02-12 14:00,2010-02-19 14:00,2010-02-26 14:00,2010-03-05 14:00,2010-03-12 14:00,2010-03-19 14:00,2010-03-26 14:00,2010-04-02 14:00,2010-04-09 14:00,2010-04-16 14:00,2010-04-23 14:00,2010-04-30 14:00,2010-05-07 14:00,2010-05-14 14:00,2010-05-21 14:00,2010-05-28 14:00,2010-06-04 14:00,2010-06-11 14:00,2010-06-18 14:00,2010-06-25 14:00,2010-07-02 14:00,2010-07-09 14:00,2010-07-16 14:00,2010-07-23 14:00,2010-07-30 14:00,2010-08-06 14:00,2010-08-13 14:00,2010-08-20 14:00,2010-08-27 14:00,2010-09-03 14:00,2010-09-10 14:00,2010-09-17 14:00,2010-09-24 14:00,2010-10-01 14:00,2010-10-08 14:00,2010-10-15 14:00,2010-10-22 14:00,2010-10-29 14:00,2010-11-05 14:00,2010-11-12 14:00,2010-11-19 14:00,2010-11-26 14:00,2010-12-03 14:00,2010-12-10 14:00,2010-12-17 14:00,2010-12-24 14:00,2010-12-31 14:00,2011-01-07 14:00,2011-01-14 14:00,2011-01-21 14:00,2011-01-28 14:00,2011-02-04 14:00,2011-02-11 14:00,2011-02-18 14:00,2011-02-25 14:00,2011-03-04 14:00,2011-03-11 14:00,2011-03-18 14:00,2011-03-25 14:00,2011-04-01 14:00,2011-04-08 14:00,2011-04-15 14:00,2011-04-22 14:00,2011-04-29 14:00,2011-05-06 14:00,2011-05-13 14:00,2011-05-20 14:00,2011-05-27 14:00,2011-06-03 14:00,2011-06-10 14:00,2011-06-17 14:00,2011-06-24 14:00,2011-07-01 14:00,2011-07-08 14:00,2011-07-15 14:00,2011-07-22 14:00,2011-07-29 14:00,2011-08-05 14:00,2011-08-12 14:00,2011-08-19 14:00,2011-08-26 14:00,2011-09-02 14:00,2011-09-09 14:00,2011-09-16 14:00,2011-09-23 14:00,2011-09-30 14:00,2011-10-07 14:00,2011-10-14 14:00,2011-10-21 14:00,2011-10-28 14:00,2011-11-04 14:00,2011-11-11 14:00,2011-11-18 14:00,2011-11-25 14:00,2011-12-02 14:00,2011-12-09 14:00,2011-12-16 14:00,2011-12-23 14:00,2011-12-30 14:00,2012-01-06 14:00,2012-01-13 14:00,2012-01-20 14:00,2012-01-27 14:00,2012-02-03 14:00,2012-02-10 14:00,2012-02-17 14:00,2012-02-24 14:00,2012-03-02 14:00,2012-03-09 14:00,2012-03-16 14:00,2012-03-23 14:00,2012-03-30 14:00,2012-04-06 14:00,2012-04-13 14:00,2012-04-20 14:00,2012-04-27 14:00,2012-05-04 14:00,2012-05-11 14:00,2012-05-18 14:00,2012-05-25 14:00,2012-06-01 14:00,2012-06-08 14:00,2012-06-15 14:00,2012-06-22 14:00,2012-06-29 14:00,2012-07-06 14:00,2012-07-13 14:00,2012-07-20 14:00,2012-07-27 14:00,2012-08-03 14:00,2012-08-10 14:00,2012-08-17 14:00,2012-08-24 14:00,2012-08-31 14:00,2012-09-07 14:00,2012-09-14 14:00,2012-09-21 14:00,2012-09-28 14:00,2012-10-05 14:00,2012-10-12 14:00,2012-10-19 14:00,2012-10-26 14:00,2012-11-02 14:00,2012-11-09 14:00,2012-11-16 14:00,2012-11-23 14:00,2012-11-30 14:00,2012-12-07 14:00,2012-12-14 14:00,2012-12-21 14:00,2012-12-28 14:00,2013-01-04 14:00,2013-01-11 14:00,2013-01-18 14:00,2013-01-25 14:00,2013-02-01 14:00,2013-02-08 14:00,2013-02-15 14:00,2013-02-22 14:00,2013-03-01 14:00,2013-03-08 14:00,2013-03-15 14:00,2013-03-22 14:00,2013-03-29 14:00,2013-04-05 14:00,2013-04-12 14:00,2013-04-19 14:00,2013-04-26 14:00,2013-05-03 14:00,2013-05-10 14:00,2013-05-17 14:00,2013-05-24 14:00,2013-05-31 14:00,2013-06-07 14:00,2013-06-14 14:00,2013-06-21 14:00,2013-06-28 14:00,2013-07-05 14:00,2013-07-12 14:00,2013-07-19 14:00,2013-07-26 14:00,2013-08-02 14:00,2013-08-09 14:00,2013-08-16 14:00,2013-08-23 14:00,2013-08-30 14:00,2013-09-06 14:00,2013-09-13 14:00,2013-09-20 14:00,2013-09-27 14:00,2013-10-04 14:00,2013-10-11 14:00,2013-10-18 14:00,2013-10-25 14:00,2013-11-01 14:00,2013-11-08 14:00,2013-11-15 14:00,2013-11-22 14:00,2013-11-29 14:00,2013-12-06 14:00,2013-12-13 14:00,2013-12-20 14:00,2013-12-27 14:00,2014-01-03 14:00,2014-01-10 14:00,2014-01-17 14:00,2014-01-24 14:00,2014-01-31 14:00,2014-02-07 14:00,2014-02-14 14:00,2014-02-21 14:00,2014-02-28 14:00,2014-03-07 14:00,2014-03-14 14:00,2014-03-21 14:00,2014-03-28 14:00,2014-04-04 14:00,2014-04-11 14:00,2014-04-18 14:00,2014-04-25 14:00,2014-05-02 14:00,2014-05-09 14:00,2014-05-16 14:00,2014-05-23 14:00,2014-05-30 14:00,2014-06-06 14:00,2014-06-13 14:00,2014-06-20 14:00,2014-06-27 14:00,2014-07-04 14:00,2014-07-11 14:00,2014-07-18 14:00,2014-07-25 14:00,2014-08-01 14:00,2014-08-08 14:00,2014-08-15 14:00,2014-08-22 14:00,2014-08-29 14:00,2014-09-05 14:00,2014-09-12 14:00,2014-09-19 14:00,2014-09-26 14:00,2014-10-03 14:00,2014-10-10 14:00,2014-10-17 14:00,2014-10-24 14:00,2014-10-31 14:00,2014-11-07 14:00,2014-11-14 14:00,2014-11-21 14:00,2014-11-28 14:00,2014-12-05 14:00,2014-12-12 14:00,2014-12-19 14:00,2014-12-26 14:00,2015-01-02 14:00,2015-01-09 14:00,2015-01-16 14:00,2015-01-23 14:00,2015-01-30 14:00,2015-02-06 14:00,2015-02-13 14:00,2015-02-20 14:00,2015-02-27 14:00,2015-03-06 14:00,2015-03-13 14:00,2015-03-20 14:00,2015-03-27 14:00,2015-04-03 14:00,2015-04-10 14:00,2015-04-17 14:00,2015-04-24 14:00,2015-05-01 14:00,2015-05-08 14:00,2015-05-15 14:00,2015-05-22 14:00,2015-05-29 14:00,2015-06-05 14:00,2015-06-12 14:00,2015-06-19 14:00,2015-06-26 14:00,2015-07-03 14:00,2015-07-10 14:00,2015-07-17 14:00,2015-07-24 14:00,2015-07-31 14:00,2015-08-07 14:00,2015-08-14 14:00,2015-08-21 14:00,2015-08-28 14:00,2015-09-04 14:00,2015-09-11 14:00,2015-09-18 14:00,2015-09-25 14:00,2015-10-02 14:00,2015-10-09 14:00,2015-10-16 14:00,2015-10-23 14:00,2015-10-30 14:00,2015-11-06 14:00,2015-11-13 14:00,2015-11-20 14:00,2015-11-27 14:00,2015-12-04 14:00,2015-12-11 14:00,2015-12-18 14:00,2015-12-25 14:00,2016-01-01 14:00,2016-01-08 14:00,2016-01-15 14:00,2016-01-22 14:00,2016-01-29 14:00,2016-02-05 14:00,2016-02-12 14:00,2016-02-19 14:00,2016-02-26 14:00,2016-03-04 14:00,2016-03-11 14:00,2016-03-18 14:00,2016-03-25 14:00,2016-04-01 14:00,2016-04-08 14:00,2016-04-15 14:00,2016-04-22 14:00,2016-04-29 14:00,2016-05-06 14:00,2016-05-13 14:00,2016-05-20 14:00,2016-05-27 14:00,2016-06-03 14:00,2016-06-10 14:00,2016-06-17 14:00,2016-06-24 14:00,2016-07-01 14:00,2016-07-08 14:00,2016-07-15 14:00,2016-07-22 14:00,2016-07-29 14:00,2016-08-05 14:00,2016-08-12 14:00,2016-08-19 14:00,2016-08-26 14:00,2016-09-02 14:00,2016-09-09 14:00,2016-09-16 14:00,2016-09-23 14:00,2016-09-30 14:00,2016-10-07 14:00,2016-10-14 14:00,2016-10-21 14:00,2016-10-28 14:00,2016-11-04 14:00,2016-11-11 14:00,2016-11-18 14:00,2016-11-25 14:00,2016-12-02 14:00,2016-12-09 14:00,2016-12-16 14:00,2016-12-23 14:00,2016-12-30 14:00,2017-01-06 14:00,2017-01-13 14:00,2017-01-20 14:00,2017-01-27 14:00,2017-02-03 14:00,2017-02-10 14:00,2017-02-17 14:00,2017-02-24 14:00,2017-03-03 14:00,2017-03-10 14:00,2017-03-17 14:00,2017-03-24 14:00,2017-03-31 14:00,2017-04-07 14:00,2017-04-14 14:00,2017-04-21 14:00,2017-04-28 14:00,2017-05-05 14:00,2017-05-12 14:00,2017-05-19 14:00,2017-05-26 14:00,2017-06-02 14:00,2017-06-09 14:00,2017-06-16 14:00,2017-06-23 14:00,2017-06-30 14:00,2017-07-07 14:00,2017-07-14 14:00,2017-07-21 14:00,2017-07-28 14:00,2017-08-04 14:00,2017-08-11 14:00,2017-08-18 14:00,2017-08-25 14:00,2017-09-01 14:00,2017-09-08 14:00,2017-09-15 14:00,2017-09-22 14:00,2017-09-29 14:00,2017-10-06 14:00,2017-10-13 14:00,2017-10-20 14:00,2017-10-27 14:00,2017-11-03 14:00,2017-11-10 14:00,2017-11-17 14:00,2017-11-24 14:00,2017-12-01 14:00,2017-12-08 14:00,2017-12-15 14:00,2017-12-22 14:00,2017-12-29 14:00,2018-01-05 14:00,2018-01-12 14:00,2018-01-19 14:00,2018-01-26 14:00,2018-02-02 14:00,2018-02-09 14:00,2018-02-16 14:00,2018-02-23 14:00,2018-03-02 14:00,2018-03-09 14:00,2018-03-16 14:00,2018-03-23 14:00,2018-03-30 14:00,2018-04-06 14:00,2018-04-13 14:00,2018-04-20 14:00,2018-04-27 14:00,2018-05-04 14:00,2018-05-11 14:00,2018-05-18 14:00,2018-05-25 14:00,2018-06-01 14:00,2018-06-08 14:00,2018-06-15 14:00,2018-06-22 14:00,2018-06-29 14:00,2018-07-06 14:00,2018-07-13 14:00,2018-07-20 14:00,2018-07-27 14:00,2018-08-03 14:00,2018-08-10 14:00,2018-08-17 14:00,2018-08-24 14:00,2018-08-31 14:00,2018-09-07 14:00,2018-09-14 14:00,2018-09-21 14:00,2018-09-28 14:00,2018-10-05 14:00,2018-10-12 14:00,2018-10-19 14:00,2018-10-26 14:00,2018-11-02 14:00,2018-11-09 14:00,2018-11-16 14:00,2018-11-23 14:00,2018-11-30 14:00,2018-12-07 14:00,2018-12-14 14:00,2018-12-21 14:00,2018-12-28 14:00,2019-01-04 14:00,2019-01-11 14:00,2019-01-18 14:00,2019-01-25 14:00,2019-02-01 14:00,2019-02-08 14:00,2019-02-15 14:00,2019-02-22 14:00,2019-03-01 14:00,2019-03-08 14:00,2019-03-15 14:00,2019-03-22 14:00,2019-03-29 14:00,2019-04-05 14:00,2019-04-12 14:00,2019-04-19 14:00,2019-04-26 14:00,2019-05-03 14:00,2019-05-10 14:00,2019-05-17 14:00,2019-05-24 14:00,2019-05-31 14:00,2019-06-07 14:00,2019-06-14 14:00,2019-06-21 14:00,2019-06-28 14:00,2019-07-05 14:00,2019-07-12 14:00,2019-07-19 14:00,2019-07-26 14:00,2019-08-02 14:00,2019-08-09 14:00,2019-08-16 14:00,2019-08-23 14:00,2019-08-30 14:00,2019-09-06 14:00,2019-09-13 14:00,2019-09-20 14:00,2019-09-27 14:00,2019-10-04 14:00,2019-10-11 14:00,2019-10-18 14:00,2019-10-25 14:00,2019-11-01 14:00,2019-11-08 14:00,2019-11-15 14:00,2019-11-22 14:00,2019-11-29 14:00
AUDCAD,-0.004007279,0.01104109,0.003088339,-0.009717231,0.000619883,-0.005648386,0.001903243,0.006576737,0.003681059,0.012061805,-0.004794523,0.001035163,-0.000185349,0.002112975,0.01663879,0.002551863,-0.004457741,0.004660631,0.004527548,0.004287068,0.006399123,0.001462424,-0.000726613,-0.001520241,-7.95E-05,-0.003179453,0.000776394,0.002784883,-0.00520997,0.001946743,0.003102632,-0.002629895,-0.00289769,0.003944098,0.000972247,0.001683215,0.002410286,0.000792987,0.000679433,-0.002403682,-0.000986413,,,0.012798539,0.001051157,0.000688891,-0.001685469,-0.002002795,0.004068658,0.002754633,0.003774001,-0.002335991,0.003029931,0.002148787,0.002289196,-0.000616564,-0.002261411,-0.000988773,-0.001746044,-0.002994747,-0.001203841,-0.00146561,0.000593572,,,0.003290731,0.00274553,-0.000893158,0.005697455,0.001894387,-0.007625156,-0.006039168,-0.001454125,-0.012040854,-0.019924048,-0.002044341,-0.001208571,0.002378422,-0.006497899,0.008232971,-0.009716535,,,,,,,,,,0.005225136,-0.000289465,0.004991456,-0.000581764,0.000106471,0.006441292,0.002848976,-0.011288128,0.004726293,-0.002685836,0.000751839,0.003447067,0.000938563,0.000549314,,,,,,,,,,,,,,,,,,,,,,,,,,,,,,,,,,,,,,,,,,,,,,,,,,,,,,0.003963977,-0.000825447,9.13E-05,0.002963736,0.00092905,-0.00460336,0.006546634,-0.002246795,0.005790352,0.001765099,0.004961983,0.001710173,0.003576877,0.002613294,0.002312775,0.006165606,0.003097407,0.002799142,0.001624497,0.003711435,0.004282467,0.01135501,0.009794434,0.00775821,0.01444909,0.008220001,-0.006067957,-0.006145901,-0.008559694,-0.007699994,-0.000880625,-0.006367057,-0.005012358,-0.004709095,-0.002320318,-0.002168433,-0.003230486,-0.000619249,-0.001251736,-0.00405621,-0.003512357,,-0.003148712,,,,0.005259815,,,0.004515041,,,,,,,,,,,,,,,,,-0.000902167,-0.000293841,-0.000493642,,,,-0.000239196,-0.000245401,-0.007047559,0.003914081,,,,,,,-0.004424212,,,,,,,,,,0.006653211,0.006032169,0.00425882,,,,,,,,,,,,0.006586605,0.010259551,0.005775729,0.004526405,0.00042111,0.000555258,0.00079032,0.000640989,0.001002146,0.000923275,-0.000615433,-0.00578287,-0.019947786,,,,,,,,,,,,,,,,,,,,,,,,-0.002866559,,,,,,,,,,,0.00419354,,,,,,,,,,,,,7.64E-05,,,,,,,,,,,,,,,,,,,,,,,,,,,,,,,,,,,,,,,,,,,,,,,,,,,,,,,,,,,,,,,,,,,,,,,,,,,,,,,0.002793291,0.002773754,0.000937483,0.000922621,0.000926942,0.003137739,0.003989751,0.004137156,0.003359806,0.0018455,-0.002968958,0,0.004156491,-0.004938853,-0.000848301,0.005090788,,,-0.0045278,0,-0.002380153,0.002697572,3.12E-05,0.004060652,0.001622006,-0.004689432,0.007629728,0.000415973,0.000942383,0.002057723,0.001341277,-0.002841705,0.00146554,-0.001756735,0.00147533,-0.001505718,0.0020948,-0.00147985,-0.000389816,-0.001934009,0.001569497,-0.001077137,-0.002046974,0.004913064,-0.00256796,0.004424271,0.002167039,-0.001346787,0.001360199,0.002755916,-0.00105702,-0.005108187,-0.003155938,0.002642161,-0.003653485,0.004762431,0.000772142,-0.004740498,0.002428157,0.002127651,-0.000482145,,,0.000846572,-0.03029019,,,,,,0.001869836,-0.000218992,0.003536048,0.001030444,,-0.00152909,0.002513969,0.001276549,,,,,,,,,,,,,-0.001831569,-0.001766234,-0.001681555,-0.001796526,,,,,,,,,,0.00173957,0.001736551,0.001758263,0.00175223,,,,,,,,,,,,,,,,,,,,,,,,,,,-0.000105115,-0.00010359,-0.000116883,,,-0.000178107,-0.001869069,0.00119777,-0.001315083,0.012728338,-0.004313614,-0.001424185,0.000491242,-0.002472293,0.005041865,-0.001840052,-0.003615331,0.002612449,3.45E-05,-0.003811477,0.002940935,-0.000311793,0.00211676,0.001303106,-0.003228813,-0.007117196,-0.000402738,,,9.43E-05,,,,,
AUDJPY,-0.005149815,-0.006233458,0.025602489,-0.002651063,0.004794986,-0.005981323,-0.002437708,-0.004082001,0.004738775,-0.00214475,-0.005920604,-0.006466115,0.020959486,0.048262369,0.053112446,0.032080838,-0.011096882,0.00824184,-0.053917509,0.005661404,0.008918484,0.001054213,0.001344667,-0.002426487,0.004708022,0.001796959,-0.002313985,0.003487174,0.00046526,-0.00246459,0.000240102,7.28E-05,-4.59E-05,0.000695428,0.001094102,0.003691767,-0.000562025,0.002287789,-0.000777749,-0.001349361,0.001404606,-0.00485597,,,,,,,,,,,0.000347111,-0.003193142,0.001533703,,,-0.012623578,,,-0.002000577,0.000631838,0.004746471,0.000234085,-0.008453975,0.002372161,0.008754469,0.000900986,0.000402321,0.007992929,,,0.037438373,-0.027328033,0.001751754,0.003780119,-0.008579517,0.000252297,0.019829875,-0.046222968,0.010905072,-0.001003731,-0.017291533,0.008328993,0.013603761,0.011705483,0.011277851,0.001185481,-5.93E-05,0.039040126,,,,,,,,,,,,,,,,,,,,,,,,,0.001813019,0.001486932,0.000190172,,,,,,0.002913527,0.001712613,0.000277964,0.000624233,0.001467706,0.001742177,0.001840386,-0.001519417,-0.001066369,,-0.004798365,,-0.004060944,0.004133738,,,0.018290924,0.009994071,,-0.006670791,0.002726419,-0.009529836,0.001302344,-0.004480801,-4.29E-05,0.022880566,0.011522215,-0.002238722,-0.00571393,-0.004111265,-0.099665992,,,,,,,,,,,,,,,,,,,-0.004201903,0.001035017,0.001330882,-0.013415704,-0.010302468,-0.046884574,-0.003947575,-0.015221958,0.007481045,0.007458165,0.008872174,0.007179768,0.007970364,0.00542831,0.006403577,-0.005203466,-0.004708164,-0.00207688,-0.002099609,0.015520881,0.013802543,0.013521902,0.013444172,-0.004517222,-0.004631884,-0.004838363,-0.003995317,-0.004441142,0.000522833,0.000203944,0.001551779,0.000721404,0.003848769,0.003735695,0.005149821,0.008612386,0.000896942,0.00778009,0.009216368,0.012533092,0.012025326,0.010589517,0.013097798,0.011535985,0.008590491,0.001060441,-0.008106726,0.010159755,0.007098553,0.005401538,0.002985677,0.006645844,0.013804877,0.006772117,0.005225141,0.008935491,,,-0.006187486,-0.006140809,-0.02224362,-0.001653611,0.004355367,0.006654647,0.005330427,-0.003827574,0.001380546,-0.00161104,-0.00454814,-0.004723001,0.00747881,0.005014563,0.024015691,0.002624528,0.001471163,0.004411257,0.003096837,0.006154721,0.005111321,0.004872144,0.002670625,-0.005027895,-0.001184944,0.001281917,-0.002337068,3.94E-05,-0.001808154,0.000237348,-0.002671558,-0.004260106,-0.005333165,-0.002265252,-0.003258978,-0.0027536,0.000475982,0.002389686,0.002013625,0.004030078,-0.000148944,0.007235211,0.003805628,-0.000344254,-0.002726871,-0.0022051,0.00053691,0.001137319,0.000257753,0.000210789,0.000336311,-0.001322443,-0.003030894,-0.005674484,,,,,,,,,0.000496919,,,,0.000254319,,,,,,,,,,,,,,,,,,,,,,,,,,,,0.001415985,,,-0.011348482,,,,,,,,,,,,,,,,,,0.006650855,,,,-0.014458795,0.005441433,0.00547769,-0.000585253,-0.000669309,0.007644671,0.008217651,0.008122321,0.002192734,0.002352568,0.002316432,0.002245529,0.003225555,-0.008240572,-0.007690718,-0.009393514,-0.008640293,-0.006208792,-0.013364148,-0.013904862,-0.00984112,,,-0.009904852,-0.011183335,,,,,,,,,,,,,,,,,,,,,,,,,,,,,,,,,,,,,,,,,,,,,,,,,,,,,,,,,,,,,,,,,,,,,,,,,0.008734017,-0.000454504,0,0.000221936,0,0.002995886,0.000690204,0,0,0,0,0,0,0,0.004408777,,0.004248168,,,,,,,,0.003834239,0.007461307,,0.003739072,-0.000269569,-0.006574257,0.024114103,-0.000654637,-0.000300489,-0.002248456,0.001144598,-0.003271667,0.010827749,-0.005063507,0.003208388,-0.001567987,0.009186629,-0.000408477,-0.006386201,-0.003201733,,,,,-0.001873908,-0.003899785,-0.001870884,-0.001857019,-0.001775233,0.006546449,,,,,,,,,,,,,,,,,,,,,,,,,,,,,,,,,,,,,,,,,,,,,,,,,,,,,,,,,,,,,,,,,,,,,,,
AUDNZD,0.002434402,-0.006943532,-0.006162456,,0.005752537,0.005817677,-0.005650787,,,,,,,,,,,,,,,,,,,,,,,,,,,,,,,,6.85E-05,-4.82E-05,-0.007044718,-0.006547833,-0.00366685,,,,,,,,-0.007538383,,,,,,,-0.003992288,,,,,,,,,,,,,,,,,,,,,,,,0.002212367,-0.001796752,-0.000368877,,,,,,,,,,,,,,,,,,,,,,-0.001940179,-0.00199528,-0.002627703,-0.002753069,,,,0.006718525,0.006563825,,,,,0.000393638,0.00118873,,0.001202207,0.001222606,0.000400259,0.000387615,-0.008978601,,-0.017007588,,,,,,,,,,,,,,,,,,,,,,,,,,,,,,,,,,,,,,,,,,,,0.000324525,0.000313615,,,,,,,,,,,,,,,,,,,,,,,,-0.001319791,,,,,,,,,,,,,,,,,,,,,,,,,,,,,,,,,,,,,,,,,,,-0.009813098,,,,,,,,,0.003879678,,,0.003176161,,,,,,,,-0.007969328,,,-0.004351706,-0.007497946,-0.00736977,,,,,,,-0.006583234,,,,,,,,,,,,,,,,,,,-0.004222815,,0.010605375,0.004191717,0.000980778,0.002489008,-0.00135868,-0.004981279,-0.003488896,0.004755893,-0.002756129,-0.001110975,-0.004396264,,,,,,,,,,,,,-0.012895108,,,,,,,,0.002142952,,,0.001910104,0.001547164,0.001544713,0.003580567,0.001894248,0.004416686,0.004716823,0.001540315,-0.00393146,-0.002894275,-0.003341206,,,0.010881931,,,,,,,,,,,,,,,,,,0.001042151,0.007221107,-0.008809671,0.002272177,0.002155375,,,,,,0.004498323,-0.00098699,-0.006201547,0.001306464,0.009664472,-0.008167123,0.003167741,-0.009217692,,,,,,,,,,,,,,,,,,,,,,,,,,,,,,,,,,,,,,,,,,,,,-7.61E-05,5.84E-05,-0.000423433,,-0.000755503,-0.000656714,-0.000123786,-0.000582377,-0.002266408,0.000204749,-0.00011424,-0.000571115,0.001712716,0.001131856,0.001520305,0.00147443,0.000610361,-0.000392188,0.000178469,0.000357229,0.000646727,0.000197569,0.000208955,-6.42E-05,5.42E-05,-0.000122302,,,,,,,,,,,,,,,,,,,,,,,,,,,,,,,,,,,,0.001196191,,,,-0.00026559,,,,,,,,,,,,,,,,,,,,,,,,,,,,,,,,,,,,,,,,,,,,,,,,,,,,,,,,,,,,,,,,,,,,,,,,,,,,,,,,,,,,,
AUDUSD,0.002112717,0,0,-0.001313406,-0.004564911,-0.000702979,-0.000976275,-0.001881634,-0.002745968,0.001016395,-0.000742471,-0.000154304,0.004797783,-0.000790035,0,0.003984328,0,-0.000789101,0,0,-0.001118105,0.001922507,0,-0.002857358,-0.005641284,-0.004006013,-0.010371359,-0.007781889,0.005943042,0.000525821,0.008470482,0.012963681,-0.014591295,0.003080298,-0.006863194,-0.007316008,-0.002107408,0.00657985,-0.000789395,-0.00602071,0.00097628,0.002113859,0.013799439,0.001353571,0.012390643,0.011830144,0.006370082,0.008361613,-0.012517037,-0.008826188,-0.002305448,-0.014000197,-0.006994946,0.004862731,0.000911371,-0.002349326,-0.005416021,-0.006543353,0.000879766,0.008666949,0.001064175,0.002102373,0.005857118,-0.001119027,-0.004299104,-0.000919782,-0.000541547,0.00284055,0.007597422,0.00706443,,,0.011973816,-0.010629507,-0.029760041,0.003013841,0.000933063,0.00202419,-0.003265588,,,,,,,,,,,0,0,0,,,,-0.010207778,,,,,-0.007870133,,0.00060428,-0.001206829,0.005723145,-0.001409478,0.005531193,0.001689037,,0.007564605,,,,-0.000508637,-0.000510698,-0.00051183,,,,,,,0.000455681,0.000469122,0.002360741,0.004456715,0.016908796,0.005623217,0.013481465,0.008784341,0.003274913,-0.00101493,-0.002273161,0.002055142,-0.010680536,0,0,0,0,-0.002057516,0.00455687,-0.001173556,0.00138585,-0.008233425,-0.003997239,,,,,,,-0.008249017,,,,,,,,,,,,,,,,,,,-0.010015942,,-0.010303106,-0.010506298,0.008512955,,,,,,,,,,,,,0,0,0,0,-0.006183711,,,,,,,,,,,,0.005770764,0.002585183,0.003316405,0.003975711,0.001881946,0.001086643,0.001682046,0.002649649,0.003057008,0.000435412,0.000269568,-0.005614623,0.000336004,0.000745697,0.004281481,-0.003157764,0.009193056,0.008627078,,,,,-0.003001648,,,,,,,,,,,,,,0.004611014,0.004916561,0.00489047,0.004571518,,0.004646117,0.00474613,0.010887124,0.004807214,0.005043844,0.004951502,0.005100165,0.005003702,0.004655335,0.00465512,0.004338584,,-0.005403072,-0.008469115,-0.008679998,0.005087352,0.004910098,0.005066467,0.003701512,-0.003639373,-0.003722201,-0.003542833,,,,0,0,0,0,0.003172608,0,0.003244152,0.012172763,0.004147862,,,,,,,,,,,,,,,,,,,,,-0.006602747,0.006139648,0.006358015,0.005359412,0.000738216,0.00156327,-0.000739175,-0.007035766,0.000845655,0.001733023,-0.000924618,-0.00456115,-0.000948153,-0.004726714,-0.001267688,-0.001105869,-0.001050424,0.003242708,-0.005198779,-0.005619073,-0.007506296,-0.006816276,-0.006692473,-0.001379466,-0.000841995,-0.003594543,-0.001774636,-0.003245229,-0.003418885,-0.003318182,-0.001576345,-0.005655875,-0.009754726,,,-0.002960254,-0.006896457,0.001265461,0.001265165,0.001268386,0,0,0,-0.00567787,-0.006763668,-0.004969787,0.00191747,0.001897548,0.001877476,-0.002803007,-0.009007781,-0.008615181,,,,-0.000583538,-0.001763406,-0.006075493,-6.25E-05,-0.009060705,0.005055898,-0.003579513,0.002241101,0.001811229,0.010790329,0.00489472,0,0,0.002547783,,,,,,,,,,,,,,,,,,,,,,,,,,,,,,,,,,,,,,,,,,,,,,,,,,,,,,,,,,,0.004487239,,,,,,,,,,,,,,,,,,,,,,,,,,,,,,,-0.008108029,0.001816363,0.001850464,0.001826281,0.001807789,,,-0.005549203,-0.005273597,-0.005328255,-0.010649138,,0.006511598,0.007190197,0.006489662,0.004374657,0.010103417,0.009335227,0.001025783,0.025556523,0.010851508,0.012206674,0.007135914,0.011007808,-0.001955752,0.003611659,0.009283259,0.002387598,-0.003891212,-0.004226778,-0.00210609,0.000402464,-0.007370407,0.002462443,0.00682385,0.000601711,-0.006461006,-0.006965538,-0.011602511,-0.018932503,-0.004030153,0.003095116,0.001188939,0.000741594,0.002641086,-0.004693342,-0.003107948,-0.00340074,-0.009148208,0.011773142,-0.005832142,0.003563636,-0.000794312,0.001371449,0.019335437,-0.002333949,0.003111142,-0.011041043,-0.004011888,0.010365499,0.000690148,0.002376115,-0.000670977,0.003801206,0.006239804,,,,,,,,,,,,,,,,-0.007937874,,,,,,,,,,,,,,,,,,,,,,0.00742626,,,,,,,,,,,
CADCHF,,,,,,,,,,,,,,,,,,,,,,,,,,,,,,,,,,0.012111836,,,,0.005022542,-0.006907584,0.000723244,0.022917553,-0.012257954,0.006517534,-0.011538174,-0.00152918,-0.005004224,-6.70E-06,0.008924029,0.012418149,0.003937058,0.005538502,-0.000667079,-0.000500932,-0.004935999,,,,,,,,,,,,,,,,,,,,,0.01128142,,,,-0.010560318,-0.004281278,-0.010145963,-0.007083993,-0.002399578,-0.003733694,0.002713161,0.001407524,0.007259207,,,,,,,,,,,,,,,,,,,,,,,,,,,,,,,,,,,,,,,,,,,,,,,,,0.003919847,-0.052630217,-0.012592649,,-0.000374563,,,,,,,,,,,,,0.010119147,,,,,,,,0.000306793,-0.007713696,,,-0.012687124,-0.009433632,,,-0.000721604,-0.00958123,,,,0.004454032,0.003350032,,0.004273717,,,,,,,,,,,0.004154089,0.004844547,0.004999277,-0.00461882,-0.000987494,,,,,,,,,,,,,,,,,,,,,,,,,,,,,,,,,,,,,,2.22E-05,-0.006501573,0.016038197,,,,,,,,,,,,,,,,,,,,,,,,,,,,,,,,,,,,,,,,,,,,,,,,,,,,,,,,,,,,,,,,,,,,,,,,,,,,,,,,,,,,-0.103457108,0.037260235,-0.053087804,0.051265981,0.015188365,0.002652924,-0.004992426,0.003929055,-0.020329134,-0.021488938,0.022300165,-0.027794327,,,,,,,,,,,,,,,,,,,,,,,,,,,,,,,,,,,,,,,,,-0.003074171,0.002607202,,,,,,,,,,,,,,,,,,,,,,,,,,,,,,,,,,,,,,,,,,,,,,,,,,,,,,,,,,,,,,,,,,,,,,,,,,,,,,,,,,,,,,,,,,,,,,,,,,0.001102993,0.001470475,-0.002747403,-0.001272889,0.013422804,,,0.002131772,-0.00139409,-0.00796346,-0.004322873,-0.003529845,0.001079234,0.008273268,,,,,,,,,,,,,,,,,,,,,,,,,,-0.005292418,-0.003079989,-0.004090577,,,,,,,,,,,,,,,,-0.002607981,0.000466229,-0.000158947,,,,,,,,,-0.000361157,,0.005912231,0.002250772,-0.002006242,0.00193229,0.00297592,0.000599244,-0.001545411,-0.000109777,-0.009490579,0.001209736,0.001113824,0.002163484,0.003874573,-0.00049908,0.003450889,0.001621208,0.000430348,0.000121076,0.004136371,-0.001294655,0.001945758,8.30E-05,-0.017507254,-0.005764447,0.020432527,-0.002092355,-0.002169001,-0.002141761,-0.002057888,0,,,,
CADJPY,-0.001773878,-0.018779883,0.025277983,0.0005672,-0.003628852,-0.002778266,0.005684253,-0.005138988,0.001500346,-0.001694676,-0.003212442,-0.007183761,0.004874472,0.002930182,0.002485085,0.00985405,-0.0007014,0.003755066,0.016987159,0.002703907,0.008326562,-0.000578941,0.001980132,-0.001696023,0.003666641,0.000553822,-0.000325017,0.002855239,0.000762156,-0.001502969,-0.000167183,0.000319865,-0.000260871,-0.000344483,0.000821475,0.003104288,-0.000466427,0.002178764,-0.000934049,-0.000375459,,,0.009008213,-0.016429858,-0.002033065,,,,,,,,,,,,,,,,,,,,-0.008066169,,,,,0.008489578,,,0.030457797,-0.008133853,-0.019339819,-0.002639455,0.003561155,,,0.009703636,-0.011380792,0.004991567,-0.00920529,,0.002525504,-0.007983291,0.007545717,0.012110875,-0.000128857,-0.005287483,0.007242334,-0.000511254,-0.001945365,,,,,,,,,,,,,,,,,,,-0.002819197,-0.002614359,-0.005230932,-0.00443126,0.000303871,0.003122172,0.000307031,0.001847759,,-0.000155197,-0.004553557,,,,,,,,,,,,,,,-0.010760593,-0.004500726,0.00909965,-0.003659959,-0.011250164,0.015375376,,,,,,,,,,,,,,,,,,,,,,,,,,,,,,,,,,,,,,,,,,,,,,,,,,,,,,,,,,,,,0.006737672,-0.002318293,0.001344161,-0.001570065,-0.003358137,0.003320372,0.003949888,0.004732884,0.006084641,0.002643543,-0.004197741,0.001484872,0.002376058,0.002722467,-0.000645903,,,0.006901415,,,0.007482836,0.008117876,0.008165424,0.008770412,0.008760033,0.009348049,,,,,,,0.004276141,0.001497753,0.003639584,0.001758104,0.00304355,0.006342412,,,,,,,,,,,,,,,,,,,,,,,,-0.000600576,0.001276755,0.006782663,0.004611515,0.003161411,0.005945989,0.002638265,,,0.000115291,-0.002404633,,,,,,,,,,,,,,,,,,,,,,,,,0.000981564,,,,,,,0.007996899,0.003881336,0.002241733,-0.011305299,,,,,,,,-0.00585206,-0.014798765,0.005710595,0.005791792,-0.002356272,-0.002453329,0.004797919,-0.004867801,-0.019941436,-0.016757091,-0.01203576,,,0.004524392,0.004556787,,-0.003317177,-0.003365458,-0.003405288,-0.00339763,0.010349838,0.009841062,,,,,,,,,,-0.006743134,-0.000979448,0.003426394,0.003450285,-0.00142117,0.002713086,0.004451318,0.006590898,0.005799439,0.003675302,0.003211378,0.00352146,0.002340905,0.003476556,-0.002649726,-0.007616863,-0.012566771,-0.011979042,-0.010972903,-0.012231665,-0.013345678,-0.010930477,0.00871766,-0.001076502,-0.030804275,-0.008693216,-0.004425305,0.002030161,-0.007095559,-0.017553918,-0.001314628,0.002535875,-0.001885438,0.002865608,0.009773123,0.001346372,,,,,,-0.007499242,0.005498281,-0.025611304,,,,,,,,,,,,,,,,,,,,,,,,,,,,,,,,,,,,,,,,,,,,,,,,,,,-0.002427127,-0.004605168,-0.005031264,-0.000588184,,-0.001044468,0.007553886,0.002239283,0.002535234,0.002119883,0.000435934,0.000575602,-0.002544584,-0.004504921,-9.64E-05,0.00380192,-0.0018281,-0.002058014,-0.001545178,-0.000913842,-0.0023476,0.000793096,,,,,,,0.001894331,0.006674311,,,,,-0.001974961,0.002922968,,,,,,,,0.00750047,,,,,,,,,,,,,,-0.005987381,,,,,,,,,,,0.007741834,,,,,,,,,,,,,-0.005977934,-0.005788934,0.007694476,0.002763411,0.005441588,0.001036377,0.001897838,-0.00069037,,,-0.006378389,-0.013232415,0.01011394,0.001072689,0.006880772,0,0.000419021,0.004820765,0.010743185,0.004064638,-0.004513031,-0.014891111,,,,,,,,,,,,,,,,,,,,,,,,,,
EURCAD,-0.000463031,0.000231094,-0.00622924,-0.009122019,-0.004655348,-0.001654356,-0.003868775,0.001552814,-0.001044327,-0.000100348,-0.001598753,7.91E-05,-0.004034624,0.000726113,-0.000882708,0.003155168,-0.005186334,-0.001214933,0.003461574,0.000118248,-0.001082783,-0.00188532,-0.000506072,-0.001786175,-0.000633649,-0.001965914,-0.001575838,0.000275993,-0.000286006,-2.87E-05,0.000928638,-0.001136418,-0.001392772,0.002197875,-0.000625219,-0.000334094,0.001426369,0.000207205,0.007583583,-0.001030128,0.00251114,0.010988982,-0.005234008,0.009786306,0.001175647,0.003755924,0.000688322,-0.001248634,-0.008373879,-0.003292993,-0.004995198,0.000600507,0.000450753,0.004532417,,,,,,,,,,-0.006964829,-0.006993928,-0.013046309,-0.011707805,,-0.010793924,,-0.013568204,-0.020367619,,,,-0.014689932,,-0.008454899,,,,0.005761008,0.000524759,-0.004146654,-0.00920677,-0.009530192,-0.003683993,0.012386296,,,,,,,,,,,,,,,,,,,,0.015449542,0.005694892,0.004524083,,0.003405233,,,,,,,,,,,,,,,,-0.003640553,,,,,,,,,0,0,0,-0.004631119,,,,,,,,,,,,0.003567686,,,,,,0,-0.004043341,,,,,,,,,,,,,,,,,,,,,,,,,,,,,,,,,,,,,,,,,,,,,,,,,,,,,,,,,,,,,,,,,,,,,,,,,,,,,,,,,,,,,,,,,,,,,,,,,,,,,,,,,,,,,,,,,,,,,,,,,,,,,,,,,,,,,,,,,,,,,,,,,,,,,,,,,,,,,,,,,,,,,-0.00882548,-0.007083547,0.007846602,0.008021373,,-0.012273151,-0.005855388,0.010066118,0.009325322,-0.003896032,-0.003927635,-0.003847987,,,,-0.003688244,,,,,,,,,,,,,,,,,,,,,,,,0.005448201,0,0,0,0.001360118,0.006391525,0,0,0.008397194,0.013752273,0.008087186,,,,,,,,0.001038878,-0.009563386,-0.004026213,0.00039681,-0.002570151,-0.005235232,-0.000860099,0.003957483,0.008799046,-0.003496276,0.032181145,,,,,,,,,,,,,,,,,,,,,,,,,,,,,,,,,,,,,,,,,,,,,,,,,,,,,,,,,,,,,,,,,,,,,,,,,,,,,,,,,,,,,,,,,,,,,,,,,,,0.000483681,0.000295589,0.000124635,0.002409788,-0.004130904,,,,0.005100886,,,,,,,,,,,,,,,,,,,,,,,,0.002636878,1.22E-05,0.001256193,0.000700044,-0.000550019,0.003453285,0.001232283,-0.001155322,0.000334177,-0.001483683,0.001951427,,-0.002426899,-0.001097074,-0.000904726,0.000286909,-0.002127237,0.000337724,-0.002544155,0.001515203,-0.000869928,-0.000192916,8.17E-05,0.007878966,-0.003778,0.000254587,-0.001225639,-0.004667778,0.002904531,-0.004723723,-0.001799923,0.003913803,0.000736583,-0.000250112,0.000674797,-0.003121856,0.001118699,0.00624473,0.003273871,-0.017567963,,,,,,,,,
EURCHF,-0.004709939,,-0.004530595,,,,,,,-0.001413739,,,,,,,,,,,,,,,,,,,,,,,,,,,,,,,,,-0.000383057,0.003082945,0.001165192,-0.000277442,0.002044451,0.003293248,-0.001988699,0.00179801,,,,,,,,,,,,-0.004755375,,,,,,,,,,,-0.027610468,-0.008012015,0.011244258,-0.003596143,-0.023061664,-0.018907931,-0.018991406,-0.01405199,-0.000933494,-0.000223916,0.000966019,0.00324106,-0.001639719,0.000107486,0.000274357,0.000274514,-0.000892019,0.003327434,,-0.000424923,0.003935091,0.00244562,0.0036123,-0.000381468,-0.003405204,0.00462665,0.006062629,0.006499133,,-0.00496531,0.01363908,,,,,,,,,,,,,,,,,,,,,,-0.00773191,0.000829827,0.007407795,-0.015231629,0.003314346,-0.00020618,-0.006226522,-0.008063794,-0.000164255,-0.009488781,-0.013431657,-0.014853128,-0.024851599,0.010301614,0.002332163,-0.038421112,,,,,,,,,,,,,,,,,,,,-0.007751316,-0.007662848,,,,,,0.004179134,0.004340643,0.004241298,0.004138617,-0.002481654,,,,,0.003267366,0.003431044,,,,-0.01063751,-0.010667364,-0.008135366,0.01010604,,0.009081129,,0.001437329,-0.006310081,0.002474252,-0.001311803,-0.001293115,,0.002294625,,,,,,,0,,,,-0.00212503,,,-0.000762498,,,0.000394092,,,,,,,,0.003231196,,,,,,,,,,,,,,,,,,,,,,,,,,,,,,,,,,,,,,,,,,,0.001102191,0.000572367,-0.001281007,,-0.00295108,0.000965396,0.00044622,-0.001034924,0.003212114,-0.000828233,0.000300779,-0.00064537,0.000520034,-0.003256309,-0.000716371,0,-0.001892192,0.000573168,0.000392803,0.001022639,0.001189728,0.000166297,-0.002298565,-0.003308995,0.000469894,-0.000260552,,,,,,,,-0.000323777,0.000212483,-0.00127047,0.001279932,,,,-0.000159514,0.00099475,,,,0,0,0,,,,,,,-0.078452207,-0.055608788,-0.03232174,0.003025523,5.10E-05,-0.000206933,-0.000284517,-0.002770687,-0.000497389,-0.000111896,-0.000344979,-3.61E-05,-8.02E-05,-0.000381521,-0.02923666,-0.012576666,-0.003134918,-0.003842103,-0.013239053,-0.001898417,-0.001269074,0.006022731,-0.010234223,-0.002599716,0.003119324,0.001351385,0.073237262,-0.000226666,0.042802072,0.002788599,0.000282143,-0.000511048,0.000664925,-0.007831747,-0.015453495,-0.020987279,-0.003416866,0.005092701,0.009645896,0.016520322,-0.000594627,0.003912172,-0.003379849,-0.00029626,-0.000281742,0.0003029,-0.003554732,-0.000443984,-0.001325745,-0.001436987,0.001054735,0.007251111,0.001260607,0.000777193,0.004382809,0.00560168,,,,,,,,,,,,,,,,,,,,,,,,,,,,,,,,,,,,,,,,,,,,,,,,,,,,,,,,,,,,,,,,,,,,,,,,,,,,,0.007830267,0.000936594,-0.001453522,-0.001451631,-0.00142362,0.000800542,0.000797708,0.000803348,0.00081012,0.001484318,0.001480274,0.001510858,0.001519736,0.001528967,0.001224367,0.002935156,0.003114065,5.32E-05,0.062752657,,,,,,,-0.003572173,-0.002056211,0.006852293,,,,0.010952045,0.004422513,0.008759314,0.006263046,0.00895932,0.001832899,-0.000267189,0.001268046,-0.001075124,-0.004569876,-0.000203624,0.003701726,0.001005707,-0.014966398,0.000941311,0.001387018,-0.004633481,-0.001049541,,,,,-0.002886936,0.002105409,0.003484609,0.002929268,0.002151217,0.000877183,-0.001640617,-0.000786602,-0.000596384,0.001263689,-0.001194128,0.000302537,-0.002646403,0.000707804,0.00266446,0.001652618,0.001190486,0.001108248,0.001300152,-4.87E-05,0.002085225,0.000191619,0.000419762,0.002374194,-0.000177295,-0.00204638,0.000315382,0.001210274,-0.00378872,-0.004647835,-0.002741202,-0.001397044,0.001551461,0.010346235,0.000659853,0.000664258,0.000682073,0.000559655,-0.000905554,-0.000508114,-0.000224035,-0.000712125,,,,,,,0,0,0,0,0,,,,,,,,,,0.001514481,,,,,,,
EURGBP,0.008601289,,,,,,,,,,,,,,,,,,,,,,,,,,,,,,,,,,,,,,,,,-0.000192145,0.001293596,-0.000190889,-0.208902232,-0.004866182,0.002265581,0.003312407,0.002870654,0.004966352,,,,-0.006343645,-0.001236718,-0.00082762,0.005222857,0.001553675,-0.002328813,-0.007263499,0.003639674,-0.0036783,,-0.001752875,-0.001799549,,,,,,,,,,,,,,,,,,,,,,,,,,,0.02289769,0.016052766,,,,,,,,,,,,,-0.015156017,,,,,,,,,,,,,,,,,,,,,,,,,,,,,,-0.008239206,,,0.003869798,,-0.009916166,,0.003650655,,,,,-0.00458918,0,0.004491229,0.002371291,0.004279908,0.000283018,0.005970685,-0.003025485,0,-0.001397744,-0.000714958,-0.00098472,-0.000536484,0.001194417,-0.000251185,-0.00264821,0.00081032,,,,0.004859765,,,,,,,,,,,0.000887313,-0.002883326,,,,,,,,,,,,,,,,,,,,,,,,,,,,,,,,,,,,,-0.008956011,,,,,,,,,,,,,,,,,,,,,,,,,,,,,,,,,,0.001588892,0.001520257,,,,,,,,,,0.000524689,0.000549751,0.002226173,,,,,,,,,,,,,,,,,,,,,,,,,,,,,,,,,0.001427973,0.002464976,,,,,,,,,,,,,,,,,,,,,-0.006341212,-0.006241491,-0.006225297,-0.006981391,-0.000513889,-0.009308636,-0.000720699,0.004228682,0.00080359,0.000513209,-0.00073421,0.004354837,0.002420249,0.001278292,0.002820737,-0.001404158,-0.002126029,0.005670697,0.004903682,,,,-0.000643017,7.22E-05,0.004411688,,,,,,,,,,,,,,,,,,,,,,,,,,,,3.91E-05,0.005970834,,-0.002479901,-0.004845011,,,,,,,0.001024948,0.009871831,0.000374869,-0.002306344,-0.004994106,-0.000816081,0.003843613,0.008979566,-0.004246929,0.031239941,-0.010716277,0.004160767,0.000605281,0.000257401,-0.00284497,0.001639402,0.004537942,0.005828697,-0.002588044,-0.004511529,0.001048131,0.002908223,0.001151942,0.012595104,0.005026851,0.001377413,0.003244236,0.004046348,0.003916607,0.001020031,-0.005581078,-0.014510049,-0.00160315,-0.007596703,-0.006330575,-0.000256626,7.31E-05,-0.000165517,0.00057701,-0.000278998,-0.009066404,-0.001018533,-0.000152629,-0.000187474,-0.000168994,0.000479056,3.36E-05,-0.000162414,-0.000379772,-0.000716761,-0.000429447,-2.48E-05,5.04E-05,0.001731778,0.000420018,-8.29E-05,-0.000291748,-0.000102267,0.000681937,0.000131146,-0.000326387,-0.00223557,-0.000535162,0.00395566,-0.002589067,0.000109329,-0.000789407,0.000812379,0.008393442,0.008285575,0.008899982,0.008138298,0.003367763,-0.00282079,-0.002836356,-0.002912504,,,,,,,,,,,,,,,,,,,,,,,,,,,,,,,,,,,,,,,,,,,,,,,,,,,,,,,,0.002052791,,,,,,,,,-0.006547342,0.000290002,0.001462208,,,,,,,,,,,,,,,,,,,,,,,,,,,,,,,,,,,,,,,,,,6.34E-05,-0.001843626,6.06E-05,0.001231661,-0.000862506
EURJPY,-0.008839129,0.002065306,0.018604029,0.008311722,0.001185568,-0.003003083,0.001230827,-0.000175286,0.012686517,0.006612831,-0.005232308,-0.007086613,0.012811113,0.004625675,-0.009181416,-0.007511498,-0.012161622,0.00507173,-0.001047806,0.003349738,0.001452573,0.001759699,-0.001235288,0.000548374,0.003446659,0.005341755,0.00227896,0.001786011,0.00042151,-0.034283942,0.000852226,0.000540778,-0.000249016,-0.00217929,0.003736212,0.00122391,-0.000176535,0.001165234,0.000465069,0.007967097,-0.003268475,0.013130205,0.002722062,,,0.003113979,0.008551018,,,0.002356549,,,,,,-0.001663002,-0.001685991,-0.001716472,-0.001732421,-0.000189341,,,,,,,,,,,,,,,,,,,,,,,,,,-0.015887628,-0.015597796,0.004012326,,,,0.00423297,,0.018799247,,-0.002480942,,-0.003873291,,-0.003893051,-0.007774539,-0.007752173,-0.007663495,-0.007824071,-0.005645978,-0.003770373,-0.004763589,0.003555149,0.003527304,,,,,,,-0.000613537,-0.000677625,,,,,-0.007312532,,,,,,,,,,,,,,,,,,,-0.00771765,-0.01220567,-0.001196092,-0.007290025,-0.001636227,0.005692472,0.010464425,-0.007378735,-0.004524547,-0.004418885,-0.011463384,-0.016179917,-0.001933625,0.0103855,-0.004835462,0,-0.002120172,-0.001073755,-0.001523246,-0.000805911,0.001839414,-0.000388904,,,,,,,,,,,,,,,,0,,,,,,-0.001022416,-0.006088621,-0.009940772,-0.003133558,-0.010774326,-0.009432284,-0.006202064,-0.00138439,-0.001963026,0,0,0,0.000849445,0,0.002072845,0.011231735,0.003958551,0.002912987,-0.004431437,-0.00402771,0.011370859,0.013704423,0.010801533,0.003941487,0.002500606,0.012071217,0.012025856,0.004616754,0.005309394,0.009244581,0.013408167,0.015456527,0.011141745,-0.005049095,-0.005720329,-0.003026178,-0.00241837,-0.000397311,-0.012167072,,,,,,,,,,,,,,,,,,,,,,,,,,,,,,,,,,,,0.002339779,,,0.002614083,-0.012001642,-0.003469137,-0.011188421,-0.01106982,,,,,,0.016680005,,,,,,,,,,,,,,,,,,,,,,,,,,,,-0.003833253,-0.00103484,0.001756502,0.002424026,0,0.002766437,-0.004879666,-0.000335059,-6.64E-05,0.002174801,0.001255366,0.001918163,-0.000899149,-0.00465802,-0.004324956,-0.004202315,-0.005600531,-0.010840573,-0.004920984,-0.01484074,-0.003180848,0.005814067,0.002689921,-0.00153338,0.000909659,-0.006124776,-0.008654175,-0.006988949,-0.005311023,-0.004886444,-0.004657699,0.018566965,0.033828759,0.022425255,0.018625843,0.002542715,0.002591171,-0.007128871,0.004515315,0.003705922,0.003599656,-0.004170647,-0.001967985,-0.001737944,0.002509568,0.002435468,0.002479972,-0.001309614,-0.001416447,-0.001861063,-0.001972652,0.00305687,0.0067948,0.006421952,0.006282176,-0.005049269,-0.003615215,-0.003435992,-0.006153095,-0.008006081,0.009834589,0.001074166,0.001072367,0.008164078,-0.006636615,-0.011372805,-0.01237363,-0.012312222,-0.009857213,,,,,-0.011589719,-0.004115502,-0.012514601,,,,,,,,-0.004889996,,,,,,,,,,,,,,,,,,,,,,,,,,,,,,,,,,,,,,,,,,,,,,,,,,,,,,,,,0.000772126,0.000781995,0.004422866,,,,0.01663674,-0.00101627,-0.000468621,-0.000882887,-0.000726993,0.00400754,0.004062891,0.004229658,0.007949625,0.007313112,-0.002497567,0.005112677,0.00509682,0.004756808,0.002789549,0.003784187,0.002775628,0.002783992,0.008045526,0.009742493,0.004200155,0.003539712,0.00531585,0.002384448,0.005185732,0.002631873,0.005939076,0.00133052,0.000500173,0.004573574,0.009212578,0.0040572,0.004058292,-0.000252464,-0.002560532,,-0.005005184,0.005114494,0.005627132,-0.001636935,-0.001156107,-0.011166537,,,-0.001824098,,,,,,,,,,,,,-0.006395188,0.006793585,0.007401843,0.00730776,0.006688529,0.0070862,0.000487008,0.000484045,0.000481718,0.00048206,-0.005058853,-0.005142177,-0.004847939,-0.004711726,-0.00477475,0.007124349,0.006711066,0.006425111,0.006572906,-0.003304121,-0.003345561,-0.00365804,-0.003430977,-0.003456717,-0.004928675,-0.004828916,-0.004625768,-0.004492074,-0.000986447,,-0.004272713,0.007788416,,,,,,,,,,,,,,,,,,,,,,,,,0.005832839,0,0,0,0.002717904,0.002971165,0,0,0,,,,
EURUSD,-0.012498517,-0.01257325,-0.013387249,-0.010077658,-0.013415932,-0.012350275,-0.011377949,0.002789206,-0.011425239,-0.0109232,0.003476144,-0.014905202,-0.011356513,-0.011506358,-0.012997358,0.000682635,0.00068719,0.000693875,0.000707343,0.003201239,0.009458847,0.009413621,0.009467909,0.009272855,-0.010803451,-0.010095856,-0.010249341,-0.0102132,-0.000631873,-0.0002209,-0.000183853,0.000802344,0.001005065,0.013436544,0.013126213,0.006880646,0.017085255,0.000745999,-0.001428146,-6.83E-05,0.001445325,0.005059498,0.003191859,0.002754568,0.002738661,0.002512289,0.001201163,0.001118362,0.000883355,-0.00059144,0.004243314,-0.000549788,-0.00055505,-0.000561307,0.007417645,-0.002553866,-0.002674699,-0.005384392,-0.003243058,-0.006262572,0.006477646,-0.00048374,0.000666135,0.002992885,-0.005657629,-0.005157783,-0.005399438,0.007685324,,,,-0.011388977,,-0.010855108,-0.011965992,-0.011130801,,,,,,,,,,,,,0.001247545,0.003910021,0.00588979,-9.00E-05,-0.006173845,-0.000459255,-0.000456999,-0.002338327,-0.003837495,-0.008871495,-0.008739992,-0.009026257,-0.004292374,-0.005211746,0.002028951,-0.003180748,-0.00299119,-0.006037478,-0.003870108,-0.00325501,0.003938868,-0.009079904,-0.004136559,-0.007840082,0.003018801,0.0089848,-0.000506684,-0.000504825,-0.000502915,0.000290149,0.002970873,0.002983282,0.006216656,0.000702419,0.000454023,0.00044695,-0.002260167,-0.003411112,0.013908537,0.01311158,0.004560215,0.006192734,0.010854691,,,,,,,,,,,,,,,,,,-0.009647192,0.012817962,0.0077058,0.006519741,-0.004183664,0.013159149,,,,-0.006223144,,,-0.008718979,,,,,,,0.006195422,-0.003241448,-0.000344827,,,,,,,,,0.001210231,-0.003978327,,,,,,,,-0.00940328,,,0.001595489,0.001499754,,,,,,,,-0.001327849,,,,,,,,,,,,,,,,,,,,0.006448505,0.000407821,0,-0.00349689,-0.008792024,-0.004588818,-0.004700451,-0.004670048,,,,,0.010190621,0,0,0,0.005045283,0,0,0,0.010036433,0.010182515,0,0,-0.006138125,-0.006168878,,-0.00127013,-0.003502266,-0.0105329,0.013905437,0.003704579,-0.023025472,-0.004860687,-0.011302962,0.019201192,0.000854828,-0.001120202,0.012858385,-0.001096647,0.000523004,0,0.001752334,0.001553249,0.003695061,0.00276061,0.004296452,-0.007211228,0.005080979,0.001165524,0.001090642,0.00022781,-0.002390445,-0.011923965,-0.005616503,-0.00132013,-0.003603254,2.18E-05,0.000592032,0.000293118,-0.001293206,-0.003133241,0.001347027,0.003459074,0.00534294,0.00724588,0.001441644,-0.005301642,-0.005144209,-0.000658041,0.000560495,0.008465675,,0.004624545,0.004507664,-0.001823668,-0.001908261,-0.016069694,-0.002721647,,,-0.005278606,,,-0.008255616,-0.00691426,-0.011277032,-0.006705704,-0.001212723,-0.00125949,-0.004761161,-0.002896737,-0.003782002,-0.003185714,-0.00640059,-0.009337666,-0.007865784,-0.0076848,-0.005081031,-0.004245459,-0.004307016,-0.005120533,-0.006979312,-0.0093045,-0.016839529,-0.009879822,0.013398151,0.009808372,-0.004875535,-0.002077301,4.32E-05,0.015730631,0.012526635,0.018545118,0.005532908,-0.002490777,0.007605365,-0.000160851,0.004300978,-0.001364008,-0.002562808,0.014348101,-0.003794003,-0.002311684,-0.003835241,-0.004078383,-0.002716322,-0.001151427,-0.005383492,-0.005186854,-0.002936766,0.002713408,0.002505017,0.004672652,-0.001477979,0.004349218,,,,,-0.001389373,,,,,,,,,,,,,,,,,,,,,,,,,,,,,,,,,,,,,,,,,,,,0.004274969,0.004335224,,,,,-0.002098804,-0.002229373,-0.002321693,-0.002322134,,,,,,,,,-0.002364821,,,,,,,,,,,,,,,,,,,,,,,,,,,,,-0.00578601,,,,,,,,,,,,,,,,,-0.00117868,-0.000395703,,0.00113101,0.002605325,0.002077705,0.010310125,0.002618762,-0.003412518,0.001743625,,,,,,,,,,,,,,,,,,,,,,,,,,,,,,,,,,,,,,,,,,,,,,,,,,,,-0.00022051,,,,,,,,0.00703916,,,,0.00179232,8.50E-05,,,,-0.002042467,,,,,,-0.00146959,0.003259844,0.000615519,-0.000200043,-3.15E-05,-0.002459945,0.000522802,0.005106073,0.003532507,,,,,,,,,,
GBPCAD,-0.010708144,0.004598137,0.014302233,0.003427343,-0.003456074,,,,,,,,,,,,,,,,,,,,,,,,,,,,,,,,,,,,,,0.002800499,-0.003624234,,,-0.001823101,-0.00613963,,-0.003182512,,,,,0.000700734,,,,,,,,,,,,,,,,,,,,,,,,,,,,,,,,,,,,,,,0.005039355,,,,-0.002510553,,,0.013067324,-0.002151078,0.000529206,0.000540007,0.002543615,0.002226721,0.004034821,0.000941548,-0.009520253,0.01470556,0.003629413,0.002842474,-0.002565662,0.007913618,,,,,,,,-0.001136481,0.003032165,,,,,-0.002759745,-0.003547691,,,,,,,-0.005640775,-0.001918428,,,,,,,,,,,,,,,,,,,,,,,,,,,,,,,,,,,,,,,,,,,,,,,,,,,,,,,,,,,,-0.003298249,0.000798026,0.003064939,0.0020824,0.000660841,-0.000675865,0.00060562,-0.004656557,0.000627464,,-0.000565689,,,,,,,,,,,,,,,,,,,,,,,,,-0.008183834,8.18E-05,0.000148799,0.001460273,,,,,,,,,,,,,,,,,,,,,,,,,-0.001397102,-0.001192854,-0.000163797,0.006629351,0.003369046,0.00795808,0.009599859,,,,,,,,,,,,,,,,,,,,,,,,,,,,,0.000719601,0.0010426,,,,,,,,,,,,,,,,,,,,,,0.014954598,-0.013699563,,,,,,-0.009970729,,,,-0.010410901,,0.007057237,0.007219285,0.007361276,0.007448014,0.002255859,0.002363805,0.002345333,0.002454213,-0.004773515,-0.004457909,-0.004504869,,,,,,,,,,,,,,,,,,,,,,,,,,,,,,,,,-0.01564869,-0.01068236,0.002734972,0.002657037,-0.002316432,-0.002486543,-0.003345541,-0.003433817,-0.001857313,-0.000925649,0.001345338,0.000441217,0.003538879,0.003913349,,,,-0.000762343,0.004099579,-0.016315255,-0.000174367,-0.000369207,-4.78E-05,-0.000209418,-0.000125675,-8.64E-05,-0.005509703,-6.60E-05,-8.49E-05,-8.57E-05,,,0.021026717,-0.006124982,0,0,0,0.007113186,-0.01412596,-0.005787914,0.00309266,-0.011958404,0.005706047,0.005629855,0,0,-0.006012442,0.011223898,0.011041881,,,0,0.005724661,0.00560483,0.005519822,0.005472742,0.005585913,0.005478132,0.005380346,-0.002559392,,,,,,,,,,,,,,,,,,,,,,,,,,,,,,,,,,,,,,,,,,,,,,,,,,,,,,,,,,-0.01313296,0.007065652,-0.001291964,-0.000860307,0.005901419,,,,,,,,,-0.001420723,0.008364364,,-0.002071337,,,,,,0.00557218,0.001776894,0.003095838,,,,-0.006206612,0.002702724,-0.000796892,-0.012856996,-0.012593448,0.002104527,-0.01187661,0.000720275,-0.003683407,,,,,,,,,,,,,,,,,,,,,,,,,,,,,,,,,-0.003988653,-0.010151519,-0.003391755,,-0.000662183,-0.001950727,-0.00055331,0.004541346,-0.002177398,-0.001374488,0.000208133
GBPCHF,-0.038789972,-0.004523857,0.007611063,,,,,,,,,,,,,,,,,,,,,,,,,,,,,,,,,,,,,,,,,,,,0.001064069,0.040016279,,-0.000335792,-0.001319183,-0.000211987,0.005101633,-0.000880919,-0.0008495,,,,,,,,,0.00389573,0.004100006,,,,,,,,,,,,,,,,,,,,,,,,,,,,,,,,,,,,,,,,,,,,,,,,,,,,,,,,,,,,,,,,,,,,,,,-0.011195042,-0.052729153,,,-0.024596793,,,,,,,,,,,,,,,,,,,,,,,,,,,,,,,,,,,0.006191361,-0.010718448,-0.01045043,-0.009888537,-0.00966516,-0.009542766,0.007937092,0.008613248,0.008384915,0.008737626,-0.010093993,-0.011023401,-0.01076076,0.003880349,0.003617457,0.002418534,0.00121282,0.001877571,,,,,,,,0,,,,,,,,,,,,,,,,,,,,,,,,,,,,,,,,-0.00180048,-0.001308277,-0.002933349,-0.002700588,0,-8.62E-05,,-0.001391003,-0.002744712,-0.001307704,,,,,,,,,,,,,,,,,,,,-0.00085121,,0.000414105,,,,,,,0.001657221,0.002475228,,,,,,,,,,,,,,,,0.000365078,3.19E-05,0.001990824,-0.000259575,0.000925291,-0.000619855,0.000707571,-0.002925971,-0.001052919,0.002759963,,,,,,,,,,,,,,,-0.006441123,,,,,-0.119745197,-0.061487438,0.028287142,0.02502041,0.016514198,-0.037213812,,,,,,,,,,,,,,,,,,,,,,,,,,,,,,,,,,,,,,,,,,,,,,,0.001113071,0.005610635,0.002580282,0.001725075,0.001328961,0.000730212,,,,,,,,,,,,,,,,,,,0.016962504,0.00155702,,,,,,,,,,,,0.00358692,,,,,,,,,,,,,,,,,,,,,0.005440927,-0.010821256,-0.010698155,-0.010085245,,,-0.004691975,,,,-0.002871899,-0.003117195,,,,,,0.001709016,,-0.00011996,-0.003134922,0.000840622,,,,,,,,-0.000474198,0.002882062,0.0005338,-0.007961399,-0.004352174,-0.002485858,-0.001595629,-0.000713067,-2.59E-05,-4.09E-05,-5.07E-05,,,,,,,,4.18E-05,8.11E-05,0.000255433,6.22E-05,0.000599257,0.000724121,-0.000392866,1.70E-05,2.84E-05,7.12E-05,2.45E-05,0.002288161,-0.000566752,-0.000165388,-0.001447992,-0.000658171,0.001745676,-9.36E-05,0.000633253,0.000780147,-0.003457402,-0.000282204,-0.001937154,-0.000750777,-0.000484266,4.05E-05,6.30E-05,0.000168413,3.30E-05,-0.000212986,-3.85E-06,-5.03E-05,2.60E-05,-0.000573335,,,,,,,,,,,,,,,,,,,,,,-0.002097451,-0.004610699,,0.004236331,,,-0.007359385,,,,0,-0.001671512,0.0023557,-0.00102983,-0.001476421,-0.001111223,-0.000606441,0.006731809,0.006509241,0.006077903,0.005554574,0.017809517,,,,,,,,,,,,,,,,,-0.000528683,,,,
GBPJPY,-0.015906648,-0.000109138,0.015566077,-0.000421006,0.010081687,-0.01256379,0.000412913,0.011746269,0.01187501,-0.003915845,-0.010029638,-0.00959747,0.009147215,0.010858056,-0.003617179,-0.006680115,-0.017549673,0.003757151,-0.008359831,0.005881289,0.006320947,-0.000481493,-0.004578896,-0.001318997,0.002581057,-0.000192852,-0.000773322,0.001595637,-0.000758636,-0.002247856,0.000609754,-0.004580989,0.003561107,0.000837828,0.001047761,0.003637024,-0.000916782,0.000672822,-0.001601594,0.008435354,-0.00036474,0.003154938,,,,0.001704799,0.000726217,-0.002743451,0.001761866,-0.001377952,-0.00260671,0.008244232,0.001448807,-0.00201749,0.000431585,-0.011592038,-0.002908134,-0.021512133,0.001938072,0.00355298,-0.006204562,-0.004177419,0.006648122,5.97E-05,-0.004522696,0.001847473,0.007003461,0.000700324,-0.00526632,0.021869882,-0.007818459,-0.031187154,-0.014099965,-0.018131972,-0.012722915,-0.011208318,,,,,-0.005525805,0.012863643,-0.012485184,0.010569287,0.00316023,-0.004093995,0.002817489,0.000427387,0.011721794,-0.002077008,0.012396135,-0.000640366,-0.006000791,,,,,,0.002485781,,0,0.006720074,0.006946395,,,,,,,,,,,,,,,,,,,,0.00125361,0.00432858,,,,,,,,,,,,,,,,,,,,,,,,,,,,,,,,,,,,,,,,,,,,,,,,,,,,,,,,,,0.003060971,0.009947816,,-0.001005249,,,,,,,,,,,,,,,0.001366678,-0.000449916,0.001765016,,,,,,,0.003062545,0.003141145,0.006910492,0.004839277,0.003637596,0.012815713,0.004657774,,,,,,,,,,,0.008337815,0.008381129,0.009301192,,,,,,,,,,,,,,,,,,,0.001442074,0.001445281,0.001587535,0.011955282,0.011550164,0.010515902,,,,,,,,,,,,,,,,,,,,,,-0.002131423,,,0.00448219,0.004062944,0.005221699,0.003880864,,,,,,-0.000309841,-0.000311399,,,-0.0054187,-0.005338299,,0.004931731,,,0.003950763,,,-0.002134901,-6.38E-05,0.001000995,0.001089214,-0.00083876,0.001054028,,,,0.002575738,,0.002554173,,,,,-0.013785743,-0.013210458,-0.007566612,0.014370335,0.011075823,0.009684964,0.006274535,0.0012831,0.004317428,-0.00509112,-0.008330095,-0.010122931,-0.006820198,-0.006300769,-0.001304592,-0.005616035,0.019362585,0.010972328,0.015519395,-0.021045523,-0.00515592,-0.004583271,-0.006953733,9.97E-05,,-4.24E-05,-0.004188145,,0.000845874,0.000845182,0.000873573,0.000878408,-0.00043635,-0.012421384,-0.028451113,,,,,,0.002452847,,,,,,,,,,,,,,,,,-0.038655355,0.00853428,-0.009257459,,,,,,,,,,,,,,,,,-0.011472303,-0.008039467,-0.006333519,0.02361956,0.00563216,,,,,,,,,,,,,,,,0.005653736,0.005759326,0.005952783,0.005670547,0.018462936,0.020206225,0,-0.026385236,-0.02284439,-0.022837,-0.019554938,,,,,,,,,,,-0.00457278,0.009151303,0.009331778,0.011660678,0.009579286,0.005592677,-0.001220881,0.001615818,0.001932899,0.005991144,0.009158945,0.005765951,0.003575169,-0.002087226,-0.000251382,-0.001760102,-0.000455965,0.000773414,0.002093553,-0.000522981,-0.004556947,-0.000478598,0.00536725,0.006231604,0.002957625,-0.00030632,-0.006700583,-0.005805357,-0.010033495,-0.001652147,0.002270277,0.0034841,,,,0.001266616,0.00147593,-0.004337125,-0.002214951,-0.000745908,-0.004341677,,,,-0.001702853,0.002793038,0.003612146,,,,0.004828716,0.001251274,0.001765444,0.00290735,,,,,,,,,,,,,,,,,-0.006337704,-0.007616326,0.000201663,-0.002860172,0.004986077,0.002826852,-0.004085988,-0.001559039,0.006907962,-0.007896481,0.009645745,-0.004676104,,,0.003762438,-0.004915824,0.002698591,-0.000608033,-0.009880996,0.00864607,-0.006274505,0.012729089,0.006137652,-0.001137924,0.006077735,0.00399077,-0.003797022,0.000874251,-0.005983012,-0.00596544,0.003887,-0.00164604,-0.008730675,-0.003636788,0.005106062,0.009944411,0,-0.002564924,0.005757464,0,-0.005375645,-0.001218865,,,,,,,,,,,,,,,,,,,,,,0.001080579,0.003373582,0.001466485,,,
GBPUSD,-0.014395409,0.004390303,,-0.017123265,,,,,,,,,,,,,,,,,,,,,,,,,,,,,,,,,,,,,-0.000870435,-0.00074619,,,,,,,,0.000557889,0.000994009,,0.001156627,,,-0.010378656,-0.001139234,-0.01702542,0.003213461,0.006467827,-0.00277016,-0.002524555,0.002340969,0.001911661,-0.004004857,0.006352971,9.71E-05,0.005758606,-0.005775864,0.000282741,-0.008531949,-0.0127841,-0.010672496,-0.003460156,-0.003443796,,,,,,0.002288207,,,,,0.001206182,0.001202357,0.001196121,0.001194076,0,0,0,0,0,0,0,0,0,-0.001289694,-0.001263352,-0.001324481,-0.001281982,-0.001273607,,-0.00132236,-0.001719899,-0.000234265,-0.014024507,-0.005270846,-0.009585456,-0.009507473,,,,,,,,0.009881302,0,0.009077786,0.007382238,,-9.89E-05,-0.001188394,0.00393144,3.15E-05,0.00076918,,-2.91E-05,0.000505892,0.000738714,0.000142326,4.58E-05,0.000259553,0.000114311,-0.000753066,-0.000924559,0.000103236,0.000737365,0.002057178,,,,,,,,,,,,,,,,,,,,,,,,,,,,,,,,,,,,,,,,,,,,,,,,,,,,,,,,,,,,,,,,,,,,0.00057309,-0.00104088,0.003606476,,0.000495568,-3.04E-05,0.000714008,,,-0.010880255,0.021688551,-0.000168667,0.006071676,0.005295354,-0.002407389,-0.001702734,-0.001705227,-0.00164426,0.001078348,0.001063337,0.001020355,0.000997906,0.000994407,0.000520512,0.004147227,,,,,,0.006505626,,,,,,,,-0.00122478,-0.003396049,-0.010259882,0.010278738,0.003913606,-0.023386338,-0.004404883,-0.002770643,0.017252634,0.000846665,-0.001106791,0.012837815,-0.001022395,0.000483168,0,0.001609615,0.001426805,0.003565658,0.005026542,0.004344851,-0.006927788,,,,,,,,,,,,,,,,,0.000486405,-0.003255346,0.001763223,,0.00398144,-0.006276556,,,0.000502794,-0.002595186,0.000923524,0.00057348,0.000835809,-0.002161226,-0.003203073,,-0.001881057,-0.001934417,-0.000522988,-0.000609028,-0.000653763,-0.000638426,0.002841254,-0.004780163,,,,,,,,,,-0.006846431,,,-0.001649212,0.00411688,-0.002298765,0.001749389,,,,,-0.004662893,,,0.008511118,0.010229563,0.000216921,-0.00210189,-0.003504096,-0.003301922,-0.001196343,-0.002480698,-0.00258092,0.002979448,0.002200737,0.002263522,0.00219711,0.002194189,0.002099555,0.00064616,0.000679972,0.000662858,0.000694567,0.004074429,0.004179552,0.003388573,0.003168604,0.003678716,0.003862578,0.00262947,0.001862858,0.001813099,-0.007371574,,-0.00641261,-0.00451347,,,,,,,,0.010516044,-0.009143605,0.009211757,-1.13E-05,-0.000811686,0.001397803,,0.001755036,,,,,,,,,,,,,,-0.010982358,-0.015932273,-0.013776486,0.010595697,0.004145762,0.002610871,0.000592922,0.000996418,0.00091582,0.001042807,0.000814311,0.003324296,0.002101044,-0.007570779,-0.007068501,0.008889202,0.000583555,0.000665306,0.000376101,0.003486076,0.003057832,0.002682503,0.002947431,0.003105274,0.010974787,-0.000105001,1.89E-05,-8.49E-05,0.001953547,-0.000620528,-0.000590426,-0.000759111,-0.000642883,-0.002412133,-0.002404399,-0.002404538,-0.00248985,1.36E-05,1.24E-05,-9.89E-05,0.001880418,-0.003985419,-0.003887262,-0.003558223,-0.003427376,-0.0030729,-0.001665206,-0.004557959,-0.002130515,-0.002783761,0.005629513,0.005825394,,,,0,,,,,,,,-0.009907228,,,,,,,,,,,,,,,,,,,,,,,,,,0,,,,,,,,,,,,,,,,,,,,,0,,,0,,,,,,0.005659142,-0.007252258,0.008611523,-0.005608256,0.005091931,-0.009654417,0.003321243,-0.004493686,0.00241079,8.50E-05,-0.00909115,0.006886118,-0.005284081,0.009818798,0.005264313,-0.001031255,0.004442069,0.002969276,-0.002534174,-0.00600694,-0.004166016,0.003620525,0.003144535,-0.001376987,-0.007061542,-0.002422005,0.004204471,0.00819896,0,-0.001858268,,,,,,,,,,,,,,,,,,,,,,,,,,,0.001401445,0.005189162,-0.000934954,-0.001513465,0.000883188
NOKSEK,,,,,,,,,,,,,,,,,,,,,,,,,,,,,,,,,,,,,,,,,,,,,,,,,,,,,,,,,,,,,,-0.000349207,,0.00228509,,,,,,,,,,,,,,,,,,,,,,,,,,-0.004185183,,,,,,,,,,,,,,,,,,,,,,,,,,,,,,,,,,,0.002913998,-8.52E-05,0.000249975,0.004614199,-0.001115873,,,,,,,,,,0.003282679,0.008334598,0.007032884,,,,,,,,,,,,,,,,,,,,,,,,-0.000480924,,,,,,,,,,,,,,,,,,,,,,,,,,,,,,,,,,,,,,,,,,,,,,,,,,,,,,,,,,,,,,,,,,,,,,,,,,,,,,,,,,,,,,,,,,,,,,,,,,,,,,,,,,,,,,,,,,,,,,,,,,,,,,,,,,,,,,,,,,,,,,,,,,-0.009867581,-0.002160305,0.000782964,-0.017119274,0.001707287,-0.012876381,,,,,,,-0.007837125,-0.001141904,0.001535737,-7.75E-05,0.001615169,0.006300255,-0.011268295,0.014450242,-0.004451541,-0.004667135,0.009631557,,,,0.004066906,0.002607466,-0.001631093,-0.00322599,0.004774051,0.003222026,-0.000174362,-0.002559707,-0.000866326,0.000502073,-0.003637958,-3.39E-05,0.002784487,0.00645653,-0.014844588,-0.000733081,0.004971354,0.000102857,0.00040478,-0.00450433,0.000248238,0.001274887,-0.001315285,-0.002991053,-0.011874424,-0.004668919,0.007663917,0.0070585,,,,-0.003764641,0.001332051,0.004576839,-0.010523765,0.00159523,0.002347006,-0.006954214,-0.000855549,,,,,,,,,,,0.003073914,0.00138206,0.018319264,-0.001899099,-0.002891657,-0.00531302,,,,,,,,,,,-0.000906905,-0.001671658,,,,,,,,,,,,,-0.002271772,-0.009514936,,,,,,,,,,,,,,,,,,,,,,,,,,,,,,,,,,,,,,,,,,,,,,,,,-0.015276597,,,,,,,,,,,,,,,,,,,,,,,,-0.002681026,,,,,,,,,,,,,,,,,,,,,,,,,,,,,,,,,,,,,,,,,,,,,,,,,,,,,,,,,,,,,,,,,,,,,,0.00037413,0.002453779,0.001035329,0.004128006,,,,,,,
NZDJPY,-0.014797032,-0.005203096,-0.00451622,-0.000880722,0.003028383,-0.006622685,-0.014922731,-0.005909074,-0.000232854,0.010018898,-0.01318099,,,,,,,,,,,,,,,,,,,,,,,,,,,,-0.000663049,-0.001358059,0.007526377,0.004820876,,,,,,,-0.001231193,0.003871622,,,0.000377062,-0.003379796,,,,,,,,,,,-0.007945537,0.002802809,0.00730404,0.001818443,0.001991173,0.0132581,0.052159061,-0.039691665,0.038592065,-0.024436008,0.00024233,0.005055547,-0.011354094,8.47E-05,0.023445139,-0.04068788,0.001802743,-0.000392139,-0.012433432,,,,,,,,,,,,,,,,,,-0.009082426,-0.008970287,-0.009127462,-0.008893888,,,,,,,,,,,,,,,,,,,-0.00525093,-0.006145883,0.006485493,-0.011172732,0.002270355,-0.002549593,-0.000710272,-0.006188985,0.009385502,-0.003671787,-0.003673269,-0.001252895,-0.019564814,-0.026635504,0.016630434,0.000524824,0.0134541,0.00603147,0.004300925,0.007384395,-0.017758764,0.019570787,0.004314971,-0.01470028,-0.011065794,0.017487141,,,,0.00446795,0.00820932,-0.011607525,-0.009803795,0.004082591,-0.001915837,-0.001485485,0.004895284,7.38E-05,,,,,0.009718826,0.001949276,,0.002055672,0.010418454,,0.004338003,0.004268216,0.010111513,,-0.005122476,-0.008108853,-0.015231839,0.008939839,0.007288598,0.007879833,0.009504687,0.004373288,0.003136695,0.004288242,-0.000943456,-0.000930837,-0.002162125,0.005270672,-0.001986644,0.006067727,0.014538334,,-0.001322961,0.010962293,-0.002529676,-0.004896684,-0.004808508,-0.009126538,-0.013435977,0.001308809,0.003091764,-0.00144344,0.001207973,0.003394838,0.002791202,0.010469976,0.007620017,-0.000645549,0.002271834,0.009670543,0.013808337,0.012467497,0.007969914,0.011832397,0.025009562,0.014297224,0.006261954,-0.006475688,0.00578947,0.006945135,0.011009457,0.005723611,0.004528991,0.019602797,0.007387006,0.007194118,0.011694168,0.007133148,0.005254721,0.00220283,-0.014492801,-0.030448072,-0.006839194,-0.008702715,0.007117063,0.00202242,0.005009302,0.002418855,0.004208325,0.008434504,0.009711443,0.007001056,0.002165349,0.003407028,0.000101274,0.001452622,0.004978194,0.003488378,0.007035014,0.005794981,0.00567773,0.003022563,-0.003727448,-7.80E-05,0.005505784,-0.000778317,0.000618629,-0.002535618,0.00325625,-0.000406195,-0.000413928,-0.00597213,-0.002468823,-0.001077465,0.001170407,1.51E-05,0.00424848,0.004135205,0.00652485,0.003473001,0.008687525,0.002762575,-0.000266202,-0.002785597,-0.002421401,0.000487283,0.000541941,0.000530073,0.000310267,4.67E-05,-0.001780741,-0.003296662,-0.007763682,,,,,,,,,,-0.011256459,,0.007878594,,-0.000404199,,0.002010402,,,,,-0.00524551,,0.006943532,0.015761174,0.012829609,-0.012139395,-0.00772264,-0.005488784,0.004132335,-0.005580961,-0.005445272,-0.005413748,-0.005876129,-0.012571848,0.003973537,0.004982791,0.005728735,-0.00288115,-0.003565059,0.002103847,0.00084197,-0.017305477,-0.005421342,-0.003914185,-0.000212645,-6.72E-05,0.006572804,-0.007408583,-0.021866183,-0.006654362,-0.006093262,0.000413601,0.000434016,-0.005301967,0.00700445,-0.009836737,-0.022513467,-0.017260247,-0.006436676,0.003509802,0.002904773,0.001548013,-0.002326297,0.005242966,-0.003841821,0.001756074,0.006360564,0.001812613,-5.55E-05,0.011002459,0.008961458,0.005284057,0.015022084,0.008294345,0.010220922,0.008183401,0.004759941,0.005217814,-0.006332115,-0.008041753,-0.006075757,-0.00755981,-0.003231957,-0.008770291,-0.019588414,-0.004855843,0.005625781,-0.002667088,-0.007446122,-0.007514299,-0.007583267,0.000473191,0.000473598,0.000473377,0.000471341,,,,,,,,,,0.001456087,,,,0.001595547,0.010738006,-0.000976556,0.001456591,-0.000501415,0.003326008,-0.010321539,-0.002185288,-0.003513156,-0.0031654,0.001830498,-0.003403448,-0.002290016,-0.003542342,0.002138772,0.000210531,-0.003922539,-0.000627704,0.000393194,0.001061408,-0.00478899,,,,,,,,,,,,,,,,,,,,,,,,,,,,,-0.011841868,,-7.43E-05,0.009625285,0.008915155,0.000614353,0.001248952,0.003129881,-0.001689933,-0.006216275,-0.000756601,-0.000974432,-0.00597756,-0.005681089,-5.63E-05,0.012450415,0.009496672,0.002342837,-0.004625415,-0.003489135,-0.006464143,-0.001141449,-0.006689076,-0.00513457,-0.007195726,-0.004828255,0,0.006606308,0.00884814,0.005220239,0.010822493,-0.005232487,-0.003394596,-0.006817592,-0.003219824,-0.00484305,-0.004774627,-0.004790321,-0.004883318,0.012465874,0.002925144,-0.00370592,0.00666243,0.006732091,0.003525878,-0.002093652,-0.011517357,-0.011238417,0.003976343,-0.00673786,0.003908409,0.007186633,0.00031022,0.000388298,-0.00403346,-0.004003931,,,,,,-0.006690049,0.006839582,0.00712849,0.006687906,,,0.00044321,0.000441424,0.000435589,0.000434312,-0.004548657,-0.004693803,,,,,,,,,,,,,,,,,,,,,,,,,,,,,,,,,,,,,,,,,,,,,,-0.0038589,0.00264834,0.001283419,0.007352147,0.00383144,-0.008245847,,-0.002749132,0.008562699,-0.000444916,-0.00114441,0.010134708
NZDUSD,,,,,,,,,,,,,,,,,,,,,,,,,,,,,,,,0.006056074,0.006136752,,0.007728263,0.007503784,0.007649391,0.002887106,0.001858716,0.002064853,0.002314259,0.004919472,-0.000758368,-0.000806077,-0.000831838,-0.000783705,,,-0.004356451,-0.002222791,,,0.008716353,0.00876476,0.008610823,,-0.003678047,-0.003746592,-0.004483066,-0.002662358,-0.002352152,-0.000721591,0.001220717,-0.003287787,-0.006487872,-0.007493112,,-0.004715385,0.006327668,0.010870714,,,0.01092602,-0.009373725,-0.025932757,0.002726479,0.000848329,0.00183971,-0.002955516,0.004847075,-0.020855232,,,,,,,,,,,,,,0.00136035,,8.88E-05,-6.32E-05,0.002197738,-0.000356527,-0.000597235,8.05E-05,0.002370588,-0.002805867,0.009459858,0,0.004251952,-8.85E-05,-0.003688127,,,,,,,,,,,,,,-0.003998897,-0.004589302,-5.90E-06,-0.006218501,0.004786221,0.000418799,0.002040991,-0.004142741,0.005148139,0.002383141,0.000451058,0.008845689,-0.030358217,-0.027597811,0.002447131,-0.00776876,-0.003016327,-0.0071466,0.005835547,0.005232578,0.004647144,,,-0.000147764,-0.007643938,,,,,-0.010550169,0.008943708,,,,,,,,,,,,,,0.019009504,-0.001117149,0.008394051,0.002516662,-0.010153202,,-0.010782171,-0.010697456,0.008800647,,,0.003165382,-0.014645138,,,,0.000752377,0.00547454,,,,,,,,,,-0.001689741,0.001147854,-0.000725358,-0.000566674,,,0.001754202,-0.0061968,-0.002829083,,-0.004642374,,,-0.000657524,,,,0.002151035,0.001748854,0.003471204,-0.006923418,-0.002678469,-0.000666315,-0.004166303,0.000143322,0.004850772,0.002113239,0.002938948,-0.002116116,0.001375732,-0.002868398,0.002540558,0.000622831,0.000973315,0.004683517,0.00696794,0.000191252,0.004234953,-0.00501261,0.010739117,,,,,,,,,,,,,,,,,,,,,,,,,,,,,,,,,,,0.008044076,,,,,,,,,,,,,,,,,,0.001447014,-0.000511377,-0.000523959,-0.000519265,-0.00052028,0.001548769,0.003085481,-0.010532215,-0.001404985,-0.001334675,-0.024720455,0.008224419,,,0.013599076,0.003789372,0.000186951,0.004172143,0.000186919,-0.008772841,-0.010649648,0.001689143,0.00167241,-0.000906351,-0.000914456,-0.000909556,-0.000909909,0.003384174,0.003415515,0.00350407,0.003508295,-0.005029736,-0.014105814,0.008471643,0.00076291,0.011284596,0.010818151,-0.005797247,-0.060404335,,,,,,,,,,,,,,,,-0.012666633,-0.005165545,-0.015762367,-0.009369709,-0.009283244,-0.016737127,0.025942572,0.022123307,,,,,,,-0.000624201,-0.001844681,,-6.16E-05,0,,,,0.0017948,0.004823023,-0.000941995,0,0,0.002898482,0.009755141,0.004115158,0.007085384,0.000409585,-0.028067698,-0.022881424,-0.009178082,0.00610175,-0.005371688,0.003937845,,,,,,,,,,,,,,0.000855546,0.001001798,0.001027054,-0.009445797,-0.00974145,-0.009136111,-0.008472601,0.003544231,0.003639347,0.003572257,0.002651922,0.006913315,0.006735069,0.007351239,0.007479982,,,,,,,,,,,,,-0.001439241,-0.012242632,,,,,,,,,,,,,,,,,,,,,0.00050464,,,,,,,0,0,0.006929705,,,,-0.00695384,0.013234346,0.004880994,0.004877148,,-0.008324265,-0.007759532,0.003089917,-0.011876025,0.003211256,0.002542407,0.001959121,-0.001160046,-0.001424258,-0.003232804,0.006611637,0.007312382,0.003947494,0.004139869,0.006253177,0.006128609,0.006097448,0.003604235,-0.002130593,0.006297563,0.012522117,0.002161557,0.01361646,-0.002020205,-0.002038921,0.000125691,0.000247185,0.002423675,0.001992636,,,,,,0.003244546,-0.003933423,-0.005233794,-0.005084094,-0.012228149,-0.006469335,0.002767745,0.003221947,-0.001912288,0.006392925,,,,,,,,,,,,,,,,,,,,,,,,,,,,,,,,,,,,,,,,,,,,,,,,,,,,,,,,,0.007828503,0.007636749,,,,,,,,,,,
USDCAD,-0.027922118,0.01293831,-0.00867454,-0.009357843,0.007433589,-0.003157598,-0.004674671,0.005837544,0.004792851,-0.001287019,0.008623892,-0.005977411,-0.007038911,-0.010632316,0.002529267,-0.010121179,-0.001938928,-0.000934816,-0.010379534,0.002202878,-0.00019093,0.017847936,-0.007073213,0.006252764,-0.000528901,0.001606916,-0.001071701,0.005241233,,-0.003959004,0.019487456,,-0.0015827,0,0.00094751,0.000743094,0.000323962,-0.000622416,0.001224588,0.001292206,,0.012481673,-0.0046301,0.020440064,0.001959881,-0.001223937,0.001479427,0.002073258,-0.006768218,-0.013746889,-0.001025824,-0.000855598,0.016798723,-0.001008742,,0.004787014,0.00556286,-0.005845584,-0.006094963,-0.005926332,-0.005919995,0.001130181,-0.001606327,-0.002210526,-0.002381962,-0.001325067,-0.001361949,-0.001358895,-0.001340688,0.001832641,,-0.004804047,,,-0.009195329,-0.003455434,,,,,,,,,,,,,,,,,0.001150952,,,,,,,,,,-0.001871551,0.002178095,,,,,,,,,,,,,,,,,,,,0.000105864,0.000781483,0.001184062,-3.43E-05,-0.000835925,0.000261182,3.05E-05,-0.000533681,-0.000799812,-0.000153152,-4.98E-05,-0.000280703,-0.000122859,-0.000128329,0.000343945,-0.001041896,-9.84E-05,-0.002192864,0.00048765,0,-0.001157461,,,,,,,,,,,,0,0.002091777,0.004172842,,,0.002051111,,-0.006077927,-0.00400609,,,,,,,,,,,,,,,,,,,,,,,,,,,,,,,,,,,,,,,,,-5.02E-05,-0.000899721,0.001142029,0.003411339,0.005830614,-0.001679458,1.67E-05,-0.001216561,-0.001859163,-0.00348097,-0.001976888,0.000367818,-0.00310494,,,0.00053316,0.001069477,-0.001370292,0.001456341,0.000947291,-0.003122,0.000656661,-0.003687456,,,,,,0.001496632,-0.00507438,,,,,,,,,,,,-0.008162818,-0.007700778,,,,,,,,,,,0,-0.00203794,0.002005669,-0.002018431,-0.002253821,0,-0.002109089,,0.003555407,-0.010257486,-0.010426782,,,,,,,,,,,,,,,,,,,,,,,,,-0.001709275,0.01137686,-0.001691546,-0.00028876,0.002121478,-0.003897274,0.003345331,0.000664349,0,0.005515077,-0.004211313,-0.006083373,0.001955157,0.003853262,0.013117447,,,,,,,,,,0.024929075,0.015469292,-0.002658436,0.004309153,0.005521347,0.003713485,0.000262478,0.006506919,0.00089182,0.002915726,0.002255335,0.002399595,-0.004712337,-0.008999928,-0.004850222,-0.002016826,-0.001344608,-0.001904887,0.004063655,-0.006370417,-0.0095522,-0.008661206,0.000473887,0.000697052,0.009134441,0.015889959,0.008860903,0.007742346,0.002202988,0.001246131,0.001549632,-0.005856593,-0.001634145,0.002186655,0.002572298,0.003370443,0.003628308,0.003466016,0.00333199,0.00377984,0.004080221,0.000768412,0.00110932,0.001097885,0.001108538,0.000744109,0.000676791,0.000662568,0,0.001871919,0,,,,,,,,,,,,,,,,,,,,,,,,,,,,,,-0.004241498,0.001744935,0.000292379,,,0.010302357,0.002259663,0.004032098,0.001164213,0.00115378,0.002314886,-0.003519766,0.001868693,0.003152145,0.008001646,-0.001573269,-9.85E-06,-0.001025994,-0.001381361,-0.001321125,0.000270663,0.005176487,,,-0.005361246,,,,,,-0.003272724,,,,,,,,,,,,,,,,,-0.004806148,-0.002047687,-0.006868104,-0.006817002,-0.006269579,0.006274359,0.008640762,0.007522932,0.004585193,-0.004425555,-0.005007312,-0.004741106,-0.004409568,,,,,,,,,,0.000308392,0.001033983,0.00201304,0.001352761,0.001015495,0.00456074,0.000668831,-0.002817021,0.000341477,0.004033463,-0.013483385,-0.010858751,0.002034704,-0.003603432,-0.002275324,,,,,,,,-0.000337978,-0.001003489,-0.002114921,-0.005508991,-0.001481925,0.00264064,-0.000623159,0.004503317,,,,,,,,,,,,,,,,,,,,,,,,,,,,,,,,,,,,,,,,,,,,,,,,,,,,,,,,,,,,,,,,,,,,,,,,,,,
USDCHF,,,0.010832386,0.008528115,0.008374851,0.00842562,0.008129313,-0.001189478,-0.001187484,-0.0011835,-0.00117327,-0.002382288,-0.002414041,-0.002369401,-0.002357537,0.000591505,0.000612241,0.000622383,0.000624506,0.000629842,-0.006517368,-0.006473919,-0.006623424,-0.006569696,0.003890368,0.003864555,0.003845057,0.003849091,-0.004431191,-0.00449987,-0.004510166,-0.004653829,-0.004741109,-0.006083943,-0.006072858,-0.005990064,-0.006062132,-0.002033794,-0.002146202,-0.002037487,-0.002071571,-0.002085999,-0.002107277,0.000728348,-0.001762039,-0.001770416,-0.000801264,-0.000716005,-0.000204737,0.004908817,,,,-0.004215803,,,,,,,0.00036967,-0.005281716,-0.004757606,0.00463161,0.005046337,0.004435349,0.004882066,-0.006864567,,,,,,,,,0.007029358,0.008352748,-0.019725123,-0.01738816,-0.014654275,-0.006504106,0.003850786,0.006348755,-0.001504543,-0.009229357,-0.009095864,-0.009235318,-0.008573306,-0.002036158,0.000800632,0.000890039,-0.003939322,-0.004947033,0.000512741,0.002520076,0.00396219,0.005702436,0.004919843,0.007557373,0.00785006,0.004665971,-0.010664385,-0.001868088,-0.008713201,-0.004561504,-0.004607245,0.011964779,,,,-0.015830414,-0.016602507,-0.01493221,0,0,0,0,0,0,-0.004378106,-0.002422283,0.002034403,0.008193608,-0.003392483,-0.003522125,-0.010005181,-0.014277855,,,,,,,,-0.013836179,-0.048937832,,,,,,,,,,,,,,,,,,,,0.005012582,0.003331265,0.003239436,0.002603681,0.002436422,0.002286151,0.001677916,0.001561122,0.002594199,0.002534228,0.002423904,0.002207343,0.00285671,0.002826789,0.015961254,0.013513523,0.013295042,0.012865063,-0.006934382,-0.006819288,0.003677213,0.007770689,0.009085018,0.007585711,0.008583599,0.007841688,0.00961889,0.008218499,0.00683859,0.006109889,0.019951019,0.002632068,0.004943596,0.002606765,-0.000582505,-0.011206693,,,,0.006533229,0.016056887,-0.003023488,-0.019045296,,,,,,,,,,,,,,,,,,,,,,,,,,,0.008242711,,,,,,,,,,,,,,,,,,,,,,,,,,0.024245834,0.005100631,0.003306403,-0.020471406,-0.000936307,0.001225015,-0.013936728,0.001195846,-0.000570786,0,-0.00190915,-0.001677323,-0.004387939,-0.003321443,-0.005246649,0.008751447,-0.006137126,-0.001411782,-0.001333046,-0.000277341,0.002905677,0.014681471,0.002410097,0.001646344,0.004711638,-2.84E-05,-0.000773952,-0.000381637,0.001707521,0.005534211,-0.000492476,0.001413882,-0.006371945,-0.007445242,-0.003163755,0.004172889,0.00480285,0.001407617,-0.00304417,-0.006654611,0.009028064,-0.005119384,-0.004790385,-0.001965185,-0.001000261,0.019797046,,,,,,,,,0.008499416,,,,,,0.009849876,,0.008339224,0.011181407,-0.067569277,,,,,,,,,,,,,,,,,,,,,,,,,,,,,,,,,,,,,,,,,,,,,,,,,,-0.001497677,-0.003387188,,0.002930411,,,,,,,,,,,,,,,,,,,,,,,,,,,,,,,,,,,,,,,,0.001705234,0.002295485,0.002493661,0.002538241,0.002556521,0.000488143,0.008501835,0.009105417,-0.002529006,0.002853146,0.009164428,0.003080417,-0.002685148,0.004807287,,,,,,,,,,,,,,,-0.001129281,,,,,,,,,,,-0.005996917,,,-0.002193451,0.000173962,-0.000259287,0.002542857,-0.000745132,-0.000463012,0.001549285,,,,,,,,,,,,,,,,,,,,,,,,,,,,,,,,,,,,-0.001181748,,,,,,,0,0,-0.004912723,-0.004930442,-0.005372267,-0.005767052,-0.00533619,-0.00798583,-0.007917576,-0.005349008,,0.002935866,0.007355027,0.007362533,0.007024167,0.007728496,-0.000903018,-0.002730472,-0.002686041,-0.001524915,-0.00265516,-0.001694425,-0.001065308,0,-0.001044608,0,0,0,0,0.019461741,,,-0.002027552,0.000891073,-0.002307736,0.002103237,,0.000895666,,,,,,0.000258375,2.56E-05,-0.002426308,0.000846264,0.010290816,0.004013831,0.004307317,0.005655386,0.005574057,0.005385424,-0.003969841,-0.004456155,-0.001228341,-0.004570408,0.001809566,-0.00080286,-0.011937542,-0.00503969,0.003391737,0.003241334,0.003130671,,,,,,,
USDIDR,,,,,,,,,,,,,,,,,,,,,,,,,,,,,,,,,,,,,,,,,,,,,,,,,,,,,,,,,,,,,,,,,,,,,,,,,,,,,,,,,,,,,,,,,,,,,,,,,,,,,,,,,,,,,,,,,,,,,,,,,,,,,,,,,,,,,,,,,,,,,,,,,,,,,,,,,,,,,,,,,,,,,,,,,,,,,,,,,,,,,,,,,,,,,,,,,,,,,,,,,,,,,,,0.002941111,0.002901765,0.002996759,-0.004012859,-0.003765464,-0.002691959,-0.002948566,0.004549421,0.000908984,0.000958445,0.001050514,0.001166344,-0.000297019,-0.000300119,-0.000303978,-0.000302276,0.002506831,0.002395431,0.002339973,0.002294713,0.00302439,,,-0.001492935,,,,0.004623053,-0.00303892,-0.002352477,-0.003736602,-0.000235225,-0.001113418,-0.001178628,-0.001810422,0.004922689,0.018543867,-0.00103659,0.008856726,-0.014054614,-0.016453743,0.016225592,0.019774546,,,,,,,,,,,,,,,,,,,,,,,,,,,,,,,,,,,,,0.00164786,,,-0.000331117,,,,,-0.004055995,0.001036028,0.00046697,,,,-0.005874876,,,-0.00624904,-0.006455603,-0.004362731,-0.000805029,0.000987772,-0.005446093,0.002358371,0.001224426,0.005794752,0.015834756,0.012255667,0.01236751,-0.013597668,-0.002820204,-0.013838426,,,,,,,,,,,0.003713916,-0.004302035,0.004599366,0.001190494,0.000216212,-0.002719297,-0.004961688,0.001426896,0.00297968,-0.000552676,0.002563028,0.002889777,-0.001995139,-0.001124252,-0.004673464,0.002765546,0.008070102,0.00275229,0.006877344,0.008342603,0.008009332,0.008828013,0.008729866,0.004666149,0.004552433,0.004616587,,,,,,,,,,,0.00751337,,,,,,,0.004479969,0.013118982,0.009376249,,,,,,,,,,,,,,,,,,,,,,,,,,,,,,,,,-0.001646743,0.001624342,-0.001634526,-0.00164035,0,0,0.001847701,0,-0.001929304,0.011424041,-0.001892463,,,,,,,,,,,,,,,,,,,,,,,,,,,,,,,,,,,,,,,,,,,,,,,,,,,,,,,,,,,,0.004802606,,-0.005593829,-0.006459531,,,,,,,0.0055697,0.001466584,0.000719178,0.002162892,0.000710963,-0.004154745,-0.000283407,0.001757457,0.001861712,0.002209993,0.007276864,0.002382642,0.001543144,0.001086147,0.005423272,-0.001849136,-0.002752368,0.000113888,0.000961096,0.005437615,0.006572389,0.005057586,,,,,,,,,0.012107501,,,,,,,0.002669268,0.003732553,-0.005226443,0.001967602,0.001284834,,,,,,,,,,,,,,,,,,,,,,,,,,,,0.001783197,0.001833752,-0.001027962,-0.00297574,-0.004591481,-0.001034273,0.00648337,0.006045376,0.00588293,0.005683017,,,,,,
USDINR,,,,,,,,,,,,,,,,,,,,,,,,,,,,,,,,,,,,,,,,,,,,,,,,,,,,,,,,,,,,,,,,,,,,,,,,,,,,,,,,,,,,,,,,,,,,,,,,,,,,,,,,,,,,,,,,,,,,,,,,,,,,,,,,,,,,,,,,,,,,,,,,,,,,,,,,,,,,,,,,,,,,,,,,,,,,,,,,,,,,,,,,,,,,,,,,,,,,,,,,,,,,,,,0.00063313,0.000667653,0.000722943,-0.00968814,,,,,,,0.001624268,0.001768948,,,-0.000477094,-0.000488658,0.004063042,,-0.002571079,-0.002598213,-0.005285949,0.00252349,-0.004394211,,0.008007395,0.004461253,0.004700917,0.005090855,-0.006365683,0.004869373,0.001775042,6.15E-05,-0.006809943,-0.111263803,-0.000783117,-0.007623954,0.005380236,0.036567354,-0.006150862,-0.026073104,-0.02610305,0.003240346,-0.00657391,-0.009171437,-0.002879354,-0.001665703,-0.000344079,0.005511054,0.00319403,0.000324241,-0.011547407,-0.014342382,-0.006553292,-0.009057063,-0.005937002,-0.007212841,-0.009568714,-0.008839161,-0.005603901,-0.009217651,-0.008177478,-0.001893502,-0.003674858,0.008711429,-0.001164255,0.012215394,0.005168797,0.002173864,-0.000344086,0.007697378,0.006037762,-0.004232785,0.001941942,0.001163859,0.00074948,-0.002559506,-0.00079319,-0.000481106,0.000141361,0.001415191,0.000793735,0.00015666,0.00030386,0.000902793,-0.00195213,0.001504233,0.001794386,0.001919011,0.000770336,-0.004850948,-0.003583244,,,,,0.001502301,0.002477612,0.001656126,0.001578381,,0.002454885,0.007518185,0.006369811,0,,0.004922858,-0.002820841,0.002105099,-4.73E-06,0.002852204,-0.001758048,-0.000662502,0.001868803,0.00187341,0.00182709,-0.001821585,-0.001001231,-0.001133442,-0.001262506,0.002454814,0.002432897,0.001793159,0.001782547,0.001877293,0.001884035,0.000977379,-0.002434346,0.000102433,0.002377801,0.004781775,0.002939134,,-0.002122157,-0.00264085,-0.006798191,-0.00121936,-0.000384777,-0.000709684,-0.00050395,-0.002608688,0.002367976,0,0.001503507,-0.002942295,-0.003027119,-0.002914562,0.001904164,0,0,0,0,0.002543741,-0.005220931,0.000205534,5.29E-05,0.000774866,,0.003489293,0.001193861,0.001572395,-0.006091951,,0.002684014,-0.003338735,0.001932933,0.005974736,0.004426177,0.006183535,,,-0.009326116,,,,,,,,,,,,,,,,,,,,,,,,,,,,,,,,,,,,,,,,,,,,,,,,,,,,,,,-0.004378472,-0.004195761,,,,,,,,,,,,,,,-0.002358356,0,0,0,0,0.001697329,,0.001701972,0.001831718,0.001890376,-0.001850312,-0.001955228,-0.001958739,-0.00197323,0.009200242,0.00888416,,,,,,,,,-0.001255886,6.58E-05,-0.003150148,,,,,-0.007974351,-0.007179965,-0.005947592,-0.001709805,,,,0.005475299,0.001534061,0.000789214,0.002355117,0.000787459,-0.004727946,-0.000312918,0.001938294,0.003688528,-0.000425057,-0.000925596,0.000592962,0.002035978,0.001111775,0.005556874,-0.001853585,-0.002708213,-0.000719162,0.00234865,0.002676049,0.000156592,0.001852459,-0.001951378,-0.004132431,0.007178296,0.001819689,0.004251498,-0.002109205,0.007061986,0.00236178,-0.007568381,-0.003442551,-0.006832702,-0.005378616,,,,,,,,,,-0.002765318,0.00078285,0.001032447,-0.002061291,0.002614305,-0.001604709,0.002045142,0.003548038,-0.001280148,0.002449487,0.002900354,,,,,,,,,,,,,,,,,,,,,,,0,-0.005958911,,-0.005652564,,,,,
USDJPY,0.00114845,-0.004527541,0.014934732,-3.86E-05,0.004878522,-0.001739672,-0.000823672,-0.001313433,0.000456438,-0.005340372,-0.005442845,-0.007650086,0.044719484,0.003064725,0.001206327,-0.001425808,-0.001029548,0.003220034,-0.000281996,0.001493774,0.005625928,-0.001144906,0.002089279,-0.001302879,0.002401821,0.000429066,-0.000576137,0.002126275,0.000390801,-0.000667094,-0.000143838,0.013057834,-0.016477461,0.002402511,-0.004364456,-0.003858567,-0.001870863,0.006817036,-0.000729231,-0.006677733,-0.000457984,-0.000559943,0.002699675,0.002766878,0.002737091,0.002710096,0.002599411,-0.002560986,,,,,0,0,0,-0.00586046,-0.005845087,,,,,,,0.002880182,0.002539981,-0.001716935,-0.001754114,-0.001750048,-0.001665164,-0.006770949,-0.00553821,0.000900164,0.003851375,0.00244123,-0.006824886,-0.003568363,-0.005857339,-0.008470919,-0.003922841,-1.22E-05,-0.004935788,-0.003054567,0.001316379,-0.003458273,-0.000221709,-0.001584636,0.008360133,0.011224912,0.003831807,0.011580396,0.003855508,0.00369115,-0.004318306,0,0,-0.000949012,-6.73E-05,0.006405393,-0.002356748,0.004313993,-0.002845668,0.012347501,-0.002178944,0.003022722,-0.003754694,,,,,,,,-0.002571988,-0.002331721,-0.002816432,-0.004194686,0.01057349,0.005429156,0.000745414,-0.009697779,-0.003962912,-0.004948458,-0.004943872,-0.001819223,-0.002195892,-0.003702367,-0.005458352,-0.002794224,-0.002401492,-0.004704337,0.013964202,-0.007654509,-0.003505705,0.003459946,-0.002855206,-0.00656235,-0.010023531,0.002457464,-0.000169594,0.000870528,-0.002801993,-0.000358615,0.005127134,0.002616805,0.004383544,-0.002164994,0.000133232,0.002126372,-0.006915159,0.001107532,0.004595449,-0.000450864,-0.002252447,-0.00269301,-3.19E-05,0.006348279,-0.004561058,0.001910522,-0.003910845,0.002136349,-0.003356367,0.002195099,0.005034313,0.002104916,0.001832287,-0.004055758,0.005764197,0.005452964,-0.000897472,-0.002564215,-0.002053004,-0.005081248,,,,,-0.006322975,-0.006075494,-0.006978734,-0.003514895,-0.005945102,0.005306676,-0.005792266,-0.005844047,,,,0.003740278,0.003343593,0.000825655,-0.000303607,-0.006261642,,,,,,,0.005582035,0.00649543,0.005210085,-0.000873346,0.001011975,0.001051135,0.001067635,0.001066686,0.001099528,0.001104415,0.002965128,0.004382241,0.0087025,0.013462981,0.00911247,0.011584458,0.010526925,0.008339692,0.019145483,0.004131089,0.009791394,0.0088679,0.00040883,0.000563518,0.003068912,0.002788992,0.004543053,0.004385083,0.003176109,0.011057923,0.010515142,0.00650392,0.008766563,-0.011285752,-0.013554288,,0.003966732,0.001428719,0.003415131,0.006574387,0.002911758,0.009955823,,,,,,0.004616787,0.004481035,0.004497926,,,,,,,,,,,-0.001315807,0.014653756,,,-0.002125658,-0.000598394,0.001257684,0.006756302,0.004428948,0.002944744,0.005647676,,,,,-0.002337885,,,,,,,,,,,0.002854945,,,,-0.002698541,0.004702898,-0.004824314,-0.008151477,0.000948893,-0.006712784,-0.001093986,0.001829127,0.006899532,0.007107464,0.01565766,0.010333669,0.015439794,,-0.005118893,0.002838106,0.007626797,0.017244492,0.016637215,0.013538649,0.004457765,0.012214375,0.000839265,0.002243008,0.004959934,0.008568614,-0.007437521,-0.007900504,0.008575078,-2.21E-05,-0.002404371,0.00754554,0.004548362,0.004411133,-0.003055234,0.009016107,-0.003462108,-0.01297145,-0.010510474,-0.002255468,-0.011694913,-0.001053231,0.000616228,0.000698387,0.002218278,0.002857202,0.009188443,0.016832255,0.00194498,-0.006212659,-0.002807668,-0.006023698,-0.006016625,0.005838053,0.004599375,0.004411865,-0.003166214,-0.006206729,-0.005548248,-0.010284336,-0.012121857,-0.002048354,-0.004595823,-0.004706105,-0.002098399,-0.007232999,-0.002404015,-0.000687169,0.002835287,0.001688461,0.002012073,,,,,,0,0,,,,,,-0.033367154,0.006488984,-0.006819367,,,,,,-0.004837551,,,-0.004954971,-0.005197795,-0.00538267,,,,,-0.005927863,-0.007516016,0.002923871,0,,,,,,,,,,,,,,,,,,0.015603281,-0.006402876,0.01234725,-0.005356046,0.015621134,0.001613732,-0.00237798,-0.000330003,0.010397182,0.002696933,-0.002575368,0.003819036,-0.002075437,0.006937185,-0.003916475,-0.001947603,0.036647878,0.006918022,-0.00231413,-0.001706343,-0.008616683,0.002709447,-0.006749913,-0.033857161,-0.002841092,0.01081193,-0.000867324,0.004984203,0.002874027,0.006259826,0.004587025,0.00221962,-0.006630676,0.00225238,0.008449644,-0.005812386,0.000879523,-0.003779446,0.00634994,0.005510378,0.007215273,0.007064642,0.008291477,0.007254678,0.006632227,0.009294704,0.009764307,-0.000503121,0.012700005,0.012374289,0.01118591,0.016214059,0.003567999,0.001678029,0.001736601,0.001784537,0.00111577,-0.000318822,-0.000234693,-0.000292284,-0.000278363,-0.011296815,-0.010723898,-0.013734673,-0.01077325,0.002006234,-0.004556861,0.001638461,0.001576105,0.002433822,0.001649837,0.001367593,0.001540733,0.007129846,0.004546682,-0.001663189,0.001352269,-0.000663926,-0.00070731,0.006986152,-0.000674028,-0.000692227,-0.007323936,0.00408673,,0.013134685,,,,,-0.001665531,0.000878685,0.001174228,0.008756082,0.004738148,,,,,,,,,,,,,,,,,,,,,,,,,,,,,,,,,,,,,,,,,,,,,,,,,,,,,,,,,,,,,,,,,
USDKRW,,,,,,,,,,,,,,,,,,,,,,,,,,,,,,,,,,,,,,,,,,,,,,,,,,,,,,,,,,,,,,,,,,,,,,,,,,,,,,,,,,,,,,,,,,,,,,,,,,,,,,,,,,,,,,,,,,,,,,,,,,,,,,,,,,,,,,,,,,,,,,,,,,,,,,,,,,,,,,,,,,,,,,,,,,,,,,,,,,,,,,,,,,,,,,,,,,,,,,,,,,,,,,,0.000371275,0.000358206,0.000379203,-0.006682462,-0.00623218,-0.003930635,,0.001406102,0.000335387,-0.005427459,0.000136451,-0.000864081,-0.001679027,,,,,,,,,,-0.002227343,0.001265001,0.001265689,-0.002169358,,,,,,,,,,,,,,,,,,,,,,,,,,,,,,,,,,,,,,,,,,,,,,,,,,,,,,,,,,,,,,,,,,,,,,,,,,,,,,,,,,,,,,0.008899606,,,,,,,,,,,,,,,,,,,,,,,,,,,,,0.005589046,,-0.000510716,-7.97E-05,,,-0.002434082,0.012400875,,,,,-0.004303868,0.003052497,-0.001895965,-0.00146219,-0.009476898,-0.00070102,0.00136851,0.001476647,-0.005454532,-0.005939179,0.005433761,-0.006676769,0.003709804,0.011967488,0.009287014,0.012754912,0.002518391,,,,,,,,,,,,,,,,,0.000999453,0.002096188,,,,,,,,,,,,,,,,,,,,,,,,,,,,,,,,,,,,,,,,,,,,,,,,,,,,,,,,,,,,,,,,,,,,,-0.009452199,-0.001658559,-0.011088913,0.003488779,-0.001846273,0.001491751,0.003224447,0.00401538,-0.000470744,-0.001444506,-0.003525858,-0.00619309,-0.005983291,-0.011438111,0.008438689,,-0.006005846,,,,,,,,,,,,,,,,,,,,0.002918867,3.98E-05,0.001291353,0.00164664,-0.000536513,0.001268764,0.001778975,0.00192179,-0.002169291,0.00246125,0.001776823,-0.003595793,-0.001982302,-0.008977518,4.46E-05,-0.007874561,0.004989199,0.00436834,-0.007278829,-0.005054859,0.00651373,-0.008490789,-0.002001326,-0.012332064,-0.004802434,0.00251408,0.003566662,0.004052546,0.001552289,,7.74E-05,,,,,,,,,,,,,,,,,,,,,,,,,,,,,,7.98E-05,-0.012016638,,,,,,,,,,,
USDNOK,,,,,,,,,,0.011570069,,-0.051474016,,,,,,,,,,,,,,,,,,,,,,,-0.00795938,,,,-0.002634927,0.000575819,0.000712613,0.000542305,,0.013152763,-0.001195048,-0.002852805,,,,,,,,,,,,,,0.006383258,-0.012859022,-0.015884708,-0.013392744,-0.007769492,0.005767671,,,,,,,,-0.010995648,0.009060475,0.024834007,-0.002609237,-0.000805724,-0.001751782,0.00289253,-0.004368744,0.019274698,-0.004587963,-3.60E-05,0.002105186,0.002366932,0.002178034,-0.009998556,-0.00844301,-0.002885085,-0.000503137,-0.012624169,-0.00268756,-0.003351494,-0.00110491,-0.00131742,0.002695019,-0.00258102,,,,-0.004692444,-0.006688263,-0.003581042,0.003083803,0.001691218,0.001257821,-0.004827173,-7.66E-06,0.014226101,0.012576514,0.012404664,,,,,,-0.008450853,-0.007925435,-0.008572377,-0.005250945,-0.005249543,0.006034878,0.007820373,0.006083732,0.001248412,0.001861695,-0.004994477,-0.00127026,0.003023666,0.001380713,0.000666178,0.000374128,-0.000213393,,-0.00039169,-0.000172113,0.001132872,0.001401509,-0.000152541,-0.001086067,-0.003060578,,,,,,,,,,,0.007533827,,,,,,,,,,,,,,,,,,,,,,,,,,,,,,,,,,,,,,,,,,,,,,,-0.002908154,,,,,,,,,,,,,,,,,,,,,,0.004608016,0.0011081,,,,,,,,,,,,,,-0.0046339,-0.004675175,-0.009777906,-0.006571531,-0.002390306,-0.002474108,-0.002449502,-0.002369894,-0.00141073,0.000358514,,,,,,,,,0.015603248,0.015817013,,,,,,,,,,,,,,,,,0.002988516,0.000569068,,,,-0.006783532,0.000297102,-0.003512551,0.000549884,0.000134215,-0.004980506,-0.006662364,-0.005704906,0.004580901,-0.004095236,-0.001348919,-0.002602198,0.001226473,0.001749139,-2.29E-05,0.010405961,,-0.0017611,,,,0.010536944,,,,,-0.001837522,,0.012404254,0,,,,0.028490596,0.018195039,0.005813754,0.00334643,0.02486304,0.005155839,0.021134902,0.005992136,-0.001210701,0.000504135,-0.01356428,0.006612185,0.008881392,0.007958606,0.008227361,-0.013013334,0.004016565,-0.007264174,-0.003186759,0.021156239,-0.017692494,0.00579006,0.022196309,-0.015822807,0.016945176,0.01304351,0.029777372,-0.012772435,-0.004516841,0.003470503,0.010090724,-0.008598048,0.005382847,0.006525416,-0.005436963,0.028289833,-0.000429479,0.009623102,0.002653171,0.0009709,-0.006519555,0.022537238,0.002091548,-0.010404601,0.005484711,-0.008739343,0.02355128,0.000337283,0.005155224,-0.00285693,0.009743423,0.017062829,0.005166801,-0.021928162,-0.018181115,-0.001510862,-0.000415974,-0.004746393,0.000246049,0.002385097,0.001082779,0.0182367,-0.002679574,-0.003995834,0.011657072,0.001099055,-0.003262407,-0.001867355,,,-0.001028288,,,,,,,,,,,,,,,,,,,,,,,,,,,,,,,,,,,,,,,,,,,,,,,,,,,,,,,,,,,,,,,,,,,,-0.005441041,0.005449457,0.00523256,0.005118189,0.004949742,,-0.0047412,,,,,-0.010062555,-0.003255046,,,,,,0.004520994,0.004787849,,,,,,,,,,,,,,-0.001482058,0.018584659,-0.011316583,0.017468369,,,,,,,,,,,,,,,,,,,,,,,,,,,,,,,,,,,,,,0.000595288,-0.016622213,0.002760553,-0.009354626,-0.004213395,-0.000454876,-0.000282274,,0.004587315,,,,,,,,,,,,,-0.002339758,,,,,,,,,,,,,,,,,,,,,,,,,,,
USDSEK,,,,,,,,0.007121411,0.008169899,0.021017144,,-0.040184136,-0.034576077,,,,,,,,-0.024896751,,,,,,,,,,,,,,,,,,,,,,,,,-0.000761889,,,-0.000635493,-0.005118896,,0.000685622,0.002343403,0.002671838,-0.007939164,,,0.005517281,0.006132529,,,-0.008427647,-0.007449794,0.007333977,0.007526431,,0.007227054,,,,,,,,,,,,,,,,,,,,,,,,,0.00363552,0.003580895,,,0.009156273,0.00189047,0.010489757,0.008108558,0.00270543,0.002540338,-0.002458891,-0.004538051,0.00587525,0.002652773,0.003587843,-0.00459567,0.002534403,-0.00255374,0.006961743,0.00544923,0.014612962,-0.00833067,-0.008448659,,,-0.00602046,-0.004454072,-0.004506194,-0.004551468,-0.003688405,-0.003357596,0.006658764,0.004885945,0.005254824,0.002070053,-0.004737504,0.000929855,-0.000727984,0.014055885,-0.002277066,0.010507311,0.008795953,,-0.002237646,-0.002285063,-0.002154579,-0.002174208,-0.003343147,0.017619268,0.015408049,0.008430553,0.000515334,0.016744225,-0.00463858,-0.010805903,-0.004780287,-0.001521544,-0.003421389,-0.008746825,-0.008460857,0.002431507,0.002507061,-0.002695978,,,,,,,,,,,,,,,,,,,,-0.003971472,,,,,,,,,,,,,,,,,,,,,,,,,,,,,,,,,,,,,,,,,,,,0.001996211,,,,,0.004500273,,,,,,,,,,,,,,,,,,,,,,,,,,,,,,0.005769012,0.004114856,-0.026269443,-0.001170644,0.001527184,-0.017622788,,,,,,,,,,,,,,,,,,,0.002617663,,,,-0.00241519,-0.003602362,-0.00604318,0.000842044,0.002372725,-0.000258403,0.001358618,-0.004529317,0.008512041,-0.004637466,0.001383595,0.015900345,-0.006613548,-0.005224975,0.000407867,-0.002050714,0.003140788,1.47E-05,0.00272019,0.002135246,-0.002251626,-0.000971154,0.003201844,-0.003769373,-0.000924427,0.00358428,,,0.004607706,0.003178376,0.004976476,0.000387562,0.007209353,0.008826145,0.012842104,0.005994503,0.0078941,0.006240376,-0.002216973,0.006943248,0.002673503,0.001784844,0.005350981,0.010044539,0.007661273,0.008923914,0.007047562,0.004055212,-0.00101277,0.00045183,-0.005904495,-0.005178348,0.000322975,0.000507421,0.001491249,0.001562107,0.003035795,0.00120648,0.00602464,0.005481095,0.005323902,0.003559985,0.003325345,0.016202224,0.010547005,-0.022422529,-0.013886405,-0.008760726,-0.011807708,-0.017753766,-0.017694846,-0.006999268,-0.007157264,-0.009650673,-0.009477736,-0.006228277,,,,,,,,,,,,,,,,,,,,,,,,,,,,,,,,,,,,,,,,,,,,,,,,,,,0.01343448,-0.005085011,,,,,,,,,,,,,,,,,,,,,,,,,,,,,,,,,,,,,,,-0.005006247,-0.004526375,-0.007850591,-0.007129312,-0.010312182,-0.008122937,-0.008750397,-0.006210675,-0.005651551,-0.004779522,,,,,,,,,,,,,,,,,,,,,-0.000364392,-0.015601286,,,,,,,,,,0.013366407,-0.004550995,,,,,,,,,,,,,,,,,,,,,,,,,,,,,,,,,,,,,,,0.00956481,-0.003323249,0.004558382,,,,,,,,,,,,,,,,,,-0.000809183,0.011128691,-0.004164987,0.000546941,0.002088063,-0.006002659,-0.003544488,0.00368981,0.003440479,-0.008192994,-0.005688798,-0.00684097,-0.00911477,0.021397288,0.006964649,0.006598079,,,,,,,
USDSGD,,,0.006688704,0.005728462,0.004040468,0.001841294,0.001889644,-0.001664811,-0.001740358,-0.001758746,-0.001840422,0.008917598,0.005609703,-0.001214576,-0.001242177,0.000316909,0.000322117,0.000324215,0.000328599,0.00033114,-0.003397784,-0.003372198,-0.00338459,-0.00328666,0.001984533,0.001975321,0.001958303,0.001972895,-0.00226846,-0.002320868,-0.002354286,-0.002451957,-0.002479423,-0.003149999,-0.003122118,-0.003076876,-0.00314497,-0.001054268,-0.001091067,-0.00105424,-0.001008717,-0.001026231,0.000323121,0.000355061,0.000352995,0.000278517,0.001456697,0.001910189,-0.000349624,0.000200602,-0.00377061,-0.001609245,-0.000873929,0.001605308,0.00151271,0.000616229,0.002019718,0.002633603,0.001949705,0.000148982,-0.002755002,-0.001286168,-0.001349697,0.001714924,0.001867465,0.000803422,0.000632955,-0.006812387,-0.000620451,-0.000818743,,,,,,,,,,,,,,,,,,,,,,,,,,,,,,,,,,,,,,,,,,,,,,,,,,-0.006188407,-0.005703542,-0.005295565,-0.002769064,-0.001801088,-0.002641392,-0.002113577,-0.0071483,-0.006673191,-0.002924721,-0.003854309,-0.005580034,-0.004341762,-0.003014043,-0.004966462,-0.00586224,,,,,,,,0.016719101,0.003809501,0.005826657,-0.000649727,-0.000651005,,0.005063629,0.007581901,0.007603469,0.00798303,-0.003999706,0.005056406,0.005157645,0.004780081,0.004694425,0.004736582,,,,,,,,,,,,,,,0.006082851,0.005965776,,,,,,,,,,,,,0.009413483,0.008877777,0.008283743,0.008109723,0,-0.007967356,,,-0.005925681,,,,,,,-0.001322327,-0.001306373,-0.001331384,-0.001309497,0.000383767,0.001257776,0.000389883,0.001019509,-0.004780166,-0.003770296,-0.004433854,,,,,,,,,,,,,,,-0.001131725,,,,,,,,,,,,,,,,,,,,,,,,,,,,,,,,,,,,,,,,,,,,,,,,,,,,,,,,,,,,,,-0.001732229,-0.000276139,-0.000475399,-0.000386251,-0.001037512,,-0.000947002,,,,,,,,,,,,,,,0,-0.000302824,0.002063315,0.000330064,0.000840062,0.002649007,-0.004120124,0.00064134,0.002756919,-0.009325252,,0.00286092,0.000360393,0.002860399,0.002829326,-0.001449588,0.000540027,0.000539759,0.005541734,0.000814526,,-0.000765123,-0.000779304,-0.000782603,-0.000778449,,0.001270988,-0.002939172,-0.00439726,-0.0037752,0.001640661,0.001633258,0.001737611,0.001760363,0.003734568,0.003885727,0.005937989,0.006018283,0,0.003289137,0.002790471,0,0.00613883,0.006229402,,,,,,,,,-0.001005473,-0.00676338,-0.003030244,0,0,-0.001547539,-0.003782865,0.003224678,-0.00393196,0.002338995,0.006965842,0.00526875,0.006821449,,,,,,,,,,,,,,,,,,-0.005917706,,,,,,,,,,,,-0.000894424,-0.011565753,,,,0.004371471,,,0.007619435,-0.004235779,0.005609195,,-4.20E-05,-0.001656965,0.003621075,-0.002637938,-0.000478415,-0.00129208,-0.001164325,,,,,,,,-0.00043223,-0.001970503,0.002463616,,,,,,0.000301118,-0.000510978,-0.00300606,,,,,,,,,,,,,,,,,,,0.001005434,0.001185253,-0.001328065,-0.001244446,-0.000731112,,,,-0.00097242,-0.001644652,-0.000468643,-0.001456998,0,-0.000820772,0,0,-0.000651899,0.000705316,-0.004945943,-0.008428562,-0.002389847,-0.00811821,-0.000737826,0.010567734,-0.00092682,-0.000137912,0.000124006,0.000240932,,,,-0.001108612,-0.003147116,-0.001778153,0.002174921,0.003002296,0.003074934,0.009885351,0.000173523,-0.002040747,-0.001141832,-0.000832105,0.001082852,0.001988616,0.000205519,0.005163709,0.00380321,,,,,,,,0.0043214,,,,,,,,,,,,,-0.0003462,-0.004755285,,-0.001722729,,,,,,,,-0.000485894,-0.000553261,,,,,,,,,,,,,,,0.003029442,0.003089058,0.003079437,-0.004201221,,-0.003870602,-0.005939899,-0.004280575,,,,0.000927548,0.000925813,0,,,,
USDTHB,,,,,,,,,,,,,,,,,,,,,,,,,,,,0.001376125,-0.001468101,0,0,-0.000487878,0.001711927,0.001144217,0.000773779,0.000640044,6.60E-05,-1.59E-05,0.002366171,0.00111669,0.001365583,0.001321838,0.00142448,0.000901228,0.000880365,0.000804896,0.000831643,0.001862543,0.002713164,-0.000552999,0.001200133,-0.002729179,-0.002437027,-0.001353576,-0.001752765,-0.002427575,-0.001294979,0.002461539,0.002789827,-0.000396449,-0.001748192,-0.002605228,-0.002492092,0.008523542,0.006205981,0.001517571,-0.000124459,-0.003695443,-0.004859425,-0.003485488,-0.000915439,,,,,,,,,,,,,,,,-0.001798632,-0.003217213,-0.004050969,-0.002420201,-0.00296269,-0.000589386,-0.001852362,-0.002514499,-0.001762502,-0.003086515,-0.003819885,-0.003695897,-0.003147743,-0.002998977,-0.002573588,-0.001480022,-0.001961747,0.001417013,-0.005131257,,0.003418081,0.003505727,0.005951936,-0.001769698,-0.001748325,-0.001804473,-0.00253703,-0.001723796,-0.001901904,-0.001284015,-0.002081467,-0.001732259,-0.002443508,-0.001751518,-0.002225011,-0.001360185,-0.000506776,-0.000482692,-0.00052454,-0.005790536,-0.007916006,-0.005017832,-0.001679372,,,-0.004237046,-0.004252129,-0.006651546,-0.005750977,-0.004510235,,0.005185612,-0.003729115,0.008489109,,0.002453583,0.007646447,0.006675861,-0.000119643,-0.000127031,-7.17E-05,0.003126885,0.003049047,0.003677428,0.003823383,0.004288227,-0.006219042,,,,,,,,0.000552996,-0.001298441,-0.001307234,-0.001546262,-0.003298856,-0.002841386,-0.002780786,,,,,,,,,,,,,,,,,,,,,,,,,,,,,0.015053756,,,,,,,0.003734338,0.003559907,0.00338628,0.003235804,0.0031062,-0.003006,-0.000771323,-0.003201781,-0.005340146,-0.003629231,-0.003263964,-0.000804358,-0.000822484,-0.000840332,0.000107376,0.00130381,0.002619731,-0.000459578,-0.003686028,-0.003488028,0.002417425,-0.003171755,-0.003566647,0.00900251,0.015319539,0.000707662,-0.001735063,-0.00403068,-0.001536935,0.0070722,,0.011015646,,,-0.001828113,-0.001896792,-0.001915914,,,,0.021278296,,0.005737796,0.000409645,-0.007371382,-0.001625102,0.000815628,0.000812205,0.005159589,-0.001599567,,0.007377761,0.007166594,0.003893534,0.005863749,0.005575593,-0.002464148,-0.007714797,-0.002806269,-0.001060987,-0.001049472,-0.001314205,-0.000616021,-0.000617697,-0.003835434,-0.004256553,-0.00390409,0,0.000265403,0.000268277,0,0.000277906,0.000589178,0.000731326,-0.004210518,-0.001381821,0.001794315,0.001883737,0.001858921,0.001794692,0.001823276,0.001588631,-0.000648633,-0.000733993,0.001149086,0.000189184,-0.001170893,-0.001188005,-0.001619317,1.73E-05,-0.005493649,-0.005818842,-0.004494865,-0.004303938,,,,,,,-0.002593564,-0.002541923,,,,,,,,,,,,,,,,,,,,,,,,,,,,,,,,,,,,,,,0.001934358,0.008000697,-0.000593147,-0.000692383,0.004515789,0.004554893,0.002321454,0.00246052,0.001827244,-0.000600045,0.00441569,,,,,,,,,,,,,,,,,,,,,,,,,,,,,,,,,,,,,,,,,,,,,,,,,,,-0.000978272,-0.003635242,-0.000799513,,,,,,,-0.001220055,-0.002966718,-0.000234773,-0.001668519,2.58E-05,-0.001464852,0.001121903,,9.73E-06,,,,,,,,,,,,,,,,,,0.001764708,0.000994011,,,,,,,,,,,,0.002776301,,,,,,,-0.004767764,,,,0.001467275,,-0.003633732,-0.003549429,-0.003384317,-0.003151029,-0.000965921,-0.001597251,-0.003038298,-0.003516809,-0.003487793,-0.004378777,0.001266348,0.000638333,-0.002135481,-0.008156725,-0.000692178,-0.00282578,0.001870078,0.009530673,-0.001588002,0.003180541,0.002971694,0.00296475,0.003192402,0.000275399,0.000280722,0.000277328,0.000265678,-0.002967459,-0.002888101,,,,0.003174858,0.003078357,0.001056934,0.001048497,,,,,,,,,,,,,,,,,,,,,,,,,,-0.000379628,-0.00542798,0.004039984,-0.00258794,-0.000407532,0.002223855,0.00437003,0.000399639,-0.001105884,0.003148213,0.00351668,0.003328629,0.003161712,0.003979533,0.000264235,-0.002974414,-0.001516963,,,-0.004807712,-0.005406237,-0.005508946,-0.003742855,-0.003448763,-0.003533044,-0.004081109,0.002263171,0.002172701,,,-0.000936875,-0.002550743,3.08E-05,0.000990038,0.00038252,0.000693015,-0.000655601,-0.001749355,-0.003414569,-0.001866678,0.000500713,0.002621487,0.000757446,0.000938243,0.000291714
USDTWD,,,,,,,,,,,,,,,,,,,,,,,,,,,,,,,,,,,,,,,,,,,,,,,,,,,,,,,,,,,,,,,,,,,,,,,,,,,,,,,,,,,,,,,,,,,,,,,,,,,,,,,,,,,,,,,,,,,,,,,,,,,,,,,,,,,,,,,,,,,,,,,,,,,,,,,,,,,,,,,,,,,,,,,,,,,,,,,,,,,,,,,,,,,,,,,,,,,,,,,,,,,,,,,,,,,,,,,,,,,,,,,,,,,,,,,,,,,,,,,,,,,,,,,,,,,,,,,,,,,,,,,,,,,,,,,,,,,,,,,,,,,,,,,,,,,,,,,,,,,,,,,,,,,,,,,,,,,,,,,,,,,,,,,,,,,,,,,,,,,,,,,,,,,,,,,,,,,,,,,,,,,,,,,,,,,,,,,,,,,,,,,,,,,,,,,,,,,,,,,,,,,,,,,,,,,,,,,,,,,,,,,,,,,,,,,,,,,,,,,,,,,,,,,,,,,,,,,,,,,,,,,,,,,,,,,,,,,,,,,,,,,,,,,,,,,,,,0.00263988,0.002761607,0.009322166,0.000172074,-0.001974291,-0.00115304,-0.00112343,-0.001004843,0.000479803,0.000652343,0.00473541,0.002542136,,,,,,,,,,,,,,,,,,,,,,,,-0.001790487,,,,,,,,,,,,,,,,,,-0.002417842,-0.000305247,0.001052488,-0.000283992,-0.000379779,0.001945617,0.002048708,0.001725821,0.001696589,0.001707199,0.00010502,5.35E-05,,,,,,,,,,,,
