datetime,CN_BFT_Value
2015-12-31,0.0
2016-01-01,-0.0030000000000000027
2016-01-02,-0.0030000000000000027
2016-01-03,-0.0030000000000000027
2016-01-04,-0.06666743891420879
2016-01-05,-0.05931218599541532
2016-01-06,-0.04678147117050657
2016-01-07,-0.11018146153118302
2016-01-08,-0.08721611394726525
2016-01-09,-0.08721611394726525
2016-01-10,-0.08721611394726525
2016-01-11,-0.1333751739363206
2016-01-12,-0.13412862501174094
2016-01-13,-0.14435359895925226
2016-01-14,-0.12225224022721615
2016-01-15,-0.15231205772226386
2016-01-16,-0.15231205772226386
2016-01-17,-0.15231205772226386
2016-01-18,-0.14902688854216073
2016-01-19,-0.1179524391231277
2016-01-20,-0.14020742704598965
2016-01-21,-0.16099207698165208
2016-01-22,-0.152026216220707
2016-01-23,-0.152026216220707
2016-01-24,-0.152026216220707
2016-01-25,-0.14571671990056667
2016-01-26,-0.19061727856555455
2016-01-27,-0.18474920188544564
2016-01-28,-0.20373248367116825
2016-01-29,-0.17603150466197692
2016-01-30,-0.17603150466197692
2016-01-31,-0.17603150466197692
2016-02-01,-0.1791286738221135
2016-02-02,-0.15930133230341337
2016-02-03,-0.1582392800392871
2016-02-04,-0.1507512704545556
2016-02-05,-0.15831972577101583
2016-02-06,-0.15831972577101583
2016-02-07,-0.15831972577101583
2016-02-08,-0.15831972577101583
2016-02-09,-0.15831972577101583
2016-02-10,-0.15831972577101583
2016-02-11,-0.15831972577101583
2016-02-12,-0.15831972577101583
2016-02-13,-0.15831972577101583
2016-02-14,-0.15831972577101583
2016-02-15,-0.16241475807388372
2016-02-16,-0.1421413215280426
2016-02-17,-0.13874920871725827
2016-02-18,-0.14095735832717238
2016-02-19,-0.14318349849077727
2016-02-20,-0.14318349849077727
2016-02-21,-0.14318349849077727
2016-02-22,-0.12102274320633266
2016-02-23,-0.12291394031301794
2016-02-24,-0.11324341583148567
2016-02-25,-0.16357249242369143
2016-02-26,-0.15251148780949408
2016-02-27,-0.15251148780949408
2016-02-28,-0.15251148780949408
2016-02-29,-0.16692344003636095
2016-03-01,-0.15095324821819833
2016-03-02,-0.11290489970508921
2016-03-03,-0.11416788800444921
2016-03-04,-0.10210438663406018
2016-03-05,-0.10210438663406018
2016-03-06,-0.10210438663406018
2016-03-07,-0.10143585418843004
2016-03-08,-0.10576789887010174
2016-03-09,-0.11415952244233718
2016-03-10,-0.12534139639489106
2016-03-11,-0.12455418109331251
2016-03-12,-0.12455418109331251
2016-03-13,-0.12455418109331251
2016-03-14,-0.11026896577768142
2016-03-15,-0.09300174594536992
2016-03-16,-0.09620420016711284
2016-03-17,-0.08759231439654092
2016-03-18,-0.08311813528133283
2016-03-19,-0.08311813528133283
2016-03-20,-0.08311813528133283
2016-03-21,-0.06960513900659293
2016-03-22,-0.0738704661910895
2016-03-23,-0.07449019909284182
2016-03-24,-0.08002497483379711
2016-03-25,-0.07554552007920112
2016-03-26,-0.07554552007920112
2016-03-27,-0.07554552007920112
2016-03-28,-0.07751932935574057
2016-03-29,-0.08469283643416436
2016-03-30,-0.06526291207403712
2016-03-31,-0.0691112557449487
2016-04-01,-0.062288539684503874
2016-04-02,-0.062288539684503874
2016-04-03,-0.062288539684503874
2016-04-04,-0.062288539684503874
2016-04-05,-0.05059942018290986
2016-04-06,-0.05079747613902352
2016-04-07,-0.06406190245110965
2016-04-08,-0.07317869339043548
2016-04-09,-0.07317869339043548
2016-04-10,-0.07317869339043548
2016-04-11,-0.0611751889791472
2016-04-12,-0.06270261580568626
2016-04-13,-0.055202640806648606
2016-04-14,-0.05003810977222378
2016-04-15,-0.05211651724468436
2016-04-16,-0.05211651724468436
2016-04-17,-0.05211651724468436
2016-04-18,-0.0605205677063978
2016-04-19,-0.062480360400357204
2016-04-20,-0.08902541947956066
2016-04-21,-0.09207523797154693
2016-04-22,-0.07705749919415972
2016-04-23,-0.07705749919415972
2016-04-24,-0.07705749919415972
2016-04-25,-0.08220298869626907
2016-04-26,-0.07993839865070074
2016-04-27,-0.07913680975196369
2016-04-28,-0.07724825470444707
2016-04-29,-0.07237261253845018
2016-04-30,-0.07237261253845018
2016-05-01,-0.07237261253845018
2016-05-02,-0.07237261253845018
2016-05-03,-0.05088726321849213
2016-05-04,-0.05646514943255321
2016-05-05,-0.05429929969320302
2016-05-06,-0.08356968421705968
2016-05-07,-0.08356968421705968
2016-05-08,-0.08356968421705968
2016-05-09,-0.10283738081201499
2016-05-10,-0.09421417387340802
2016-05-11,-0.08552960780014707
2016-05-12,-0.08545562492374204
2016-05-13,-0.09039169456468643
2016-05-14,-0.09039169456468643
2016-05-15,-0.09039169456468643
2016-05-16,-0.0854304860691869
2016-05-17,-0.0898798745708389
2016-05-18,-0.1061018704480281
2016-05-19,-0.1066524372960681
2016-05-20,-0.10094159891013021
2016-05-21,-0.10094159891013021
2016-05-22,-0.10094159891013021
2016-05-23,-0.09284684637828522
2016-05-24,-0.10116072326735792
2016-05-25,-0.10436047637092516
2016-05-26,-0.10411502746029433
2016-05-27,-0.10503031849830502
2016-05-28,-0.10503031849830502
2016-05-29,-0.10503031849830502
2016-05-30,-0.10214058031720963
2016-05-31,-0.07121541450773239
2016-06-01,-0.07226771010879662
2016-06-02,-0.07424673957951144
2016-06-03,-0.061262549909376074
2016-06-04,-0.061262549909376074
2016-06-05,-0.061262549909376074
2016-06-06,-0.06182379198748911
2016-06-07,-0.0637289318559221
2016-06-08,-0.06081052099266859
2016-06-09,-0.06081052099266859
2016-06-10,-0.06081052099266859
2016-06-11,-0.06081052099266859
2016-06-12,-0.06081052099266859
2016-06-13,-0.0917260260819559
2016-06-14,-0.088355936578566
2016-06-15,-0.07424371372735683
2016-06-16,-0.08266710731220961
2016-06-17,-0.07762239044416741
2016-06-18,-0.07762239044416741
2016-06-19,-0.07762239044416741
2016-06-20,-0.07441380174223622
2016-06-21,-0.07824586085181928
2016-06-22,-0.06839948191937062
2016-06-23,-0.07049341969499245
2016-06-24,-0.07646616173578291
2016-06-25,-0.07646616173578291
2016-06-26,-0.07646616173578291
2016-06-27,-0.06245246968581075
2016-06-28,-0.04894234940537212
2016-06-29,-0.04485982801237498
2016-06-30,-0.052919083844785386
2016-07-01,-0.04987976555308249
2016-07-02,-0.04987976555308249
2016-07-03,-0.04987976555308249
2016-07-04,-0.02921596318271802
2016-07-05,-0.022289819364468166
2016-07-06,-0.012650301245689777
2016-07-07,-0.011039261781396248
2016-07-08,-0.016468932432228023
2016-07-09,-0.016468932432228023
2016-07-10,-0.016468932432228023
2016-07-11,-0.011082586345967038
2016-07-12,0.012805118873403742
2016-07-13,0.013442656836413214
2016-07-14,0.011907421968055276
2016-07-15,0.020575071342851636
2016-07-16,0.020575071342851636
2016-07-17,0.020575071342851636
2016-07-18,0.016476654412921565
2016-07-19,0.008072545970462697
2016-07-20,0.00492416102510318
2016-07-21,0.014229348332387648
2016-07-22,0.0009207217802238432
2016-07-23,0.0009207217802238432
2016-07-24,0.0009207217802238432
2016-07-25,-0.0011957111911943263
2016-07-26,0.017218478777372148
2016-07-27,0.005600762871513565
2016-07-28,0.02103043455843312
2016-07-29,0.014916927972672633
2016-07-30,0.014916927972672633
2016-07-31,0.014916927972672633
2016-08-01,0.0010768817848552104
2016-08-02,0.0026272004835496965
2016-08-03,0.010791714121505258
2016-08-04,0.010345775981165595
2016-08-05,0.006823406710442015
2016-08-06,0.006823406710442015
2016-08-07,0.006823406710442015
2016-08-08,0.016558487321780335
2016-08-09,0.028470504128048413
2016-08-10,0.018671665795806813
2016-08-11,0.011508612168553256
2016-08-12,0.026831535067292966
2016-08-13,0.026831535067292966
2016-08-14,0.026831535067292966
2016-08-15,0.0481671304830924
2016-08-16,0.05041795368786839
2016-08-17,0.056280735500363166
2016-08-18,0.046830019337079865
2016-08-19,0.05059880614638179
2016-08-20,0.05059880614638179
2016-08-21,0.05059880614638179
2016-08-22,0.039716022855652344
2016-08-23,0.039808714059576644
2016-08-24,0.03829148162985874
2016-08-25,0.028844176274040567
2016-08-26,0.029739930016005722
2016-08-27,0.029739930016005722
2016-08-28,0.029739930016005722
2016-08-29,0.029218679720999008
2016-08-30,0.02417217781256964
2016-08-31,0.02457424079442183
2016-09-01,0.018597457056254152
2016-09-02,0.014644355246540952
2016-09-03,0.014644355246540952
2016-09-04,0.014644355246540952
2016-09-05,0.020253367028887137
2016-09-06,0.026987364599510455
2016-09-07,0.026358803993937086
2016-09-08,0.02248542237197193
2016-09-09,0.014752299396768143
2016-09-10,0.014752299396768143
2016-09-11,0.014752299396768143
2016-09-12,-0.005600564304925615
2016-09-13,-0.00654161383333951
2016-09-14,-0.0115585281073034
2016-09-15,-0.0115585281073034
2016-09-16,-0.0115585281073034
2016-09-17,-0.0115585281073034
2016-09-18,-0.0115585281073034
2016-09-19,-0.0033039181944987117
2016-09-20,-0.004656223513205715
2016-09-21,-0.002772956131283033
2016-09-22,0.003044869655806748
2016-09-23,1.542399946541373e-05
2016-09-24,1.542399946541373e-05
2016-09-25,1.542399946541373e-05
2016-09-26,-0.01535534851101572
2016-09-27,-0.008943819105140527
2016-09-28,-0.012192382271832614
2016-09-29,-0.005069256800762867
2016-09-30,-0.0010787392946099983
2016-10-01,-0.0010787392946099983
2016-10-02,-0.0010787392946099983
2016-10-03,-0.0010787392946099983
2016-10-04,-0.0010787392946099983
2016-10-05,-0.0010787392946099983
2016-10-06,-0.0010787392946099983
2016-10-07,-0.0010787392946099983
2016-10-08,-0.0010787392946099983
2016-10-09,-0.0010787392946099983
2016-10-10,0.012950576891407772
2016-10-11,0.018403752806371854
2016-10-12,0.02371857043779335
2016-10-13,0.02383103426428823
2016-10-14,0.020148312959376913
2016-10-15,0.020148312959376913
2016-10-16,0.020148312959376913
2016-10-17,0.00991445019595738
2016-10-18,0.021073775050592047
2016-10-19,0.016477004759144265
2016-10-20,0.015174694711539871
2016-10-21,0.007647830571363423
2016-10-22,0.007647830571363423
2016-10-23,0.007647830571363423
2016-10-24,0.013012865019986997
2016-10-25,0.014751325872284449
2016-10-26,0.0168910705395946
2016-10-27,0.014116341419819989
2016-10-28,0.01094060726348034
2016-10-29,0.01094060726348034
2016-10-30,0.01094060726348034
2016-10-31,0.009125840031337651
2016-11-01,0.019787428992604772
2016-11-02,0.007652759004690202
2016-11-03,0.00773400957645376
2016-11-04,0.0007929485850266538
2016-11-05,0.0007929485850266538
2016-11-06,0.0007929485850266538
2016-11-07,-0.005898097408818748
2016-11-08,0.00019242695085708306
2016-11-09,0.006535841338120463
2016-11-10,0.013267596562631656
2016-11-11,0.011968901210559935
2016-11-12,0.011968901210559935
2016-11-13,0.011968901210559935
2016-11-14,0.006737980536572152
2016-11-15,0.01922561241480336
2016-11-16,0.01951391772118316
2016-11-17,0.019783481193793806
2016-11-18,0.020803199910046866
2016-11-19,0.020803199910046866
2016-11-20,0.020803199910046866
2016-11-21,0.019839143473078913
2016-11-22,0.022119597102249866
2016-11-23,0.02473188069773702
2016-11-24,0.03631666690237845
2016-11-25,0.04327207690002233
2016-11-26,0.04327207690002233
2016-11-27,0.04327207690002233
2016-11-28,0.03559096310055043
2016-11-29,0.04866207059658967
2016-11-30,0.044773889774927245
2016-12-01,0.058347751801798076
2016-12-02,0.04299492712139652
2016-12-03,0.04299492712139652
2016-12-04,0.04299492712139652
2016-12-05,0.016298114545618914
2016-12-06,0.014242497995928804
2016-12-07,0.01933789089995086
2016-12-08,0.013480713001120526
2016-12-09,0.010138118053964362
2016-12-10,0.010138118053964362
2016-12-11,0.010138118053964362
2016-12-12,-0.021096267867156904
2016-12-13,-0.018957867488268998
2016-12-14,-0.03158821200348916
2016-12-15,-0.03749936308484958
2016-12-16,-0.02697017893869369
2016-12-17,-0.02697017893869369
2016-12-18,-0.02697017893869369
2016-12-19,-0.03774914938792484
2016-12-20,-0.045620672802943574
2016-12-21,-0.040147912358366455
2016-12-22,-0.042457233867636
2016-12-23,-0.04873702225869425
2016-12-24,-0.04873702225869425
2016-12-25,-0.04873702225869425
2016-12-26,-0.05086790776186911
2016-12-27,-0.04778968810213369
2016-12-28,-0.05443553222912012
2016-12-29,-0.05458845887616193
2016-12-30,-0.04854912455859883
2016-12-31,-0.04854912455859883
2017-01-01,-0.04854912455859883
2017-01-02,-0.04854912455859883
2017-01-03,-0.04732698161685067
2017-01-04,-0.03738281361789342
2017-01-05,-0.03935269749628556
2017-01-06,-0.04516068365649828
2017-01-07,-0.04516068365649828
2017-01-08,-0.04516068365649828
2017-01-09,-0.043117791372722536
2017-01-10,-0.04444226405447815
2017-01-11,-0.05262324260063733
2017-01-12,-0.05768892623539612
2017-01-13,-0.04995142122292773
2017-01-14,-0.04995142122292773
2017-01-15,-0.04995142122292773
2017-01-16,-0.05079665221985985
2017-01-17,-0.048965292513338365
2017-01-18,-0.042963460584183766
2017-01-19,-0.042880654782980976
2017-01-20,-0.03745140395852398
2017-01-21,-0.03745140395852398
2017-01-22,-0.03745140395852398
2017-01-23,-0.03815516676932251
2017-01-24,-0.03503299420566941
2017-01-25,-0.027699031778289473
2017-01-26,-0.026101851765725548
2017-01-27,-0.026101851765725548
2017-01-28,-0.026101851765725548
2017-01-29,-0.026101851765725548
2017-01-30,-0.026101851765725548
2017-01-31,-0.026101851765725548
2017-02-01,-0.026101851765725548
2017-02-02,-0.026101851765725548
2017-02-03,-0.030920332712445653
2017-02-04,-0.030920332712445653
2017-02-05,-0.030920332712445653
2017-02-06,-0.02658565145649383
2017-02-07,-0.026406835975737453
2017-02-08,-0.02428956944123406
2017-02-09,-0.022376141751589862
2017-02-10,-0.01816362443248154
2017-02-11,-0.01816362443248154
2017-02-12,-0.01816362443248154
2017-02-13,-0.01323727487236015
2017-02-14,-0.012805893347332065
2017-02-15,-0.021441249399463236
2017-02-16,-0.018162682392912632
2017-02-17,-0.017901928167619152
2017-02-18,-0.017901928167619152
2017-02-19,-0.017901928167619152
2017-02-20,0.0002229112299296787
2017-02-21,0.003681523874579762
2017-02-22,0.014639566360233225
2017-02-23,0.015431097612522926
2017-02-24,0.011564659475467032
2017-02-25,0.011564659475467032
2017-02-26,0.011564659475467032
2017-02-27,0.0013557704099673717
2017-02-28,0.004853784808969364
2017-03-01,0.004520358519743528
2017-03-02,-0.0005414161917409732
2017-03-03,0.000742662282908535
2017-03-04,0.000742662282908535
2017-03-05,0.000742662282908535
2017-03-06,0.0057731880384419565
2017-03-07,0.008730570446575436
2017-03-08,0.008164372196535208
2017-03-09,0.0027672192789494066
2017-03-10,0.011188428178596554
2017-03-11,0.011188428178596554
2017-03-12,0.011188428178596554
2017-03-13,0.017912936897770182
2017-03-14,0.02132383883419786
2017-03-15,0.024407646623866963
2017-03-16,0.02042386031395882
2017-03-17,0.014759264745068057
2017-03-18,0.014759264745068057
2017-03-19,0.014759264745068057
2017-03-20,0.013663050639898033
2017-03-21,0.02580049971162901
2017-03-22,0.02792336142552765
2017-03-23,0.033387925442625255
2017-03-24,0.043358271399202675
2017-03-25,0.043358271399202675
2017-03-26,0.043358271399202675
2017-03-27,0.03689264505647216
2017-03-28,0.03261419794564557
2017-03-29,0.03156998864574323
2017-03-30,0.02715976552210342
2017-03-31,0.032948463203990475
2017-04-01,0.032948463203990475
2017-04-02,0.032948463203990475
2017-04-03,0.032948463203990475
2017-04-04,0.032948463203990475
2017-04-05,0.05008981014987768
2017-04-06,0.06446436785426912
2017-04-07,0.0654056847562936
2017-04-08,0.0654056847562936
2017-04-09,0.0654056847562936
2017-04-10,0.06132109129000396
2017-04-11,0.07184626119611148
2017-04-12,0.05894457323758173
2017-04-13,0.06087974036993016
2017-04-14,0.04757137634036379
2017-04-15,0.04757137634036379
2017-04-16,0.04757137634036379
2017-04-17,0.04621224786423794
2017-04-18,0.06072527113542692
2017-04-19,0.058788816987835446
2017-04-20,0.07880918826579464
2017-04-21,0.07441041072275101
2017-04-22,0.07441041072275101
2017-04-23,0.07441041072275101
2017-04-24,0.046648183669506293
2017-04-25,0.05562345663623747
2017-04-26,0.04788814057628099
2017-04-27,0.0431395430599355
2017-04-28,0.03548202101067588
2017-04-29,0.03548202101067588
2017-04-30,0.03548202101067588
2017-05-01,0.03548202101067588
2017-05-02,0.03876023239551718
2017-05-03,0.033384615159079756
2017-05-04,0.03862081119997551
2017-05-05,0.034432332130527765
2017-05-06,0.034432332130527765
2017-05-07,0.034432332130527765
2017-05-08,0.021998187830399196
2017-05-09,0.028354058026358597
2017-05-10,0.029190491749556458
2017-05-11,0.03992730259295474
2017-05-12,0.04455266417107917
2017-05-13,0.04455266417107917
2017-05-14,0.04455266417107917
2017-05-15,0.04362544024553805
2017-05-16,0.06466889614072668
2017-05-17,0.047557555699139664
2017-05-18,0.04434958142222545
2017-05-19,0.04838661135962141
2017-05-20,0.04838661135962141
2017-05-21,0.04838661135962141
2017-05-22,0.049981237282010316
2017-05-23,0.057553159547152344
2017-05-24,0.061908356658792796
2017-05-25,0.06245011346988871
2017-05-26,0.06411833444112047
2017-05-27,0.06411833444112047
2017-05-28,0.06411833444112047
2017-05-29,0.06411833444112047
2017-05-30,0.06411833444112047
2017-05-31,0.062204375306188275
2017-06-01,0.07648355332671986
2017-06-02,0.07182765515426937
2017-06-03,0.07182765515426937
2017-06-04,0.07182765515426937
2017-06-05,0.06805060721435963
2017-06-06,0.08889417183538795
2017-06-07,0.10536923244276752
2017-06-08,0.11728917399738026
2017-06-09,0.13585321876297307
2017-06-10,0.13585321876297307
2017-06-11,0.13585321876297307
2017-06-12,0.14230559193505177
2017-06-13,0.1535086082125574
2017-06-14,0.122633496942673
2017-06-15,0.12201970244011506
2017-06-16,0.1115385332466996
2017-06-17,0.1115385332466996
2017-06-18,0.1115385332466996
2017-06-19,0.12337985199934054
2017-06-20,0.120439735573725
2017-06-21,0.15227650008895055
2017-06-22,0.14818771662665498
2017-06-23,0.16695554837268567
2017-06-24,0.16695554837268567
2017-06-25,0.16695554837268567
2017-06-26,0.18695543805689807
2017-06-27,0.18612960119899502
2017-06-28,0.17240884190814243
2017-06-29,0.18069112544825616
2017-06-30,0.1782670819993415
2017-07-01,0.1782670819993415
2017-07-02,0.1782670819993415
2017-07-03,0.17099478553640668
2017-07-04,0.16588110161439107
2017-07-05,0.176648813445915
2017-07-06,0.17460436208585506
2017-07-07,0.17031993747946217
2017-07-08,0.17031993747946217
2017-07-09,0.17031993747946217
2017-07-10,0.1695897452403976
2017-07-11,0.17490558724191918
2017-07-12,0.16451548768368007
2017-07-13,0.16662899429633815
2017-07-14,0.1707653070034003
2017-07-15,0.1707653070034003
2017-07-16,0.1707653070034003
2017-07-17,0.1618959906085249
2017-07-18,0.1613737043740322
2017-07-19,0.17771571288429233
2017-07-20,0.18978434325168902
2017-07-21,0.18917387275130237
2017-07-22,0.18917387275130237
2017-07-23,0.18917387275130237
2017-07-24,0.1914298741360101
2017-07-25,0.18651388297022908
2017-07-26,0.18454532441342075
2017-07-27,0.1792945057440034
2017-07-28,0.18571015804862667
2017-07-29,0.18571015804862667
2017-07-30,0.18571015804862667
2017-07-31,0.19151855884864677
2017-08-01,0.19336834708621065
2017-08-02,0.18171411525510472
2017-08-03,0.1697343414878243
2017-08-04,0.16624146826712538
2017-08-05,0.16624146826712538
2017-08-06,0.16624146826712538
2017-08-07,0.1778101448582592
2017-08-08,0.17337200418362286
2017-08-09,0.19294414272643046
2017-08-10,0.1896771882798991
2017-08-11,0.16988769993417407
2017-08-12,0.16988769993417407
2017-08-13,0.16988769993417407
2017-08-14,0.18041435949887474
2017-08-15,0.18278716736737688
2017-08-16,0.1728710878451627
2017-08-17,0.17854379390813402
2017-08-18,0.17812063030846792
2017-08-19,0.17812063030846792
2017-08-20,0.17812063030846792
2017-08-21,0.18844312948706476
2017-08-22,0.18882905084911905
2017-08-23,0.18785452559741378
2017-08-24,0.18672461091332448
2017-08-25,0.1960766937224272
2017-08-26,0.1960766937224272
2017-08-27,0.1960766937224272
2017-08-28,0.20322165851900942
2017-08-29,0.20218096878452863
2017-08-30,0.2081428942299255
2017-08-31,0.20110648162389255
2017-09-01,0.2066626242306604
2017-09-02,0.2066626242306604
2017-09-03,0.2066626242306604
2017-09-04,0.21695428856326182
2017-09-05,0.22085648567975902
2017-09-06,0.22339756247377585
2017-09-07,0.21555193127059025
2017-09-08,0.21783832115643853
2017-09-09,0.21783832115643853
2017-09-10,0.21783832115643853
2017-09-11,0.21910158360456955
2017-09-12,0.21456024148880815
2017-09-13,0.22784933022039566
2017-09-14,0.22274476301993817
2017-09-15,0.23004886956836978
2017-09-16,0.23004886956836978
2017-09-17,0.23004886956836978
2017-09-18,0.23600974859340873
2017-09-19,0.23615768770871215
2017-09-20,0.25142459442974774
2017-09-21,0.24825700755245106
2017-09-22,0.2522384938962412
2017-09-23,0.2522384938962412
2017-09-24,0.2522384938962412
2017-09-25,0.25160765945565267
2017-09-26,0.25213094304432127
2017-09-27,0.26076147891768375
2017-09-28,0.2641472344162801
2017-09-29,0.26836808436813353
2017-09-30,0.26836808436813353
2017-10-01,0.26836808436813353
2017-10-02,0.26836808436813353
2017-10-03,0.26836808436813353
2017-10-04,0.26836808436813353
2017-10-05,0.26836808436813353
2017-10-06,0.26836808436813353
2017-10-07,0.26836808436813353
2017-10-08,0.26836808436813353
2017-10-09,0.28444376463782706
2017-10-10,0.28170624917629916
2017-10-11,0.2981965542573717
2017-10-12,0.31156844288515373
2017-10-13,0.3114232584409473
2017-10-14,0.3114232584409473
2017-10-15,0.3114232584409473
2017-10-16,0.3028612431945388
2017-10-17,0.30590292616977144
2017-10-18,0.3202548286365161
2017-10-19,0.3279504912486564
2017-10-20,0.32270598793570815
2017-10-21,0.32270598793570815
2017-10-22,0.32270598793570815
2017-10-23,0.3232539365620457
2017-10-24,0.3351524696331649
2017-10-25,0.3544418145381205
2017-10-26,0.34640747261128757
2017-10-27,0.3471631214907893
2017-10-28,0.3471631214907893
2017-10-29,0.3471631214907893
2017-10-30,0.34807518912752156
2017-10-31,0.34380236167236755
2017-11-01,0.3285250685001695
2017-11-02,0.3293168458665001
2017-11-03,0.33058180382424074
2017-11-04,0.33058180382424074
2017-11-05,0.33058180382424074
2017-11-06,0.3594758467278676
2017-11-07,0.36114806200782623
2017-11-08,0.35321818215566214
2017-11-09,0.3820653459669394
2017-11-10,0.3916142690285691
2017-11-11,0.3916142690285691
2017-11-12,0.3916142690285691
2017-11-13,0.4075427580580169
2017-11-14,0.40317193140684826
2017-11-15,0.40434339832827426
2017-11-16,0.40838406258526816
2017-11-17,0.40669678538213305
2017-11-18,0.40669678538213305
2017-11-19,0.40669678538213305
2017-11-20,0.4210753214315843
2017-11-21,0.4377780284172361
2017-11-22,0.44937175658961004
2017-11-23,0.39552997438077164
2017-11-24,0.390750484975279
2017-11-25,0.390750484975279
2017-11-26,0.390750484975279
2017-11-27,0.3684520157282496
2017-11-28,0.3840872847711667
2017-11-29,0.37736961879909137
2017-11-30,0.3724300657509696
2017-12-01,0.3655744316335787
2017-12-02,0.3655744316335787
2017-12-03,0.3655744316335787
2017-12-04,0.3733059047721632
2017-12-05,0.3830063542617139
2017-12-06,0.3621686954463541
2017-12-07,0.34291451964607345
2017-12-08,0.3584085446587817
2017-12-09,0.3584085446587817
2017-12-10,0.3584085446587817
2017-12-11,0.3989623071552566
2017-12-12,0.38524664522928354
2017-12-13,0.40444252736371733
2017-12-14,0.3981026126411513
2017-12-15,0.3820354326530222
2017-12-16,0.3820354326530222
2017-12-17,0.3820354326530222
2017-12-18,0.40133705854257595
2017-12-19,0.40841032963565493
2017-12-20,0.4102307730925845
2017-12-21,0.42156125030002234
2017-12-22,0.42312291558702064
2017-12-23,0.42312291558702064
2017-12-24,0.42312291558702064
2017-12-25,0.42995936780171595
2017-12-26,0.41892270777652296
2017-12-27,0.4017859748046322
2017-12-28,0.4149163610649007
2017-12-29,0.422071298547654
2017-12-30,0.422071298547654
2017-12-31,0.422071298547654
2018-01-01,0.422071298547654
2018-01-02,0.4317506225569465
2018-01-03,0.43347566409125915
2018-01-04,0.4591048651344396
2018-01-05,0.4636440604442331
2018-01-06,0.4636440604442331
2018-01-07,0.4636440604442331
2018-01-08,0.49123037001331715
2018-01-09,0.5044847697191912
2018-01-10,0.5184686194640817
2018-01-11,0.49569354483598205
2018-01-12,0.5109196402062894
2018-01-13,0.5109196402062894
2018-01-14,0.5109196402062894
2018-01-15,0.49544081988393973
2018-01-16,0.49202568598652285
2018-01-17,0.4827558742264457
2018-01-18,0.4828623136160941
2018-01-19,0.48679975174098833
2018-01-20,0.48679975174098833
2018-01-21,0.48679975174098833
2018-01-22,0.5260917969961099
2018-01-23,0.538365302326949
2018-01-24,0.5325770039617215
2018-01-25,0.5375452302107666
2018-01-26,0.5448346779750297
2018-01-27,0.5448346779750297
2018-01-28,0.5448346779750297
2018-01-29,0.5272870014685538
2018-01-30,0.5205587397636267
2018-01-31,0.5274629233016179
2018-02-01,0.5260131180766003
2018-02-02,0.557618386837273
2018-02-03,0.557618386837273
2018-02-04,0.557618386837273
2018-02-05,0.5401062704850519
2018-02-06,0.4938534648559798
2018-02-07,0.45563910679905817
2018-02-08,0.4373671399433783
2018-02-09,0.3937453635716692
2018-02-10,0.3937453635716692
2018-02-11,0.3937453635716692
2018-02-12,0.422705501473035
2018-02-13,0.4435423123692259
2018-02-14,0.4651057458641592
2018-02-15,0.4651057458641592
2018-02-16,0.4651057458641592
2018-02-17,0.4651057458641592
2018-02-18,0.4651057458641592
2018-02-19,0.4651057458641592
2018-02-20,0.4651057458641592
2018-02-21,0.4651057458641592
2018-02-22,0.5039996913993408
2018-02-23,0.5054432651499177
2018-02-24,0.5054432651499177
2018-02-25,0.5054432651499177
2018-02-26,0.5234159191409768
2018-02-27,0.4817964159151795
2018-02-28,0.4710811246489903
2018-03-01,0.4811591806496607
2018-03-02,0.4789064020368785
2018-03-03,0.4789064020368785
2018-03-04,0.4789064020368785
2018-03-05,0.4662598046261075
2018-03-06,0.4815463797730877
2018-03-07,0.475273605700576
2018-03-08,0.4997488128749563
2018-03-09,0.5089342326098991
2018-03-10,0.5089342326098991
2018-03-11,0.5089342326098991
2018-03-12,0.5222512279207567
2018-03-13,0.5154269789917398
2018-03-14,0.5174022080950718
2018-03-15,0.5246126860610307
2018-03-16,0.5058667919985174
2018-03-17,0.5058667919985174
2018-03-18,0.5058667919985174
2018-03-19,0.49348128641687006
2018-03-20,0.4996936745007019
2018-03-21,0.48929843935080464
2018-03-22,0.4746738505343404
2018-03-23,0.4457280675283539
2018-03-24,0.4457280675283539
2018-03-25,0.4457280675283539
2018-03-26,0.41950519632474403
2018-03-27,0.41938867790903034
2018-03-28,0.386336497505668
2018-03-29,0.41112771005851356
2018-03-30,0.4201347367977746
2018-03-31,0.4201347367977746
2018-04-01,0.4201347367977746
2018-04-02,0.4019172387800878
2018-04-03,0.4046685359441955
2018-04-04,0.40005709471531725
2018-04-05,0.40005709471531725
2018-04-06,0.40005709471531725
2018-04-07,0.40005709471531725
2018-04-08,0.40005709471531725
2018-04-09,0.39725503715461263
2018-04-10,0.433288110343534
2018-04-11,0.4361098277758888
2018-04-12,0.4303905287494638
2018-04-13,0.416196253504731
2018-04-14,0.416196253504731
2018-04-15,0.416196253504731
2018-04-16,0.4017100991459919
2018-04-17,0.362368649337671
2018-04-18,0.3796327620460065
2018-04-19,0.4002339027715778
2018-04-20,0.39014572196822095
2018-04-21,0.39014572196822095
2018-04-22,0.39014572196822095
2018-04-23,0.39494065600261097
2018-04-24,0.42669541786675236
2018-04-25,0.4340020991683202
2018-04-26,0.4048292947074801
2018-04-27,0.41309695037444527
2018-04-28,0.41309695037444527
2018-04-29,0.41309695037444527
2018-04-30,0.41309695037444527
2018-05-01,0.41309695037444527
2018-05-02,0.4321116266182383
2018-05-03,0.43871031366851
2018-05-04,0.431708700904605
2018-05-05,0.431708700904605
2018-05-06,0.431708700904605
2018-05-07,0.45407537688725097
2018-05-08,0.46673579661086784
2018-05-09,0.4643735467443808
2018-05-10,0.49176089035481585
2018-05-11,0.48045806121796786
2018-05-12,0.48045806121796786
2018-05-13,0.48045806121796786
2018-05-14,0.4965294575812176
2018-05-15,0.511474615187665
2018-05-16,0.5049266609252603
2018-05-17,0.4923444537212476
2018-05-18,0.498440736226927
2018-05-19,0.498440736226927
2018-05-20,0.498440736226927
2018-05-21,0.5072369827959815
2018-05-22,0.5124395076542216
2018-05-23,0.4867346933748258
2018-05-24,0.47760326099494477
2018-05-25,0.475922786032803
2018-05-26,0.475922786032803
2018-05-27,0.475922786032803
2018-05-28,0.49254643253177144
2018-05-29,0.4806758488176879
2018-05-30,0.46085663169242364
2018-05-31,0.49400998909415494
2018-06-01,0.4825164311739767
2018-06-02,0.4825164311739767
2018-06-03,0.4825164311739767
2018-06-04,0.5047996519154974
2018-06-05,0.5253832454650915
2018-06-06,0.5432059650759453
2018-06-07,0.5446005192172239
2018-06-08,0.5242576583723084
2018-06-09,0.5242576583723084
2018-06-10,0.5242576583723084
2018-06-11,0.5125991644140218
2018-06-12,0.5580738965103385
2018-06-13,0.5448041337591045
2018-06-14,0.5283429893372769
2018-06-15,0.5223344735829025
2018-06-16,0.5223344735829025
2018-06-17,0.5223344735829025
2018-06-18,0.5223344735829025
2018-06-19,0.469992144701467
2018-06-20,0.49238226103489713
2018-06-21,0.47979054093083606
2018-06-22,0.48678907600930144
2018-06-23,0.48678907600930144
2018-06-24,0.48678907600930144
2018-06-25,0.4775602527817373
2018-06-26,0.4509899022470496
2018-06-27,0.4124182493367954
2018-06-28,0.38846337992985847
2018-06-29,0.4320589126997052
2018-06-30,0.4320589126997052
2018-07-01,0.4320589126997052
2018-07-02,0.40451552724920803
2018-07-03,0.37954927778679703
2018-07-04,0.3558260725025897
2018-07-05,0.3369366168194057
2018-07-06,0.34470063556172525
2018-07-07,0.34470063556172525
2018-07-08,0.34470063556172525
2018-07-09,0.4027666218185115
2018-07-10,0.41368459990247275
2018-07-11,0.39439841632166406
2018-07-12,0.4325396642652808
2018-07-13,0.45697110553321596
2018-07-14,0.45697110553321596
2018-07-15,0.45697110553321596
2018-07-16,0.4561976727289665
2018-07-17,0.4354198580277351
2018-07-18,0.4205829358931841
2018-07-19,0.4350452060463943
2018-07-20,0.45008272818258344
2018-07-21,0.45008272818258344
2018-07-22,0.45008272818258344
2018-07-23,0.44754445716085356
2018-07-24,0.4814436396690578
2018-07-25,0.48063023838644825
2018-07-26,0.4614400371188798
2018-07-27,0.46477177853500695
2018-07-28,0.46477177853500695
2018-07-29,0.46477177853500695
2018-07-30,0.4561310648065986
2018-07-31,0.4507253610988722
2018-08-01,0.4091040777838586
2018-08-02,0.3803854648200673
2018-08-03,0.3412144617153632
2018-08-04,0.3412144617153632
2018-08-05,0.3412144617153632
2018-08-06,0.31337214291685767
2018-08-07,0.34893219358140604
2018-08-08,0.31700141140139926
2018-08-09,0.3609833257828339
2018-08-10,0.3647155491572167
2018-08-11,0.3647155491572167
2018-08-12,0.3647155491572167
2018-08-13,0.36853088462137507
2018-08-14,0.35742105283153247
2018-08-15,0.31500086416049067
2018-08-16,0.3000866950125698
2018-08-17,0.27658248498921534
2018-08-18,0.27658248498921534
2018-08-19,0.27658248498921534
2018-08-20,0.29708040115554435
2018-08-21,0.33239596630860846
2018-08-22,0.3192117805731751
2018-08-23,0.3180349655502066
2018-08-24,0.3033328020795669
2018-08-25,0.3033328020795669
2018-08-26,0.3033328020795669
2018-08-27,0.3489221667964606
2018-08-28,0.3402234375064075
2018-08-29,0.3311180005635339
2018-08-30,0.3139726855633076
2018-08-31,0.2966214093506281
2018-09-01,0.2966214093506281
2018-09-02,0.2966214093506281
2018-09-03,0.2843771168155942
2018-09-04,0.30109843352573185
2018-09-05,0.2769731050940696
2018-09-06,0.25254043131915727
2018-09-07,0.2555175898001665
2018-09-08,0.2555175898001665
2018-09-09,0.2555175898001665
2018-09-10,0.23127630104197272
2018-09-11,0.22051418241280718
2018-09-12,0.19186462883638078
2018-09-13,0.20572721815713657
2018-09-14,0.21687703120310076
2018-09-15,0.21687703120310076
2018-09-16,0.21687703120310076
2018-09-17,0.208451599089861
2018-09-18,0.23919429153743876
2018-09-19,0.2619491707235915
2018-09-20,0.26351909842107957
2018-09-21,0.3101346194033261
2018-09-22,0.3101346194033261
2018-09-23,0.3101346194033261
2018-09-24,0.3101346194033261
2018-09-25,0.29704840375566977
2018-09-26,0.3196809257983757
2018-09-27,0.3183162361980485
2018-09-28,0.3281884795840597
2018-09-29,0.3281884795840597
2018-09-30,0.3281884795840597
2018-10-01,0.3281884795840597
2018-10-02,0.3281884795840597
2018-10-03,0.3281884795840597
2018-10-04,0.3281884795840597
2018-10-05,0.3281884795840597
2018-10-06,0.3281884795840597
2018-10-07,0.3281884795840597
2018-10-08,0.24751483592960688
2018-10-09,0.2564738459446432
2018-10-10,0.25814627878130536
2018-10-11,0.20240896136646525
2018-10-12,0.24297019986308244
2018-10-13,0.24297019986308244
2018-10-14,0.24297019986308244
2018-10-15,0.22108849734499625
2018-10-16,0.20284747696065164
2018-10-17,0.20090556850968966
2018-10-18,0.1645022102005398
2018-10-19,0.20187811787718446
2018-10-20,0.20187811787718446
2018-10-21,0.20187811787718446
2018-10-22,0.2644779190717603
2018-10-23,0.23190136674869533
2018-10-24,0.211933927760803
2018-10-25,0.1934157994780512
2018-10-26,0.1774620781751779
2018-10-27,0.1774620781751779
2018-10-28,0.1774620781751779
2018-10-29,0.11879540638172559
2018-10-30,0.1318292015009368
2018-10-31,0.17820907605315583
2018-11-01,0.19108585765186126
2018-11-02,0.2486415919539371
2018-11-03,0.2486415919539371
2018-11-04,0.2486415919539371
2018-11-05,0.23005444998256053
2018-11-06,0.21985233416439853
2018-11-07,0.21147190935312077
2018-11-08,0.2081172085610279
2018-11-09,0.1938722174232581
2018-11-10,0.1938722174232581
2018-11-11,0.1938722174232581
2018-11-12,0.20594744224842687
2018-11-13,0.21439368747635634
2018-11-14,0.2010639908843994
2018-11-15,0.20602725345187056
2018-11-16,0.1931846238581405
2018-11-17,0.1931846238581405
2018-11-18,0.1931846238581405
2018-11-19,0.19923056213423673
2018-11-20,0.1750777940862136
2018-11-21,0.1792397953312117
2018-11-22,0.17444588703595953
2018-11-23,0.1493235886863713
2018-11-24,0.1493235886863713
2018-11-25,0.1493235886863713
2018-11-26,0.14552757613182665
2018-11-27,0.13979999522605113
2018-11-28,0.1595256391193267
2018-11-29,0.14976093207444507
2018-11-30,0.16267724355134905
2018-12-01,0.16267724355134905
2018-12-02,0.16267724355134905
2018-12-03,0.20138852452106182
2018-12-04,0.20828847042524368
2018-12-05,0.2031184530752994
2018-12-06,0.16943956231673551
2018-12-07,0.15405702767827845
2018-12-08,0.15405702767827845
2018-12-09,0.15405702767827845
2018-12-10,0.14568922908108517
2018-12-11,0.15576700622592932
2018-12-12,0.15735087147909388
2018-12-13,0.18824735431953754
2018-12-14,0.17112922665770514
2018-12-15,0.17112922665770514
2018-12-16,0.17112922665770514
2018-12-17,0.16713094320499655
2018-12-18,0.1553588604728704
2018-12-19,0.1327050452876002
2018-12-20,0.12479686715429872
2018-12-21,0.1059317619928275
2018-12-22,0.1059317619928275
2018-12-23,0.1059317619928275
2018-12-24,0.12222693069469526
2018-12-25,0.10985005335276843
2018-12-26,0.10655913807220196
2018-12-27,0.1081170768060431
2018-12-28,0.1121109279508441
2018-12-29,0.1121109279508441
2018-12-30,0.1121109279508441
2018-12-31,0.1121109279508441
2019-01-01,0.1121109279508441
2019-01-02,0.09275712677619952
2019-01-03,0.07635584928995742
2019-01-04,0.09985850171969735
2019-01-05,0.09985850171969735
2019-01-06,0.09985850171969735
2019-01-07,0.12072178193076799
2019-01-08,0.1217222629679191
2019-01-09,0.14300689751255335
2019-01-10,0.14109802995318188
2019-01-11,0.14604852748199226
2019-01-12,0.14604852748199226
2019-01-13,0.14604852748199226
2019-01-14,0.13931170689393424
2019-01-15,0.16768947369047393
2019-01-16,0.1707986836785409
2019-01-17,0.17185917666911799
2019-01-18,0.1995170142404068
2019-01-19,0.1995170142404068
2019-01-20,0.1995170142404068
2019-01-21,0.21006069466147315
2019-01-22,0.18416576373124283
2019-01-23,0.18761045108671892
2019-01-24,0.19382028134724116
2019-01-25,0.20287132922184092
2019-01-26,0.20287132922184092
2019-01-27,0.20287132922184092
2019-01-28,0.1979985977521337
2019-01-29,0.20392693624590752
2019-01-30,0.19569012407998665
2019-01-31,0.20837072567571036
2019-02-01,0.23814974788169607
2019-02-02,0.23814974788169607
2019-02-03,0.23814974788169607
2019-02-04,0.23814974788169607
2019-02-05,0.23814974788169607
2019-02-06,0.23814974788169607
2019-02-07,0.23814974788169607
2019-02-08,0.23814974788169607
2019-02-09,0.23814974788169607
2019-02-10,0.23814974788169607
2019-02-11,0.26625076705687456
2019-02-12,0.2754748605950508
2019-02-13,0.3010130163584708
2019-02-14,0.30772957461333394
2019-02-15,0.27900847563879516
2019-02-16,0.27900847563879516
2019-02-17,0.27900847563879516
2019-02-18,0.32017626445485226
2019-02-19,0.31631266492542554
2019-02-20,0.3207896916147239
2019-02-21,0.32041041682085836
2019-02-22,0.33917214628791514
2019-02-23,0.33917214628791514
2019-02-24,0.33917214628791514
2019-02-25,0.3890847842900742
2019-02-26,0.377278795432364
2019-02-27,0.36320747343881177
2019-02-28,0.3758963227237868
2019-03-01,0.39758887434559465
2019-03-02,0.39758887434559465
2019-03-03,0.39758887434559465
2019-03-04,0.4224235283878437
2019-03-05,0.41898469185653386
2019-03-06,0.42975324251392477
2019-03-07,0.4052548365660007
2019-03-08,0.3589891823961917
2019-03-09,0.3589891823961917
2019-03-10,0.3589891823961917
2019-03-11,0.38852940746731623
2019-03-12,0.39926978317036244
2019-03-13,0.3813859596287701
2019-03-14,0.3859624510674913
2019-03-15,0.4122556506026456
2019-03-16,0.4122556506026456
2019-03-17,0.4122556506026456
2019-03-18,0.45679811987822827
2019-03-19,0.44453939230986284
2019-03-20,0.4423290070128836
2019-03-21,0.4443066644375109
2019-03-22,0.4412922492966562
2019-03-23,0.4412922492966562
2019-03-24,0.4412922492966562
2019-03-25,0.4018007794602565
2019-03-26,0.3932343374142864
2019-03-27,0.4327907335822623
2019-03-28,0.427060859304188
2019-03-29,0.47602651746436986
2019-03-30,0.47602651746436986
2019-03-31,0.47602651746436986
2019-04-01,0.5141414385340284
2019-04-02,0.5157570282530546
2019-04-03,0.5239696809178704
2019-04-04,0.5419794861734293
2019-04-05,0.5419794861734293
2019-04-06,0.5419794861734293
2019-04-07,0.5419794861734293
2019-04-08,0.5689620564515074
2019-04-09,0.5941741994766956
2019-04-10,0.6052464796973147
2019-04-11,0.547562106772685
2019-04-12,0.5407459380086279
2019-04-13,0.5407459380086279
2019-04-14,0.5407459380086279
2019-04-15,0.5401361590558464
2019-04-16,0.5704610786897701
2019-04-17,0.5651493667259853
2019-04-18,0.5652137435572908
2019-04-19,0.5949999142062163
2019-04-20,0.5949999142062163
2019-04-21,0.5949999142062163
2019-04-22,0.5582050178762561
2019-04-23,0.5545335916606107
2019-04-24,0.5511285039065161
2019-04-25,0.5113599465316139
2019-04-26,0.4959406918851681
2019-04-27,0.4959406918851681
2019-04-28,0.4959406918851681
2019-04-29,0.5046248759466474
2019-04-30,0.5030343242683581
2019-05-01,0.5030343242683581
2019-05-02,0.5030343242683581
2019-05-03,0.5030343242683581
2019-05-04,0.5030343242683581
2019-05-05,0.5030343242683581
2019-05-06,0.4081621444206067
2019-05-07,0.4384323552411573
2019-05-08,0.41158421265443157
2019-05-09,0.37297603728715534
2019-05-10,0.4296389568209682
2019-05-11,0.4296389568209682
2019-05-12,0.4296389568209682
2019-05-13,0.4134658684447856
2019-05-14,0.4090171017977742
2019-05-15,0.46501265070880593
2019-05-16,0.4753720923293656
2019-05-17,0.43951099976266494
2019-05-18,0.43951099976266494
2019-05-19,0.43951099976266494
2019-05-20,0.41650223982571544
2019-05-21,0.43794863833056796
2019-05-22,0.4219782938791812
2019-05-23,0.3904152301423829
2019-05-24,0.4003018698172831
2019-05-25,0.4003018698172831
2019-05-26,0.4003018698172831
2019-05-27,0.41273137856488473
2019-05-28,0.4288722118862829
2019-05-29,0.42909939228604843
2019-05-30,0.41991348859183364
2019-05-31,0.4100250063230697
2019-06-01,0.4100250063230697
2019-06-02,0.4100250063230697
2019-06-03,0.4081442922060383
2019-06-04,0.37695024821758527
2019-06-05,0.37998206927810574
2019-06-06,0.3717397547759558
2019-06-07,0.3717397547759558
2019-06-08,0.3717397547759558
2019-06-09,0.3717397547759558
2019-06-10,0.40166303586184116
2019-06-11,0.4562636523560013
2019-06-12,0.44168601513730765
2019-06-13,0.4306750442603864
2019-06-14,0.4200232472041421
2019-06-15,0.4200232472041421
2019-06-16,0.4200232472041421
2019-06-17,0.4087318377044773
2019-06-18,0.41119435855583153
2019-06-19,0.4342752962280214
2019-06-20,0.4775701581038483
2019-06-21,0.4766495435168947
2019-06-22,0.4766495435168947
2019-06-23,0.4766495435168947
2019-06-24,0.49952729701651144
2019-06-25,0.48779931017178413
2019-06-26,0.49163990509333844
2019-06-27,0.5140756543419602
2019-06-28,0.5138719063151171
2019-06-29,0.5138719063151171
2019-06-30,0.5138719063151171
2019-07-01,0.5717131466198875
2019-07-02,0.5756408180742518
2019-07-03,0.5493696095662308
2019-07-04,0.5223947278415348
2019-07-05,0.5602670152927038
2019-07-06,0.5602670152927038
2019-07-07,0.5602670152927038
2019-07-08,0.5352187469513541
2019-07-09,0.5319019541657355
2019-07-10,0.5301051480964509
2019-07-11,0.5203253291476713
2019-07-12,0.5346733839707394
2019-07-13,0.5346733839707394
2019-07-14,0.5346733839707394
2019-07-15,0.5395306594442475
2019-07-16,0.5247943123025691
2019-07-17,0.5282159604109107
2019-07-18,0.5150925025965363
2019-07-19,0.5196240805478438
2019-07-20,0.5196240805478438
2019-07-21,0.5196240805478438
2019-07-22,0.509578746748466
2019-07-23,0.5021075785274158
2019-07-24,0.5177005714171592
2019-07-25,0.5309988638988841
2019-07-26,0.5424825032515399
2019-07-27,0.5424825032515399
2019-07-28,0.5424825032515399
2019-07-29,0.5540143769068822
2019-07-30,0.54557576084648
2019-07-31,0.5313708456229005
2019-08-01,0.5220914793454932
2019-08-02,0.5078733216259017
2019-08-03,0.5078733216259017
2019-08-04,0.5078733216259017
2019-08-05,0.4756097294912054
2019-08-06,0.4852220751327996
2019-08-07,0.48739918370494295
2019-08-08,0.5049560462887106
2019-08-09,0.4952621728290558
2019-08-10,0.4952621728290558
2019-08-11,0.4952621728290558
2019-08-12,0.5232966699126531
2019-08-13,0.5167557459441046
2019-08-14,0.5316768774388878
2019-08-15,0.5331466702425847
2019-08-16,0.5605568790840283
2019-08-17,0.5605568790840283
2019-08-18,0.5605568790840283
2019-08-19,0.5939271884440653
2019-08-20,0.5981051402693311
2019-08-21,0.5974304718493153
2019-08-22,0.606204323479411
2019-08-23,0.6295589980911789
2019-08-24,0.6295589980911789
2019-08-25,0.6295589980911789
2019-08-26,0.6122132711384145
2019-08-27,0.6359279076220901
2019-08-28,0.6407421801178623
2019-08-29,0.6524908690288456
2019-08-30,0.6663225461572624
2019-08-31,0.6663225461572624
2019-09-01,0.6663225461572624
2019-09-02,0.6833254335368146
2019-09-03,0.6775127470322844
2019-09-04,0.6737662646586347
2019-09-05,0.6834409579281375
2019-09-06,0.6927962861028492
2019-09-07,0.6927962861028492
2019-09-08,0.6927962861028492
2019-09-09,0.6896234632870366
2019-09-10,0.6956622660057339
2019-09-11,0.6514462258700371
2019-09-12,0.6672074154788821
2019-09-13,0.6672074154788821
2019-09-14,0.6672074154788821
2019-09-15,0.6672074154788821
2019-09-16,0.6715653328896813
2019-09-17,0.6577691979039559
2019-09-18,0.6827335183128243
2019-09-19,0.6829184726832589
2019-09-20,0.6950340091307663
2019-09-21,0.6950340091307663
2019-09-22,0.6950340091307663
2019-09-23,0.6680087330528395
2019-09-24,0.683526367295894
2019-09-25,0.6778557937839518
2019-09-26,0.6498461652436649
2019-09-27,0.6495966454449797
2019-09-28,0.6495966454449797
2019-09-29,0.6495966454449797
2019-09-30,0.6347980222409544
2019-10-01,0.6347980222409544
2019-10-02,0.6347980222409544
2019-10-03,0.6347980222409544
2019-10-04,0.6347980222409544
2019-10-05,0.6347980222409544
2019-10-06,0.6347980222409544
2019-10-07,0.6347980222409544
2019-10-08,0.656105360255421
2019-10-09,0.6605659507917234
2019-10-10,0.6787179622258912
2019-10-11,0.6906969773944149
2019-10-12,0.6906969773944149
2019-10-13,0.6906969773944149
2019-10-14,0.6978239516195057
2019-10-15,0.6935549857908303
2019-10-16,0.6934338296428386
2019-10-17,0.6967768118524942
2019-10-18,0.6837312118445342
2019-10-19,0.6837312118445342
2019-10-20,0.6837312118445342
2019-10-21,0.6869069866935176
2019-10-22,0.6981994524246908
2019-10-23,0.6835976125974255
2019-10-24,0.6796609931779225
2019-10-25,0.7114781144546027
2019-10-26,0.7114781144546027
2019-10-27,0.7114781144546027
2019-10-28,0.7206506716173096
2019-10-29,0.7314474794944876
2019-10-30,0.7230419240807875
2019-10-31,0.7131407520545845
2019-11-01,0.7417412066038769
2019-11-02,0.7417412066038769
2019-11-03,0.7417412066038769
2019-11-04,0.754343638962699
2019-11-05,0.7651365706624129
2019-11-06,0.7542794885905293
2019-11-07,0.7633713738754162
2019-11-08,0.7666508224733735
2019-11-09,0.7666508224733735
2019-11-10,0.7666508224733735
2019-11-11,0.7336504631574581
2019-11-12,0.7255737163234919
2019-11-13,0.7377068489083587
2019-11-14,0.7421035305448724
2019-11-15,0.7308249530877353
2019-11-16,0.7308249530877353
2019-11-17,0.7308249530877353
2019-11-18,0.7361279941875423
2019-11-19,0.7630514056784619
2019-11-20,0.7550512592616216
2019-11-21,0.7413176111091415
2019-11-22,0.7080068938094826
2019-11-23,0.7080068938094826
2019-11-24,0.7080068938094826
2019-11-25,0.7089007162918266
2019-11-26,0.7302396965973132
2019-11-27,0.7203983349911474
2019-11-28,0.7153562440929755
2019-11-29,0.6845076320998842
2019-11-30,0.6845076320998842
2019-12-01,0.6845076320998842
2019-12-02,0.6816482089134037
2019-12-03,0.6808712229595193
2019-12-04,0.6813229956493474
2019-12-05,0.6906621038803196
2019-12-06,0.7084973272920554
2019-12-07,0.7084973272920554
2019-12-08,0.7084973272920554
2019-12-09,0.7225761412236045
2019-12-10,0.7301238757635027
2019-12-11,0.7206724143103465
2019-12-12,0.7031302571330083
2019-12-13,0.7228213484902215
2019-12-14,0.7228213484902215
2019-12-15,0.7228213484902215
2019-12-16,0.7417286636236264
2019-12-17,0.7533811900156171
2019-12-18,0.7484037096215617
2019-12-19,0.7422360696062724
2019-12-20,0.730374697457167
2019-12-21,0.730374697457167
2019-12-22,0.730374697457167
2019-12-23,0.7012142535089212
2019-12-24,0.7094407041595676
2019-12-25,0.7177446115030388
2019-12-26,0.7167569574146715
2019-12-27,0.7087061290003769
2019-12-28,0.7087061290003769
2019-12-29,0.7087061290003769
2019-12-30,0.7368647724211095
2019-12-31,0.7501850936261769
2020-01-01,0.7501850936261769
2020-01-02,0.7736350355095696
2020-01-03,0.747586002833827
2020-01-04,0.747586002833827
2020-01-05,0.747586002833827
2020-01-06,0.7287096552149297
2020-01-07,0.7643629515549806
2020-01-08,0.7368000044636562
2020-01-09,0.7687011478639125
2020-01-10,0.7919693976506696
2020-01-11,0.7919693976506696
2020-01-12,0.7919693976506696
2020-01-13,0.8164830914335057
2020-01-14,0.8043618635112304
2020-01-15,0.8057856403738513
2020-01-16,0.8032792596979037
2020-01-17,0.8165138106176699
2020-01-18,0.8165138106176699
2020-01-19,0.8165138106176699
2020-01-20,0.8395586519557956
2020-01-21,0.8193057430971564
2020-01-22,0.8291388360499334
2020-01-23,0.7979208598416947
2020-01-24,0.7979208598416947
2020-01-25,0.7979208598416947
2020-01-26,0.7979208598416947
2020-01-27,0.7979208598416947
2020-01-28,0.7979208598416947
2020-01-29,0.7979208598416947
2020-01-30,0.7979208598416947
2020-01-31,0.7979208598416947
2020-02-01,0.7979208598416947
2020-02-02,0.7979208598416947
2020-02-03,0.6800455164039692
2020-02-04,0.7305986964600335
2020-02-05,0.7607049501791914
2020-02-06,0.8008392025668367
2020-02-07,0.80033957365822
2020-02-08,0.80033957365822
2020-02-09,0.80033957365822
2020-02-10,0.8156518167655635
2020-02-11,0.8341655833280044
2020-02-12,0.850378699727447
2020-02-13,0.8332847695137602
2020-02-14,0.837692585744467
2020-02-15,0.837692585744467
2020-02-16,0.837692585744467
2020-02-17,0.8707886952441675
2020-02-18,0.8449145443595372
2020-02-19,0.8483366932767136
2020-02-20,0.8776227294134826
2020-02-21,0.8717452407080666
2020-02-22,0.8717452407080666
2020-02-23,0.8717452407080666
2020-02-24,0.8761598807891156
2020-02-25,0.8611545766754218
2020-02-26,0.8409598526143687
2020-02-27,0.8727770227684688
2020-02-28,0.8155456778742922
2020-02-29,0.8155456778742922
2020-03-01,0.8155456778742922
2020-03-02,0.8801666802405854
2020-03-03,0.9045667228257235
2020-03-04,0.8998671269667673
2020-03-05,0.9477871934906981
2020-03-06,0.9254994305254054
2020-03-07,0.9254994305254054
2020-03-08,0.9254994305254054
2020-03-09,0.8508796156198637
2020-03-10,0.8950368803190365
2020-03-11,0.8712969440725156
2020-03-12,0.8255367475624917
2020-03-13,0.7984748551094987
2020-03-14,0.7984748551094987
2020-03-15,0.7984748551094987
2020-03-16,0.7229753489527839
2020-03-17,0.6993307898071868
2020-03-18,0.6921454736232118
2020-03-19,0.6554890271038283
2020-03-20,0.7051917040209241
2020-03-21,0.7051917040209241
2020-03-22,0.7051917040209241
2020-03-23,0.6808358108459049
2020-03-24,0.7327823615917715
2020-03-25,0.7890988614789927
2020-03-26,0.8017388538559933
2020-03-27,0.8203409772730672
2020-03-28,0.8203409772730672
2020-03-29,0.8203409772730672
2020-03-30,0.819700827896573
2020-03-31,0.8634612503924091
2020-04-01,0.8511767598306306
2020-04-02,0.882516799412203
2020-04-03,0.9015311755465556
2020-04-04,0.9015311755465556
2020-04-05,0.9015311755465556
2020-04-06,0.9015311755465556
2020-04-07,0.9719959830032818
2020-04-08,0.95357651378342
2020-04-09,0.9621483472491115
2020-04-10,0.9493064703182312
2020-04-11,0.9493064703182312
2020-04-12,0.9493064703182312
2020-04-13,0.9401705697123435
2020-04-14,0.9844979650169907
2020-04-15,0.9641141298823042
2020-04-16,0.9665918197560524
2020-04-17,0.9751661258394604
2020-04-18,0.9751661258394604
2020-04-19,0.9751661258394604
2020-04-20,0.9953707111792953
2020-04-21,0.9684950457502821
2020-04-22,0.9951063394464192
2020-04-23,0.9906252889789764
2020-04-24,0.9770146275833071
2020-04-25,0.9770146275833071
2020-04-26,0.9770146275833071
2020-04-27,1.0033861739799268
2020-04-28,1.0378714487032994
2020-04-29,1.0128374320380447
2020-04-30,1.004089327313788
2020-05-01,1.004089327313788
2020-05-02,1.004089327313788
2020-05-03,1.004089327313788
2020-05-04,1.004089327313788
2020-05-05,1.004089327313788
2020-05-06,1.0337070978987306
2020-05-07,1.0512846889405263
2020-05-08,1.0682432369991006
2020-05-09,1.0682432369991006
2020-05-10,1.0682432369991006
2020-05-11,1.050682558188078
2020-05-12,1.0645804645841475
2020-05-13,1.0829500619991799
2020-05-14,1.0605400653548136
2020-05-15,1.0520982229637061
2020-05-16,1.0520982229637061
2020-05-17,1.0520982229637061
2020-05-18,1.0587680054051312
2020-05-19,1.0705139521270595
2020-05-20,1.0605663542828925
2020-05-21,1.0571599671977157
2020-05-22,0.9979021219471187
2020-05-23,0.9979021219471187
2020-05-24,0.9979021219471187
2020-05-25,1.0091630702441394
2020-05-26,1.0360141670995917
2020-05-27,1.0089521310498455
2020-05-28,1.00120930792299
2020-05-29,1.0134066070010337
2020-05-30,1.0134066070010337
2020-05-31,1.0134066070010337
2020-06-01,1.0746618231290017
2020-06-02,1.0704903691174952
2020-06-03,1.0632330510923231
2020-06-04,1.0673315566384525
2020-06-05,1.0825102890741483
2020-06-06,1.0825102890741483
2020-06-07,1.0825102890741483
2020-06-08,1.0706809350858508
2020-06-09,1.0961878408559214
2020-06-10,1.1075488866960082
2020-06-11,1.0712165082852492
2020-06-12,1.079273299436415
2020-06-13,1.079273299436415
2020-06-14,1.079273299436415
2020-06-15,1.0735526614722635
2020-06-16,1.0943671116160893
2020-06-17,1.1009083743628998
2020-06-18,1.1031562354567748
2020-06-19,1.148625171203312
2020-06-20,1.148625171203312
2020-06-21,1.148625171203312
2020-06-22,1.1514906834996639
2020-06-23,1.1744929312863621
2020-06-24,1.1890759807603333
2020-06-25,1.1890759807603333
2020-06-26,1.1890759807603333
2020-06-27,1.1890759807603333
2020-06-28,1.1890759807603333
2020-06-29,1.1780054818904482
2020-06-30,1.1873547819877266
2020-07-01,1.2248184275493794
2020-07-02,1.2481224182293356
2020-07-03,1.2665748337923435
2020-07-04,1.2665748337923435
2020-07-05,1.2665748337923435
2020-07-06,1.3340407986272296
2020-07-07,1.381924902795217
2020-07-08,1.4008085969888588
2020-07-09,1.4458265222446132
2020-07-10,1.434900896623268
2020-07-11,1.434900896623268
2020-07-12,1.434900896623268
2020-07-13,1.4964465339854232
2020-07-14,1.4895697415274745
2020-07-15,1.5026914813641108
2020-07-16,1.3587554310833485
2020-07-17,1.395345068102368
2020-07-18,1.395345068102368
2020-07-19,1.395345068102368
2020-07-20,1.4429554928623913
2020-07-21,1.4699198590670304
2020-07-22,1.4778086306945206
2020-07-23,1.476785253392261
2020-07-24,1.3723514811119681
2020-07-25,1.3723514811119681
2020-07-26,1.3723514811119681
2020-07-27,1.3978590182396373
2020-07-28,1.4460893285771181
2020-07-29,1.490511434950832
2020-07-30,1.4839634110246611
2020-07-31,1.5040151322677282
2020-08-01,1.5040151322677282
2020-08-02,1.5040151322677282
2020-08-03,1.5110732459362328
2020-08-04,1.507568879970766
2020-08-05,1.5072803672161368
2020-08-06,1.4783608874829497
2020-08-07,1.464495718050118
2020-08-08,1.464495718050118
2020-08-09,1.464495718050118
2020-08-10,1.4676599487247266
2020-08-11,1.4646002504854674
2020-08-12,1.440160217997243
2020-08-13,1.4284373369187349
2020-08-14,1.4675863117580272
2020-08-15,1.4675863117580272
2020-08-16,1.4675863117580272
2020-08-17,1.5115986528310081
2020-08-18,1.5290206775398252
2020-08-19,1.5155239770676614
2020-08-20,1.4880324728952457
2020-08-21,1.5144189319900363
2020-08-22,1.5144189319900363
2020-08-23,1.5144189319900363
2020-08-24,1.5459010865464573
2020-08-25,1.5736044498015231
2020-08-26,1.5587367111667527
2020-08-27,1.5888929185865255
2020-08-28,1.6368295199030753
2020-08-29,1.6368295199030753
2020-08-30,1.6368295199030753
2020-08-31,1.6178853080486455
2020-09-01,1.6409121850477821
2020-09-02,1.6552607919106137
2020-09-03,1.6121543207871993
2020-09-04,1.549386804232697
2020-09-05,1.549386804232697
2020-09-06,1.549386804232697
2020-09-07,1.4725205531189354
2020-09-08,1.4961400203553605
2020-09-09,1.4167238653374392
2020-09-10,1.4320644234777715
2020-09-11,1.4581263025069573
2020-09-12,1.4581263025069573
2020-09-13,1.4581263025069573
2020-09-14,1.4491991709358136
2020-09-15,1.4667831048716886
2020-09-16,1.4297540381252158
2020-09-17,1.3896477717573545
2020-09-18,1.4558901779759563
2020-09-19,1.4558901779759563
2020-09-20,1.4558901779759563
2020-09-21,1.4339159561937525
2020-09-22,1.4142947257475167
2020-09-23,1.4244918472899357
2020-09-24,1.3840024864358713
2020-09-25,1.3911226233552734
2020-09-26,1.3911226233552734
2020-09-27,1.3911226233552734
2020-09-28,1.3928553059114144
2020-09-29,1.4204310521762427
2020-09-30,1.4216800221392756
2020-10-01,1.4216800221392756
2020-10-02,1.4216800221392756
2020-10-03,1.4216800221392756
2020-10-04,1.4216800221392756
2020-10-05,1.4216800221392756
2020-10-06,1.4216800221392756
2020-10-07,1.4216800221392756
2020-10-08,1.4216800221392756
2020-10-09,1.4786430202817868
2020-10-10,1.4786430202817868
2020-10-11,1.4786430202817868
2020-10-12,1.5553374082254505
2020-10-13,1.571706417356268
2020-10-14,1.5444862793800627
2020-10-15,1.5307983502532738
2020-10-16,1.5216303841360261
2020-10-17,1.5216303841360261
2020-10-18,1.5216303841360261
2020-10-19,1.4737324191893344
2020-10-20,1.5000223179468493
2020-10-21,1.479902172345914
2020-10-22,1.4647242434930896
2020-10-23,1.4025990650118092
2020-10-24,1.4025990650118092
2020-10-25,1.4025990650118092
2020-10-26,1.4102815942547946
2020-10-27,1.4225419054944402
2020-10-28,1.445853244551568
2020-10-29,1.4679390381556963
2020-10-30,1.4025538795161423
